operation_date,pickup_zone_id,service_type,trip_requests,completed_trips,cancellation_rate,avg_response_minutes,surge_trip_share
2026-01-01,ZON-015,bike_taxi,6,5,0.1666666666666667,2.844444444444444,0.8333333333333333
2026-01-01,ZON-017,mini,8,6,0.1250000000000000,3.047619047619048,0.5000000000000000
2026-01-01,ZON-117,bike_taxi,6,4,0.1666666666666667,3.8066666666666666,0.6666666666666667
2026-01-01,ZON-113,mini,7,4,0.2857142857142857,3.7527777777777778,0.5714285714285714
2026-01-01,ZON-112,bike_taxi,5,4,0E-16,4.029166666666667,0.8000000000000000
2026-01-01,ZON-120,bike_taxi,6,6,0E-16,3.211111111111111,0.5000000000000000
2026-01-01,ZON-042,sedan,7,5,0.2857142857142857,3.95,0.2857142857142857
2026-01-01,ZON-011,bike_taxi,6,1,0.8333333333333333,3.155555555555556,0.3333333333333333
2026-01-01,ZON-114,mini,6,4,0.1666666666666667,4.16,0.6666666666666667
2026-01-01,ZON-050,auto,7,6,0.1428571428571429,4.15952380952381,0.8571428571428571
2026-01-01,ZON-041,bike_taxi,4,4,0E-16,3.654166666666667,0.7500000000000000
2026-01-01,ZON-080,mini,11,5,0.5454545454545455,3.0954545454545452,0.4545454545454545
2026-01-01,ZON-081,bike_taxi,4,4,0E-16,3.841666666666667,1.0000000000000000
2026-01-01,ZON-118,mini,8,6,0.2500000000000000,4.010416666666667,0.6250000000000000
2026-01-01,ZON-036,sedan,2,2,0E-16,3.325,1.0000000000000000
2026-01-01,ZON-082,auto,6,3,0.3333333333333333,3.99,0.6666666666666667
2026-01-01,ZON-043,bike_taxi,3,0,0.3333333333333333,6.833333333333333,0.3333333333333333
2026-01-02,ZON-067,mini,4,1,0.5000000000000000,4.444444444444445,0.7500000000000000
2026-01-02,ZON-028,auto,3,2,0.3333333333333333,3.561111111111111,0.3333333333333333
2026-01-02,ZON-011,auto,9,6,0.3333333333333333,3.312962962962963,0.4444444444444444
2026-01-02,ZON-048,mini,5,3,0.4000000000000000,4.006666666666667,0.6000000000000000
2026-01-02,ZON-024,auto,8,6,0.2500000000000000,3.36875,0.5000000000000000
2026-01-02,ZON-060,auto,8,5,0.2500000000000000,4.9642857142857135,0.5000000000000000
2026-01-02,ZON-047,mini,9,6,0.1111111111111111,3.7904761904761903,0.3333333333333333
2026-01-02,ZON-110,sedan,2,1,0.5000000000000000,1.6333333333333333,0E-16
2026-01-02,ZON-097,bike_taxi,4,3,0.2500000000000000,3.875,0.7500000000000000
2026-01-02,ZON-052,auto,8,5,0.3750000000000000,2.7291666666666665,1.0000000000000000
2026-01-02,ZON-106,sedan,4,3,0.2500000000000000,2.908333333333333,0.7500000000000000
2026-01-02,ZON-087,sedan,2,1,0.5000000000000000,1.6333333333333333,1.0000000000000000
2026-01-02,ZON-033,mini,6,4,0.1666666666666667,3.646666666666667,0.6666666666666667
2026-01-02,ZON-020,bike_taxi,5,3,0.4000000000000000,3.9566666666666666,0.4000000000000000
2026-01-03,ZON-009,auto,3,2,0E-16,4.141666666666667,0.6666666666666667
2026-01-03,ZON-059,mini,12,6,0.4166666666666667,3.5984848484848486,0.4166666666666667
2026-01-03,ZON-060,bike_taxi,6,3,0.3333333333333333,4.693333333333333,0.1666666666666667
2026-01-03,ZON-049,bike_taxi,7,6,0E-16,2.5805555555555557,0.7142857142857143
2026-01-03,ZON-109,mini,12,5,0.3333333333333333,2.9814814814814814,0.4166666666666667
2026-01-03,ZON-094,sedan,7,5,0.2857142857142857,3.4,1.0000000000000000
2026-01-03,ZON-079,auto,8,6,0E-16,3.6222222222222222,0.5000000000000000
2026-01-03,ZON-077,bike_taxi,8,6,0.2500000000000000,4.170833333333333,0.7500000000000000
2026-01-03,ZON-113,sedan,2,1,0.5000000000000000,5.608333333333333,0.5000000000000000
2026-01-03,ZON-028,sedan,2,2,0E-16,3.658333333333333,1.0000000000000000
2026-01-03,ZON-033,auto,2,2,0E-16,5.058333333333334,1.0000000000000000
2026-01-03,ZON-020,bike_taxi,3,1,0.3333333333333333,3.9916666666666667,0.3333333333333333
2026-01-04,ZON-028,sedan,8,6,0E-16,4.386111111111111,0.5000000000000000
2026-01-04,ZON-067,auto,6,5,0.1666666666666667,3.7083333333333335,0.6666666666666667
2026-01-04,ZON-022,mini,8,6,0.2500000000000000,3.4604166666666667,0.7500000000000000
2026-01-04,ZON-089,sedan,7,6,0E-16,4.541666666666667,1.0000000000000000
2026-01-04,ZON-087,auto,6,1,0.5000000000000000,3.3958333333333335,0.5000000000000000
2026-01-04,ZON-061,mini,6,3,0.3333333333333333,4.819999999999999,0.8333333333333333
2026-01-04,ZON-024,auto,8,5,0.1250000000000000,3.183333333333333,0.5000000000000000
2026-01-04,ZON-102,sedan,1,1,0E-16,0.9166666666666666,1.0000000000000000
2026-01-04,ZON-019,mini,7,6,0.1428571428571429,3.8714285714285714,0.7142857142857143
2026-01-04,ZON-073,mini,7,4,0.2857142857142857,2.6722222222222225,0.2857142857142857
2026-01-04,ZON-062,mini,5,4,0E-16,3.5375,0.4000000000000000
2026-01-04,ZON-106,bike_taxi,3,2,0.3333333333333333,1.8722222222222222,0.6666666666666667
2026-01-04,ZON-010,mini,6,3,0.3333333333333333,3.01,0.5000000000000000
2026-01-04,ZON-009,auto,7,3,0.4285714285714286,2.9166666666666665,0.8571428571428571
2026-01-04,ZON-001,bike_taxi,2,2,0E-16,3.5083333333333333,1.0000000000000000
2026-01-04,ZON-036,mini,8,5,0.3750000000000000,2.652083333333333,0.5000000000000000
2026-01-04,ZON-057,sedan,2,0,0.5000000000000000,4.1,1.0000000000000000
2026-01-05,ZON-021,bike_taxi,5,4,0.2000000000000000,3.4233333333333333,1.0000000000000000
2026-01-05,ZON-077,auto,6,4,0.1666666666666667,3.006666666666667,0.1666666666666667
2026-01-05,ZON-094,auto,8,6,0.2500000000000000,3.3875,0.5000000000000000
2026-01-05,ZON-071,sedan,6,2,0.3333333333333333,4.391666666666667,0.5000000000000000
2026-01-05,ZON-039,auto,9,8,0E-16,4.447916666666667,0.7777777777777778
2026-01-05,ZON-095,auto,5,3,0.2000000000000000,3.691666666666667,0.4000000000000000
2026-01-05,ZON-062,bike_taxi,2,2,0E-16,5.25,1.0000000000000000
2026-01-05,ZON-026,mini,8,5,0.3750000000000000,4.035416666666666,0.7500000000000000
2026-01-05,ZON-051,mini,8,7,0.1250000000000000,3.375,0.7500000000000000
2026-01-05,ZON-007,mini,9,8,0E-16,3.2416666666666667,0.5555555555555556
2026-01-05,ZON-067,sedan,6,4,0.3333333333333333,4.147222222222222,0.8333333333333333
2026-01-05,ZON-052,auto,4,3,0.2500000000000000,1.4416666666666667,0.7500000000000000
2026-01-05,ZON-117,bike_taxi,9,3,0.4444444444444444,3.2547619047619047,0.5555555555555556
2026-01-05,ZON-016,bike_taxi,3,2,0E-16,3.6416666666666666,0.6666666666666667
2026-01-05,ZON-085,bike_taxi,2,1,0E-16,4.333333333333333,0.5000000000000000
2026-01-05,ZON-075,sedan,6,4,0.1666666666666667,3.0933333333333333,0.3333333333333333
2026-01-05,ZON-104,bike_taxi,1,0,0E-16,,1.0000000000000000
2026-01-05,ZON-043,bike_taxi,5,4,0.2000000000000000,3.0833333333333335,0.8000000000000000
2026-01-04,ZON-070,bike_taxi,1,1,0E-16,1.2333333333333334,0E-16
2026-01-05,ZON-056,bike_taxi,6,2,0.5000000000000000,3.79,0.5000000000000000
2026-01-06,ZON-099,auto,5,3,0.4000000000000000,3.7233333333333336,0.2000000000000000
2026-01-06,ZON-006,bike_taxi,7,6,0E-16,3.386111111111111,0.4285714285714286
2026-01-06,ZON-090,mini,6,5,0E-16,4.533333333333333,0.3333333333333333
2026-01-06,ZON-120,bike_taxi,2,2,0E-16,4.883333333333334,1.0000000000000000
2026-01-06,ZON-098,mini,11,7,0.1818181818181818,3.096296296296296,0.2727272727272727
2026-01-06,ZON-088,bike_taxi,8,4,0.3750000000000000,4.530952380952381,0.7500000000000000
2026-01-06,ZON-039,sedan,4,2,0.2500000000000000,4.272222222222222,0.2500000000000000
2026-01-06,ZON-103,auto,6,4,0.3333333333333333,3.65,0.3333333333333333
2026-01-06,ZON-116,bike_taxi,5,1,0.8000000000000000,4.819999999999999,0.2000000000000000
2026-01-06,ZON-044,sedan,3,3,0E-16,1.4611111111111112,0.3333333333333333
2026-01-06,ZON-079,bike_taxi,2,1,0E-16,3.75,0.5000000000000000
2026-01-06,ZON-112,auto,8,5,0.3750000000000000,4.185416666666667,0.5000000000000000
2026-01-06,ZON-038,bike_taxi,4,3,0.2500000000000000,3.6708333333333334,1.0000000000000000
2026-01-06,ZON-041,bike_taxi,4,3,0E-16,4.344444444444445,0.5000000000000000
2026-01-06,ZON-033,mini,6,6,0E-16,3.8472222222222223,0.8333333333333333
2026-01-06,ZON-063,mini,7,5,0.1428571428571429,3.819444444444444,0.8571428571428571
2026-01-06,ZON-021,bike_taxi,4,2,0.5000000000000000,5.8125,1.0000000000000000
2026-01-06,ZON-015,mini,9,5,0.2222222222222222,3.0595238095238098,0.6666666666666667
2026-01-06,ZON-114,bike_taxi,8,4,0.1250000000000000,2.4033333333333333,0.2500000000000000
2026-01-06,ZON-101,mini,8,2,0.6250000000000000,4.752380952380952,0.6250000000000000
2026-01-06,ZON-010,auto,6,2,0.3333333333333333,3.7416666666666667,0.6666666666666667
2026-01-06,ZON-054,bike_taxi,6,3,0.1666666666666667,4.4875,0.6666666666666667
2026-01-06,ZON-087,sedan,2,1,0.5000000000000000,5.458333333333333,1.0000000000000000
2026-01-06,ZON-020,auto,3,3,0E-16,5.133333333333334,0.6666666666666667
2026-01-06,ZON-046,sedan,3,2,0E-16,4.65,0.3333333333333333
2026-01-06,ZON-100,bike_taxi,4,3,0.2500000000000000,5.325,0.7500000000000000
2026-01-06,ZON-023,mini,5,3,0.4000000000000000,4.546666666666667,0.4000000000000000
2026-01-06,ZON-057,mini,7,3,0.5714285714285714,3.838095238095238,0.5714285714285714
2026-01-07,ZON-020,sedan,4,4,0E-16,3.8291666666666666,0.7500000000000000
2026-01-07,ZON-076,sedan,7,3,0.4285714285714286,3.8472222222222223,0.5714285714285714
2026-01-07,ZON-064,bike_taxi,9,6,0.2222222222222222,3.964583333333333,0.4444444444444444
2026-01-07,ZON-086,sedan,7,4,0.2857142857142857,4.775,0.8571428571428571
2026-01-07,ZON-053,bike_taxi,8,6,0.2500000000000000,4.702083333333333,1.0000000000000000
2026-01-07,ZON-028,bike_taxi,8,5,0.3750000000000000,4.1875,0.6250000000000000
2026-01-07,ZON-088,sedan,3,1,0.6666666666666667,3.5833333333333335,1.0000000000000000
2026-01-07,ZON-092,mini,10,9,0E-16,4.342592592592593,0.7000000000000000
2026-01-07,ZON-101,auto,7,5,0.2857142857142857,4.152380952380953,0.4285714285714286
2026-01-07,ZON-106,sedan,3,2,0.3333333333333333,3.038888888888889,0E-16
2026-01-07,ZON-109,sedan,6,2,0.1666666666666667,4.183333333333334,0.3333333333333333
2026-01-07,ZON-084,auto,7,4,0.4285714285714286,3.623809523809524,0.4285714285714286
2026-01-07,ZON-114,mini,6,4,0.3333333333333333,3.9222222222222225,0.3333333333333333
2026-01-07,ZON-097,auto,3,3,0E-16,4.444444444444445,1.0000000000000000
2026-01-06,ZON-120,sedan,1,1,0E-16,6.916666666666667,1.0000000000000000
2026-01-07,ZON-067,sedan,4,3,0E-16,2.444444444444444,0.7500000000000000
2026-01-07,ZON-082,bike_taxi,2,0,1.0000000000000000,4.0,0.5000000000000000
2026-01-07,ZON-014,bike_taxi,4,3,0.2500000000000000,2.1041666666666665,0.7500000000000000
2026-01-07,ZON-096,sedan,1,0,1.0000000000000000,3.4166666666666665,1.0000000000000000
2026-01-07,ZON-029,bike_taxi,6,4,0.3333333333333333,3.686111111111111,0.5000000000000000
2026-01-07,ZON-046,sedan,3,1,0.6666666666666667,4.855555555555555,0.6666666666666667
2026-01-06,ZON-098,bike_taxi,1,1,0E-16,6.533333333333333,0E-16
2026-01-08,ZON-055,bike_taxi,5,3,0.2000000000000000,3.433333333333333,1.0000000000000000
2026-01-08,ZON-028,auto,4,1,0E-16,5.266666666666667,0.2500000000000000
2026-01-08,ZON-073,bike_taxi,6,6,0E-16,3.433333333333333,0.5000000000000000
2026-01-08,ZON-101,sedan,6,5,0.1666666666666667,4.386111111111111,0.6666666666666667
2026-01-08,ZON-103,mini,9,7,0.2222222222222222,2.938888888888889,0.5555555555555556
2026-01-08,ZON-011,bike_taxi,6,3,0.5000000000000000,2.825,0.5000000000000000
2026-01-08,ZON-011,sedan,4,2,0.2500000000000000,3.1666666666666665,0.7500000000000000
2026-01-08,ZON-059,sedan,8,3,0.6250000000000000,4.835416666666666,0.7500000000000000
2026-01-08,ZON-061,sedan,11,6,0.3636363636363636,3.871666666666667,0.5454545454545455
2026-01-08,ZON-045,auto,4,3,0.2500000000000000,2.4916666666666667,0.5000000000000000
2026-01-08,ZON-021,sedan,8,6,0.1250000000000000,4.9642857142857135,0.6250000000000000
2026-01-08,ZON-005,mini,6,4,0.3333333333333333,3.236111111111111,0.5000000000000000
2026-01-08,ZON-074,auto,5,3,0.2000000000000000,2.620833333333333,0.2000000000000000
2026-01-08,ZON-001,auto,5,2,0.4000000000000000,5.970833333333333,0.6000000000000000
2026-01-08,ZON-091,auto,8,5,0.3750000000000000,4.0125,0.5000000000000000
2026-01-08,ZON-007,sedan,4,3,0.2500000000000000,2.7708333333333335,0.7500000000000000
2026-01-08,ZON-093,auto,8,5,0.3750000000000000,3.9625,0.6250000000000000
2026-01-08,ZON-049,auto,6,4,0.3333333333333333,3.436111111111111,0.5000000000000000
2026-01-08,ZON-088,bike_taxi,3,3,0E-16,5.116666666666666,0.6666666666666667
2026-01-08,ZON-048,mini,5,3,0.4000000000000000,3.49,1.0000000000000000
2026-01-09,ZON-022,mini,7,4,0.1428571428571429,4.816666666666666,0.4285714285714286
2026-01-09,ZON-073,auto,8,6,0.2500000000000000,3.025,0.5000000000000000
2026-01-09,ZON-096,sedan,4,3,0.2500000000000000,2.1333333333333333,0.5000000000000000
2026-01-09,ZON-074,bike_taxi,6,6,0E-16,2.613888888888889,0.6666666666666667
2026-01-09,ZON-071,bike_taxi,5,4,0.2000000000000000,3.1199999999999997,0.6000000000000000
2026-01-09,ZON-018,auto,13,6,0.3076923076923077,3.408333333333333,0.5384615384615385
2026-01-09,ZON-054,mini,9,7,0.2222222222222222,2.940740740740741,0.5555555555555556
2026-01-09,ZON-040,bike_taxi,4,3,0.2500000000000000,3.4166666666666665,0.5000000000000000
2026-01-09,ZON-094,bike_taxi,2,2,0E-16,2.033333333333333,0.5000000000000000
2026-01-09,ZON-032,bike_taxi,6,3,0.3333333333333333,4.566666666666666,0.6666666666666667
2026-01-09,ZON-066,sedan,5,4,0.2000000000000000,1.5966666666666667,0.2000000000000000
2026-01-09,ZON-107,mini,4,3,0.2500000000000000,4.566666666666666,0.7500000000000000
2026-01-09,ZON-120,sedan,8,5,0.3750000000000000,4.2,0.5000000000000000
2026-01-09,ZON-046,auto,8,7,0.1250000000000000,3.995833333333333,0.7500000000000000
2026-01-09,ZON-084,sedan,3,2,0.3333333333333333,3.15,0.3333333333333333
2026-01-09,ZON-013,sedan,3,2,0.3333333333333333,3.5,0.6666666666666667
2026-01-09,ZON-053,bike_taxi,6,4,0.1666666666666667,4.08,0.1666666666666667
2026-01-09,ZON-105,bike_taxi,4,3,0.2500000000000000,3.0875,0.7500000000000000
2026-01-09,ZON-030,sedan,2,2,0E-16,2.4,0.5000000000000000
2026-01-09,ZON-117,auto,3,1,0.6666666666666667,3.361111111111111,0.6666666666666667
2026-01-10,ZON-012,mini,7,5,0.1428571428571429,3.975,0.7142857142857143
2026-01-10,ZON-085,auto,5,3,0.4000000000000000,3.246666666666667,0.8000000000000000
2026-01-10,ZON-025,mini,5,4,0.2000000000000000,4.546666666666667,0.6000000000000000
2026-01-10,ZON-016,mini,5,3,0.2000000000000000,2.5166666666666666,0.4000000000000000
2026-01-10,ZON-078,bike_taxi,8,5,0.3750000000000000,3.1791666666666667,0.7500000000000000
2026-01-10,ZON-014,auto,7,6,0.1428571428571429,3.178571428571429,0.8571428571428571
2026-01-10,ZON-076,mini,7,5,0.1428571428571429,3.6333333333333333,0.7142857142857143
2026-01-10,ZON-041,auto,4,3,0.2500000000000000,4.095833333333333,0.2500000000000000
2026-01-10,ZON-050,auto,4,3,0.2500000000000000,4.720833333333333,0.5000000000000000
2026-01-10,ZON-117,auto,5,3,0.4000000000000000,5.053333333333333,0.6000000000000000
2026-01-10,ZON-078,sedan,4,0,0.2500000000000000,1.3833333333333333,0.2500000000000000
2026-01-10,ZON-032,auto,7,5,0.1428571428571429,3.436111111111111,0.5714285714285714
2026-01-10,ZON-095,sedan,5,3,0.2000000000000000,4.570833333333334,0.4000000000000000
2026-01-10,ZON-048,auto,2,0,1.0000000000000000,2.625,0E-16
2026-01-10,ZON-051,sedan,2,2,0E-16,4.95,0E-16
2026-01-10,ZON-075,sedan,3,2,0E-16,5.541666666666667,0.3333333333333333
2026-01-10,ZON-113,sedan,1,0,1.0000000000000000,6.633333333333334,0E-16
2026-01-10,ZON-032,sedan,3,1,0.3333333333333333,2.725,0.6666666666666667
2026-01-10,ZON-108,sedan,2,2,0E-16,2.591666666666667,0.5000000000000000
2026-01-10,ZON-021,sedan,4,3,0.2500000000000000,2.7708333333333335,0.2500000000000000
2026-01-11,ZON-052,auto,3,3,0E-16,3.911111111111111,0.3333333333333333
2026-01-11,ZON-088,sedan,5,4,0.2000000000000000,3.6966666666666668,0.8000000000000000
2026-01-11,ZON-037,mini,9,3,0.3333333333333333,4.447222222222222,0.2222222222222222
2026-01-11,ZON-076,mini,6,3,0.1666666666666667,3.629166666666667,0.3333333333333333
2026-01-11,ZON-112,mini,7,4,0.1428571428571429,4.54,0.8571428571428571
2026-01-11,ZON-041,auto,8,5,0.2500000000000000,3.119047619047619,0.5000000000000000
2026-01-11,ZON-027,mini,4,2,0E-16,3.05,1.0000000000000000
2026-01-11,ZON-095,auto,5,2,0.4000000000000000,1.875,0.6000000000000000
2026-01-11,ZON-113,auto,7,5,0.1428571428571429,2.675,0.7142857142857143
2026-01-11,ZON-032,sedan,3,1,0.6666666666666667,2.2277777777777774,0E-16
2026-01-11,ZON-005,auto,6,4,0.1666666666666667,3.0,0.3333333333333333
2026-01-11,ZON-108,mini,4,3,0.2500000000000000,3.4541666666666666,0.2500000000000000
2026-01-11,ZON-037,sedan,3,2,0.3333333333333333,3.45,0.3333333333333333
2026-01-11,ZON-036,sedan,3,3,0E-16,3.561111111111111,1.0000000000000000
2026-01-11,ZON-104,bike_taxi,2,1,0E-16,3.0,0E-16
2026-01-12,ZON-012,mini,11,10,0E-16,3.1133333333333337,0.6363636363636364
2026-01-12,ZON-060,mini,8,6,0.2500000000000000,3.3645833333333335,0.5000000000000000
2026-01-12,ZON-059,bike_taxi,11,7,0.2727272727272727,3.36,0.3636363636363636
2026-01-12,ZON-084,mini,8,3,0.3750000000000000,3.761111111111111,0.5000000000000000
2026-01-12,ZON-049,auto,5,4,0.2000000000000000,3.7233333333333336,0.6000000000000000
2026-01-12,ZON-063,auto,10,5,0.3000000000000000,2.3833333333333333,0.6000000000000000
2026-01-12,ZON-108,sedan,4,4,0E-16,4.0875,0.7500000000000000
2026-01-12,ZON-099,auto,4,2,0.5000000000000000,2.7,0.5000000000000000
2026-01-12,ZON-104,mini,8,5,0.2500000000000000,2.7738095238095237,0.5000000000000000
2026-01-12,ZON-062,sedan,4,4,0E-16,4.320833333333334,0.7500000000000000
2026-01-12,ZON-078,bike_taxi,8,4,0.5000000000000000,4.522916666666666,0.2500000000000000
2026-01-12,ZON-016,sedan,5,4,0.2000000000000000,3.993333333333333,0.8000000000000000
2026-01-12,ZON-101,auto,3,3,0E-16,3.594444444444444,1.0000000000000000
2026-01-12,ZON-112,sedan,2,2,0E-16,1.2916666666666667,1.0000000000000000
2026-01-12,ZON-059,auto,5,4,0E-16,3.675,0.6000000000000000
2026-01-12,ZON-079,sedan,6,4,0.3333333333333333,3.588888888888889,1.0000000000000000
2026-01-12,ZON-029,mini,7,5,0E-16,2.6766666666666667,0.4285714285714286
2026-01-12,ZON-013,sedan,5,4,0.2000000000000000,4.86,0.4000000000000000
2026-01-12,ZON-107,bike_taxi,8,4,0.5000000000000000,4.64375,0.2500000000000000
2026-01-12,ZON-020,bike_taxi,6,4,0.3333333333333333,5.6194444444444445,0.5000000000000000
2026-01-12,ZON-030,mini,3,3,0E-16,5.177777777777778,0.6666666666666667
2026-01-12,ZON-098,sedan,3,2,0.3333333333333333,4.111111111111111,0.3333333333333333
2026-01-13,ZON-030,auto,9,8,0.1111111111111111,2.5055555555555555,0.6666666666666667
2026-01-13,ZON-022,mini,8,4,0.5000000000000000,2.9145833333333333,0.3750000000000000
2026-01-13,ZON-093,sedan,8,8,0E-16,4.314583333333333,0.3750000000000000
2026-01-13,ZON-004,mini,6,2,0.5000000000000000,4.403333333333333,0.6666666666666667
2026-01-13,ZON-024,mini,7,4,0.4285714285714286,4.809523809523809,0.4285714285714286
2026-01-13,ZON-014,mini,6,2,0E-16,2.6666666666666665,0.5000000000000000
2026-01-13,ZON-016,auto,6,2,0.6666666666666667,3.8527777777777774,0.6666666666666667
2026-01-13,ZON-049,sedan,3,3,0E-16,3.683333333333333,0.3333333333333333
2026-01-13,ZON-117,auto,5,2,0.4000000000000000,3.1041666666666665,0.2000000000000000
2026-01-13,ZON-006,bike_taxi,3,3,0E-16,3.094444444444444,0E-16
2026-01-13,ZON-098,sedan,2,1,0.5000000000000000,1.4083333333333334,1.0000000000000000
2026-01-13,ZON-046,auto,8,6,0.1250000000000000,4.511904761904762,0.8750000000000000
2026-01-13,ZON-031,mini,2,2,0E-16,5.541666666666667,0.5000000000000000
2026-01-13,ZON-110,mini,9,6,0.1111111111111111,4.280952380952381,0.4444444444444444
2026-01-13,ZON-063,mini,7,3,0.2857142857142857,3.6666666666666665,0.7142857142857143
2026-01-13,ZON-059,mini,2,1,0.5000000000000000,3.783333333333333,0.5000000000000000
2026-01-13,ZON-076,mini,9,7,0.1111111111111111,3.44375,0.6666666666666667
2026-01-13,ZON-021,auto,2,2,0E-16,5.825,0E-16
2026-01-13,ZON-099,auto,2,1,0E-16,0.36666666666666664,0E-16
2026-01-14,ZON-089,mini,11,8,0.1818181818181818,4.28,0.1818181818181818
2026-01-14,ZON-020,bike_taxi,5,5,0E-16,3.6366666666666663,0.6000000000000000
2026-01-14,ZON-053,mini,5,5,0E-16,3.5,0.6000000000000000
2026-01-14,ZON-075,mini,9,5,0.3333333333333333,3.40625,0.5555555555555556
2026-01-14,ZON-061,bike_taxi,5,2,0.6000000000000000,4.4366666666666665,0.6000000000000000
2026-01-14,ZON-054,auto,10,8,0.1000000000000000,4.037037037037037,0.4000000000000000
2026-01-14,ZON-101,bike_taxi,6,3,0.1666666666666667,4.729166666666667,0.5000000000000000
2026-01-14,ZON-011,auto,7,4,0.2857142857142857,3.180555555555556,0.7142857142857143
2026-01-14,ZON-081,auto,8,6,0.2500000000000000,3.1958333333333333,0.6250000000000000
2026-01-14,ZON-085,bike_taxi,6,5,0E-16,3.56,0.8333333333333333
2026-01-14,ZON-024,auto,5,4,0.2000000000000000,4.85,0.4000000000000000
2026-01-14,ZON-050,bike_taxi,8,6,0.2500000000000000,3.3979166666666667,0.7500000000000000
2026-01-14,ZON-044,sedan,3,3,0E-16,5.1,0.6666666666666667
2026-01-01,ZON-102,mini,9,5,0.3333333333333333,3.6166666666666667,0.3333333333333333
2026-01-01,ZON-070,mini,9,7,0.2222222222222222,4.4037037037037035,0.5555555555555556
2026-01-01,ZON-012,bike_taxi,5,4,0E-16,5.804166666666666,0.2000000000000000
2026-01-01,ZON-038,auto,8,5,0.1250000000000000,4.361111111111112,0.6250000000000000
2026-01-01,ZON-039,auto,11,8,0.0909090909090909,4.17962962962963,0.3636363636363636
2026-01-01,ZON-026,bike_taxi,4,2,0.2500000000000000,3.4944444444444445,0.5000000000000000
2026-01-01,ZON-107,mini,10,6,0.3000000000000000,3.9796296296296294,0.4000000000000000
2026-01-01,ZON-076,mini,7,4,0.1428571428571429,4.496666666666667,0.7142857142857143
2026-01-01,ZON-002,mini,7,5,0.2857142857142857,4.3809523809523805,0.4285714285714286
2026-01-01,ZON-115,auto,8,5,0.2500000000000000,3.069047619047619,0.6250000000000000
2026-01-01,ZON-003,bike_taxi,8,4,0.3750000000000000,4.042857142857143,0.7500000000000000
2026-01-01,ZON-116,bike_taxi,4,1,0.5000000000000000,4.122222222222223,0.5000000000000000
2026-01-01,ZON-103,bike_taxi,2,1,0.5000000000000000,5.1,0.5000000000000000
2026-01-01,ZON-092,auto,2,1,0E-16,0.9833333333333333,0.5000000000000000
2026-01-01,ZON-007,mini,6,4,0.1666666666666667,3.253333333333333,0.6666666666666667
2026-01-01,ZON-075,sedan,4,2,0.5000000000000000,3.8041666666666667,0E-16
2026-01-02,ZON-062,bike_taxi,6,6,0E-16,4.219444444444444,0.5000000000000000
2026-01-02,ZON-110,auto,4,3,0.2500000000000000,4.9125,0.7500000000000000
2026-01-02,ZON-043,sedan,5,4,0.2000000000000000,3.1333333333333333,0.8000000000000000
2026-01-02,ZON-079,sedan,4,2,0.2500000000000000,3.788888888888889,1.0000000000000000
2026-01-02,ZON-098,bike_taxi,6,4,0.1666666666666667,4.183333333333334,0.6666666666666667
2026-01-02,ZON-117,auto,3,3,0E-16,4.877777777777778,0.6666666666666667
2026-01-02,ZON-090,auto,5,4,0.2000000000000000,4.67,0.4000000000000000
2026-01-02,ZON-029,auto,3,2,0.3333333333333333,4.461111111111111,0E-16
2026-01-02,ZON-106,auto,4,2,0.5000000000000000,3.525,0.5000000000000000
2026-01-02,ZON-065,bike_taxi,5,4,0.2000000000000000,4.026666666666666,1.0000000000000000
2026-01-02,ZON-047,bike_taxi,5,5,0E-16,2.2666666666666666,0.6000000000000000
2026-01-02,ZON-083,bike_taxi,2,2,0E-16,5.441666666666666,1.0000000000000000
2026-01-03,ZON-120,bike_taxi,9,7,0.1111111111111111,3.425,0.6666666666666667
2026-01-03,ZON-075,mini,6,3,0.3333333333333333,3.3766666666666665,0.6666666666666667
2026-01-03,ZON-002,mini,4,3,0E-16,4.777777777777778,0.2500000000000000
2026-01-03,ZON-067,mini,6,4,0.1666666666666667,3.3466666666666667,0.6666666666666667
2026-01-03,ZON-090,auto,13,7,0.3076923076923077,4.212121212121212,0.4615384615384615
2026-01-03,ZON-082,mini,8,5,0.1250000000000000,5.919444444444445,0.7500000000000000
2026-01-03,ZON-104,sedan,4,4,0E-16,2.3208333333333333,0.2500000000000000
2026-01-03,ZON-067,sedan,6,5,0.1666666666666667,4.066666666666666,0.6666666666666667
2026-01-03,ZON-093,bike_taxi,6,4,0.1666666666666667,2.9633333333333334,0.8333333333333333
2026-01-03,ZON-008,mini,9,6,0.1111111111111111,3.1476190476190475,0.5555555555555556
2026-01-03,ZON-026,auto,9,3,0.5555555555555556,4.877083333333333,0.3333333333333333
2026-01-03,ZON-002,bike_taxi,7,4,0.2857142857142857,3.6222222222222222,0.4285714285714286
2026-01-03,ZON-096,sedan,4,3,0E-16,4.261111111111111,0.5000000000000000
2026-01-02,ZON-003,bike_taxi,2,2,0E-16,1.95,0.5000000000000000
2026-01-03,ZON-018,sedan,5,4,0E-16,4.8625,0.8000000000000000
2026-01-04,ZON-042,mini,8,3,0.3750000000000000,3.6527777777777777,0.3750000000000000
2026-01-04,ZON-115,mini,8,4,0.2500000000000000,1.9972222222222222,0.2500000000000000
2026-01-04,ZON-112,auto,4,3,0.2500000000000000,4.179166666666666,0.2500000000000000
2026-01-04,ZON-020,bike_taxi,5,3,0.4000000000000000,3.2366666666666664,0.8000000000000000
2026-01-04,ZON-110,sedan,2,1,0.5000000000000000,3.35,0.5000000000000000
2026-01-04,ZON-023,sedan,3,1,0.3333333333333333,3.95,0.6666666666666667
2026-01-04,ZON-053,bike_taxi,5,3,0.4000000000000000,3.3,0.4000000000000000
2026-01-04,ZON-110,auto,4,4,0E-16,4.641666666666667,0.5000000000000000
2026-01-04,ZON-005,auto,4,2,0.2500000000000000,1.8833333333333333,0.5000000000000000
2026-01-04,ZON-108,mini,14,8,0.1428571428571429,3.7183333333333333,0.7142857142857143
2026-01-04,ZON-068,auto,7,3,0.5714285714285714,4.690476190476191,0.7142857142857143
2026-01-04,ZON-106,sedan,8,5,0.3750000000000000,3.14375,0.5000000000000000
2026-01-04,ZON-084,sedan,4,4,0E-16,2.2583333333333333,0.5000000000000000
2026-01-05,ZON-054,auto,5,5,0E-16,4.5600000000000005,0.6000000000000000
2026-01-05,ZON-026,sedan,6,5,0.1666666666666667,2.680555555555556,0.1666666666666667
2026-01-05,ZON-074,bike_taxi,5,3,0E-16,4.011111111111111,0.4000000000000000
2026-01-05,ZON-002,auto,9,5,0.4444444444444444,4.159259259259259,0.7777777777777778
2026-01-05,ZON-016,mini,3,2,0E-16,3.9833333333333334,0.6666666666666667
2026-01-05,ZON-116,auto,7,3,0.2857142857142857,5.33,0.7142857142857143
2026-01-05,ZON-014,mini,12,11,0.0833333333333333,2.9125,0.5833333333333333
2026-01-05,ZON-028,bike_taxi,8,4,0.5000000000000000,3.85,0.6250000000000000
2026-01-05,ZON-088,bike_taxi,6,4,0.1666666666666667,3.996666666666667,0.6666666666666667
2026-01-05,ZON-057,mini,6,5,0E-16,4.516666666666667,0.6666666666666667
2026-01-05,ZON-120,mini,2,1,0.5000000000000000,6.1,0.5000000000000000
2026-01-06,ZON-095,auto,4,3,0E-16,1.5833333333333333,0.2500000000000000
2026-01-06,ZON-097,mini,7,5,0.1428571428571429,5.355555555555555,0.1428571428571429
2026-01-06,ZON-083,bike_taxi,5,4,0.2000000000000000,4.223333333333334,0.8000000000000000
2026-01-06,ZON-044,auto,11,7,0.1818181818181818,3.3277777777777775,0.5454545454545455
2026-01-06,ZON-093,sedan,6,2,0.6666666666666667,3.8694444444444445,0.3333333333333333
2026-01-06,ZON-106,auto,8,4,0.3750000000000000,4.6309523809523805,0.7500000000000000
2026-01-06,ZON-058,auto,11,6,0.3636363636363636,2.9650000000000003,0.6363636363636364
2026-01-06,ZON-101,sedan,3,2,0E-16,4.116666666666666,1.0000000000000000
2026-01-06,ZON-005,bike_taxi,6,2,0.6666666666666667,4.8805555555555555,0.6666666666666667
2026-01-07,ZON-037,mini,8,5,0.2500000000000000,2.869047619047619,0.5000000000000000
2026-01-07,ZON-018,bike_taxi,3,1,0.6666666666666667,3.283333333333333,0.6666666666666667
2026-01-07,ZON-071,mini,7,5,0.1428571428571429,2.3027777777777776,0.5714285714285714
2026-01-07,ZON-038,auto,8,7,0E-16,4.935714285714286,0.6250000000000000
2026-01-07,ZON-023,mini,7,3,0.5714285714285714,2.604761904761905,0.4285714285714286
2026-01-07,ZON-024,sedan,5,2,0.4000000000000000,4.275,0.6000000000000000
2026-01-07,ZON-007,mini,12,7,0.3333333333333333,3.4030303030303033,0.4166666666666667
2026-01-07,ZON-054,sedan,3,1,0.3333333333333333,3.075,0.6666666666666667
2026-01-07,ZON-027,auto,8,5,0.3750000000000000,4.195833333333334,0.7500000000000000
2026-01-07,ZON-025,auto,4,2,0.2500000000000000,5.372222222222222,0.5000000000000000
2026-01-07,ZON-114,bike_taxi,7,5,0.2857142857142857,4.173809523809523,0.8571428571428571
2026-01-07,ZON-025,mini,11,8,0.2727272727272727,3.1742424242424243,0.6363636363636364
2026-01-07,ZON-046,mini,6,5,0E-16,3.18,0.5000000000000000
2026-01-07,ZON-068,mini,5,3,0.4000000000000000,5.16,0.4000000000000000
2026-01-07,ZON-055,mini,6,3,0.3333333333333333,2.58,0.6666666666666667
2026-01-07,ZON-098,sedan,4,3,0.2500000000000000,2.7375,0.7500000000000000
2026-01-07,ZON-083,auto,4,4,0E-16,3.55,0.2500000000000000
2026-01-07,ZON-078,sedan,4,4,0E-16,4.895833333333333,0.7500000000000000
2026-01-07,ZON-111,sedan,1,0,1.0000000000000000,2.0166666666666666,0E-16
2026-01-08,ZON-054,mini,4,4,0E-16,3.0125,0.5000000000000000
2026-01-08,ZON-106,mini,15,13,0.1333333333333333,2.7844444444444445,0.4666666666666667
2026-01-08,ZON-120,mini,12,9,0.1666666666666667,5.066666666666666,0.4166666666666667
2026-01-08,ZON-058,auto,9,3,0.5555555555555556,4.0125,0.5555555555555556
2026-01-08,ZON-012,auto,7,5,0.1428571428571429,4.372222222222222,0.4285714285714286
2026-01-07,ZON-085,sedan,2,1,0E-16,2.4833333333333334,0E-16
2026-01-08,ZON-084,auto,4,2,0E-16,5.8,0.5000000000000000
2026-01-08,ZON-095,auto,9,8,0E-16,4.285416666666666,0.4444444444444444
2026-01-08,ZON-112,auto,9,4,0.3333333333333333,2.6285714285714286,0.7777777777777778
2026-01-08,ZON-046,sedan,6,5,0E-16,3.966666666666667,0.5000000000000000
2026-01-08,ZON-031,sedan,5,4,0E-16,3.5625,0.8000000000000000
2026-01-08,ZON-064,sedan,5,4,0.2000000000000000,3.2333333333333334,0.4000000000000000
2026-01-08,ZON-109,sedan,3,1,0.6666666666666667,4.061111111111111,0.6666666666666667
2026-01-08,ZON-081,bike_taxi,6,3,0.1666666666666667,3.345833333333333,0.1666666666666667
2026-01-08,ZON-057,sedan,4,1,0.2500000000000000,4.108333333333333,0.5000000000000000
2026-01-08,ZON-100,bike_taxi,9,5,0.2222222222222222,4.395238095238096,0.4444444444444444
2026-01-08,ZON-020,mini,10,8,0E-16,4.054166666666666,0.5000000000000000
2026-01-08,ZON-006,auto,5,3,0.4000000000000000,2.683333333333333,0.4000000000000000
2026-01-08,ZON-025,auto,5,4,0.2000000000000000,3.9633333333333334,0.6000000000000000
2026-01-08,ZON-012,sedan,3,3,0E-16,3.9944444444444445,0E-16
2026-01-09,ZON-054,sedan,4,1,0.5000000000000000,2.861111111111111,0.2500000000000000
2026-01-09,ZON-118,sedan,6,3,0.5000000000000000,3.8583333333333334,0.5000000000000000
2026-01-09,ZON-080,auto,5,3,0.4000000000000000,3.8699999999999997,0.8000000000000000
2026-01-09,ZON-028,mini,6,4,0.1666666666666667,1.8466666666666667,0.5000000000000000
2026-01-09,ZON-004,mini,8,4,0.3750000000000000,4.023809523809524,0.6250000000000000
2026-01-09,ZON-104,bike_taxi,5,3,0.2000000000000000,3.5416666666666665,0.4000000000000000
2026-01-09,ZON-024,sedan,3,0,0.6666666666666667,3.183333333333333,0.6666666666666667
2026-01-09,ZON-003,mini,8,6,0E-16,4.330555555555555,0.5000000000000000
2026-01-09,ZON-075,sedan,7,5,0.1428571428571429,4.111111111111111,0.2857142857142857
2026-01-09,ZON-002,bike_taxi,11,6,0.4545454545454545,2.9060606060606062,0.5454545454545455
2026-01-09,ZON-030,auto,4,3,0.2500000000000000,2.2125,0.5000000000000000
2026-01-09,ZON-025,auto,8,3,0.5000000000000000,3.395238095238095,0.6250000000000000
2026-01-09,ZON-009,auto,5,4,0E-16,2.941666666666667,0.4000000000000000
2026-01-09,ZON-101,bike_taxi,1,0,0E-16,,0E-16
2026-01-09,ZON-059,mini,8,5,0.3750000000000000,3.80625,0.6250000000000000
2026-01-09,ZON-002,auto,6,3,0.1666666666666667,4.045833333333333,0.6666666666666667
2026-01-09,ZON-099,mini,5,2,0.4000000000000000,4.433333333333334,0.6000000000000000
2026-01-09,ZON-110,bike_taxi,6,4,0.3333333333333333,4.155555555555556,1.0000000000000000
2026-01-09,ZON-106,sedan,5,2,0.4000000000000000,3.8625,0.8000000000000000
2026-01-09,ZON-010,bike_taxi,1,1,0E-16,0.4166666666666667,1.0000000000000000
2026-01-09,ZON-095,mini,5,4,0E-16,5.195833333333334,0.6000000000000000
2026-01-09,ZON-065,auto,6,4,0E-16,3.9375,0.8333333333333333
2026-01-09,ZON-049,sedan,2,0,0.5000000000000000,2.716666666666667,0.5000000000000000
2026-01-10,ZON-093,mini,7,3,0.2857142857142857,2.8699999999999997,0.2857142857142857
2026-01-10,ZON-118,auto,3,2,0E-16,3.65,0.6666666666666667
2026-01-10,ZON-021,bike_taxi,6,3,0E-16,0.9833333333333333,0.5000000000000000
2026-01-10,ZON-074,auto,8,6,0.2500000000000000,3.49375,0.7500000000000000
2026-01-10,ZON-028,auto,3,2,0E-16,6.225,0.3333333333333333
2026-01-10,ZON-107,bike_taxi,8,7,0.1250000000000000,5.910416666666666,0.3750000000000000
2026-01-11,ZON-031,bike_taxi,4,2,0E-16,1.0916666666666666,0.2500000000000000
2026-01-11,ZON-070,mini,8,4,0.5000000000000000,3.439583333333333,0.6250000000000000
2026-01-11,ZON-055,sedan,7,6,0.1428571428571429,3.3666666666666667,0.1428571428571429
2026-01-11,ZON-077,auto,6,5,0.1666666666666667,3.286111111111111,0.6666666666666667
2026-01-11,ZON-097,mini,6,4,0.1666666666666667,2.5933333333333333,0.5000000000000000
2026-01-11,ZON-096,sedan,2,0,0.5000000000000000,6.8,0.5000000000000000
2026-01-11,ZON-097,sedan,1,1,0E-16,0.4666666666666667,1.0000000000000000
2026-01-11,ZON-074,mini,10,5,0.4000000000000000,4.142592592592592,0.6000000000000000
2026-01-11,ZON-019,bike_taxi,9,4,0.4444444444444444,3.83125,0.1111111111111111
2026-01-11,ZON-081,sedan,7,5,0.2857142857142857,2.588095238095238,0.5714285714285714
2026-01-11,ZON-074,bike_taxi,5,1,0.8000000000000000,4.286666666666666,0.6000000000000000
2026-01-11,ZON-053,sedan,2,2,0E-16,3.2416666666666667,0.5000000000000000
2026-01-11,ZON-108,bike_taxi,3,3,0E-16,4.777777777777778,0E-16
2026-01-11,ZON-051,sedan,2,2,0E-16,2.9833333333333334,0.5000000000000000
2026-01-11,ZON-103,auto,5,2,0.4000000000000000,3.9916666666666667,0.6000000000000000
2026-01-11,ZON-010,sedan,3,3,0E-16,3.8777777777777778,0.3333333333333333
2026-01-11,ZON-099,sedan,3,1,0.3333333333333333,3.825,0.3333333333333333
2026-01-11,ZON-006,mini,2,2,0E-16,6.158333333333333,1.0000000000000000
2026-01-12,ZON-023,sedan,7,5,0.2857142857142857,4.621428571428571,0.7142857142857143
2026-01-12,ZON-113,auto,10,8,0.2000000000000000,4.401666666666667,0.5000000000000000
2026-01-12,ZON-014,mini,7,4,0.2857142857142857,4.902777777777778,0.2857142857142857
2026-01-12,ZON-042,auto,6,5,0E-16,3.1199999999999997,0.5000000000000000
2026-01-12,ZON-022,mini,11,7,0.1818181818181818,3.6314814814814813,0.7272727272727273
2026-01-12,ZON-097,auto,15,9,0.1333333333333333,3.4606060606060605,0.6000000000000000
2026-01-12,ZON-105,auto,8,4,0.3750000000000000,3.1857142857142855,0.5000000000000000
2026-01-12,ZON-070,mini,5,5,0E-16,3.11,0.8000000000000000
2026-01-12,ZON-012,auto,6,4,0.3333333333333333,4.141666666666667,0.5000000000000000
2026-01-12,ZON-027,mini,6,5,0E-16,2.8733333333333335,0.3333333333333333
2026-01-12,ZON-050,mini,6,3,0.3333333333333333,3.85,0.3333333333333333
2026-01-12,ZON-106,auto,4,2,0.5000000000000000,4.3875,0.7500000000000000
2026-01-12,ZON-010,auto,7,5,0.2857142857142857,3.821428571428571,0.5714285714285714
2026-01-12,ZON-091,mini,7,3,0.4285714285714286,4.819444444444445,0.1428571428571429
2026-01-12,ZON-001,sedan,5,3,0.2000000000000000,1.9291666666666667,0.6000000000000000
2026-01-12,ZON-081,bike_taxi,3,2,0.3333333333333333,3.1666666666666665,0.6666666666666667
2026-01-12,ZON-115,auto,5,4,0.2000000000000000,3.4866666666666664,0.4000000000000000
2026-01-13,ZON-023,mini,6,2,0.6666666666666667,3.388888888888889,0.5000000000000000
2026-01-13,ZON-107,mini,10,7,0E-16,3.1952380952380954,0.6000000000000000
2026-01-13,ZON-019,sedan,7,4,0E-16,3.033333333333333,0.8571428571428571
2026-01-13,ZON-012,sedan,5,4,0.2000000000000000,4.326666666666667,0.8000000000000000
2026-01-13,ZON-057,auto,7,5,0.2857142857142857,3.842857142857143,0.5714285714285714
2026-01-13,ZON-035,sedan,3,2,0.3333333333333333,3.1333333333333333,1.0000000000000000
2026-01-13,ZON-102,auto,7,6,0.1428571428571429,5.271428571428571,0.5714285714285714
2026-01-13,ZON-044,sedan,4,3,0.2500000000000000,3.85,0.2500000000000000
2026-01-14,ZON-051,auto,4,3,0.2500000000000000,3.4583333333333335,0.2500000000000000
2026-01-14,ZON-095,bike_taxi,6,4,0.3333333333333333,2.783333333333333,0.6666666666666667
2026-01-14,ZON-106,auto,12,7,0.1666666666666667,3.438888888888889,0.3333333333333333
2026-01-14,ZON-026,bike_taxi,6,5,0E-16,4.26,0.3333333333333333
2026-01-14,ZON-052,auto,6,3,0.3333333333333333,2.39,0.8333333333333333
2026-01-14,ZON-064,bike_taxi,9,6,0.3333333333333333,2.3259259259259255,0.4444444444444444
2026-01-14,ZON-091,auto,6,6,0E-16,3.344444444444444,0.8333333333333333
2026-01-14,ZON-094,auto,6,5,0E-16,2.0233333333333334,0.3333333333333333
2026-01-14,ZON-009,sedan,3,3,0E-16,4.455555555555555,1.0000000000000000
2026-01-14,ZON-069,mini,6,4,0.3333333333333333,3.4194444444444443,0.6666666666666667
2026-01-14,ZON-076,auto,5,4,0E-16,3.691666666666667,0.6000000000000000
2026-01-14,ZON-019,bike_taxi,3,1,0.6666666666666667,4.544444444444445,0.3333333333333333
2026-01-14,ZON-032,mini,6,4,0.3333333333333333,2.0638888888888887,0.6666666666666667
2026-01-14,ZON-026,auto,8,6,0.2500000000000000,2.9833333333333334,0.2500000000000000
2026-01-14,ZON-025,bike_taxi,6,2,0.6666666666666667,2.7416666666666667,0.5000000000000000
2026-01-14,ZON-012,bike_taxi,2,0,1.0000000000000000,4.3,1.0000000000000000
2026-01-14,ZON-059,sedan,3,1,0.3333333333333333,2.0416666666666665,1.0000000000000000
2026-01-14,ZON-013,sedan,5,4,0.2000000000000000,5.3566666666666665,0.2000000000000000
2026-01-14,ZON-080,mini,3,2,0E-16,1.5916666666666666,0.6666666666666667
2026-01-14,ZON-043,mini,6,4,0E-16,2.6333333333333333,0.8333333333333333
2026-01-14,ZON-040,sedan,5,3,0.4000000000000000,4.013333333333334,0.6000000000000000
2026-01-14,ZON-058,bike_taxi,7,6,0E-16,3.6527777777777777,0.5714285714285714
2026-01-14,ZON-032,auto,1,0,0E-16,,1.0000000000000000
2026-01-14,ZON-119,bike_taxi,7,3,0.4285714285714286,4.580555555555555,0.5714285714285714
2026-01-14,ZON-113,auto,3,2,0E-16,3.191666666666667,0.6666666666666667
2026-01-01,ZON-028,sedan,3,3,0E-16,2.6777777777777776,0.3333333333333333
2026-01-01,ZON-093,mini,4,3,0.2500000000000000,2.3958333333333335,0.7500000000000000
2026-01-01,ZON-071,mini,4,3,0.2500000000000000,3.654166666666667,0.5000000000000000
2026-01-01,ZON-101,auto,13,7,0.3076923076923077,3.2666666666666666,0.5384615384615385
2026-01-01,ZON-116,auto,6,3,0.5000000000000000,3.6166666666666667,0.5000000000000000
2026-01-01,ZON-038,sedan,6,3,0.1666666666666667,2.841666666666667,0.3333333333333333
2026-01-01,ZON-001,auto,12,7,0.4166666666666667,4.065277777777777,0.6666666666666667
2026-01-01,ZON-092,sedan,5,3,0.2000000000000000,3.1,0.4000000000000000
2026-01-01,ZON-045,sedan,4,1,0.2500000000000000,4.533333333333333,0.2500000000000000
2026-01-01,ZON-044,auto,3,3,0E-16,2.638888888888889,0E-16
2026-01-01,ZON-010,auto,8,6,0.1250000000000000,2.3785714285714286,0.5000000000000000
2026-01-01,ZON-073,auto,3,1,0.6666666666666667,4.716666666666667,0.3333333333333333
2026-01-01,ZON-088,auto,3,2,0.3333333333333333,2.6666666666666665,0.3333333333333333
2026-01-01,ZON-057,sedan,2,1,0.5000000000000000,3.8333333333333335,0.5000000000000000
2026-01-01,ZON-055,auto,5,2,0.4000000000000000,4.058333333333334,0.8000000000000000
2026-01-01,ZON-071,sedan,1,0,1.0000000000000000,5.066666666666666,1.0000000000000000
2026-01-01,ZON-091,sedan,2,2,0E-16,3.5166666666666666,1.0000000000000000
2026-01-02,ZON-080,bike_taxi,6,4,0.1666666666666667,4.093333333333333,0.6666666666666667
2026-01-02,ZON-022,sedan,10,7,0.3000000000000000,3.816666666666667,0.3000000000000000
2026-01-02,ZON-068,auto,5,4,0.2000000000000000,3.4166666666666665,0.2000000000000000
2026-01-02,ZON-089,sedan,5,4,0.2000000000000000,2.6366666666666663,0.6000000000000000
2026-01-02,ZON-042,mini,7,4,0.2857142857142857,2.911111111111111,0.5714285714285714
2026-01-02,ZON-114,mini,5,3,0.2000000000000000,4.054166666666666,0.6000000000000000
2026-01-02,ZON-107,mini,6,4,0.3333333333333333,5.163888888888889,0.5000000000000000
2026-01-02,ZON-044,auto,6,4,0E-16,3.3208333333333333,0.6666666666666667
2026-01-02,ZON-069,auto,6,3,0.5000000000000000,3.011111111111111,0.5000000000000000
2026-01-02,ZON-060,sedan,4,2,0.2500000000000000,4.777777777777778,0.7500000000000000
2026-01-02,ZON-103,auto,4,1,0.5000000000000000,3.905555555555556,0.2500000000000000
2026-01-01,ZON-036,auto,1,0,1.0000000000000000,0.4166666666666667,0E-16
2026-01-03,ZON-060,sedan,7,3,0.5714285714285714,4.309523809523809,0.8571428571428571
2026-01-03,ZON-001,mini,9,4,0.1111111111111111,2.81,0.6666666666666667
2026-01-03,ZON-114,sedan,4,0,0.7500000000000000,3.938888888888889,0.2500000000000000
2026-01-03,ZON-057,sedan,7,6,0E-16,3.530555555555556,0.5714285714285714
2026-01-03,ZON-118,sedan,2,1,0.5000000000000000,3.191666666666667,0.5000000000000000
2026-01-03,ZON-059,auto,9,5,0.1111111111111111,1.8583333333333334,0.6666666666666667
2026-01-03,ZON-055,auto,9,7,0.1111111111111111,4.233333333333333,0.4444444444444444
2026-01-03,ZON-100,auto,5,2,0E-16,3.15,0.8000000000000000
2026-01-03,ZON-004,bike_taxi,6,0,1.0000000000000000,2.6222222222222222,0.8333333333333333
2026-01-03,ZON-035,sedan,4,4,0E-16,4.2625,0.7500000000000000
2026-01-03,ZON-059,sedan,6,4,0.3333333333333333,4.125,0.3333333333333333
2026-01-03,ZON-081,mini,7,5,0.2857142857142857,4.257142857142857,0.4285714285714286
2026-01-03,ZON-011,mini,5,2,0.2000000000000000,2.1722222222222225,0.6000000000000000
2026-01-03,ZON-102,bike_taxi,2,2,0E-16,3.95,0.5000000000000000
2026-01-03,ZON-020,sedan,3,2,0.3333333333333333,3.9722222222222223,0.3333333333333333
2026-01-03,ZON-092,sedan,2,0,1.0000000000000000,3.05,1.0000000000000000
2026-01-03,ZON-022,sedan,4,3,0E-16,2.738888888888889,0.7500000000000000
2026-01-03,ZON-073,mini,8,8,0E-16,3.714583333333333,0.5000000000000000
2026-01-03,ZON-041,auto,4,3,0E-16,4.033333333333333,0E-16
2026-01-04,ZON-096,mini,7,4,0.4285714285714286,4.323809523809524,0.8571428571428571
2026-01-04,ZON-104,auto,5,1,0.6000000000000000,4.45,0.8000000000000000
2026-01-04,ZON-044,sedan,2,1,0.5000000000000000,3.6333333333333333,0.5000000000000000
2026-01-04,ZON-112,mini,7,7,0E-16,4.302380952380953,0.5714285714285714
2026-01-04,ZON-038,auto,6,3,0.5000000000000000,5.302777777777778,0.5000000000000000
2026-01-04,ZON-080,auto,3,0,0.6666666666666667,3.933333333333333,0.3333333333333333
2026-01-04,ZON-116,mini,4,4,0E-16,4.404166666666667,0.5000000000000000
2026-01-04,ZON-055,sedan,5,4,0.2000000000000000,2.2666666666666666,0.2000000000000000
2026-01-04,ZON-100,mini,8,2,0.5000000000000000,3.8333333333333335,0.7500000000000000
2026-01-04,ZON-049,auto,11,10,0.0909090909090909,3.9545454545454546,0.7272727272727273
2026-01-04,ZON-079,sedan,3,2,0.3333333333333333,2.9944444444444445,0.6666666666666667
2026-01-04,ZON-099,auto,4,3,0E-16,3.3833333333333333,0.5000000000000000
2026-01-04,ZON-068,sedan,3,1,0.6666666666666667,5.733333333333333,0.6666666666666667
2026-01-04,ZON-119,auto,6,5,0.1666666666666667,2.7694444444444444,0.1666666666666667
2026-01-04,ZON-054,mini,8,5,0.1250000000000000,3.8805555555555555,0.7500000000000000
2026-01-04,ZON-109,bike_taxi,5,2,0.4000000000000000,5.204166666666667,0.4000000000000000
2026-01-05,ZON-015,mini,6,4,0.3333333333333333,5.416666666666667,0.3333333333333333
2026-01-05,ZON-063,sedan,5,4,0E-16,4.720833333333333,0.6000000000000000
2026-01-05,ZON-042,mini,9,6,0.3333333333333333,2.437037037037037,0.3333333333333333
2026-01-05,ZON-067,auto,6,3,0.3333333333333333,4.076666666666666,0.6666666666666667
2026-01-05,ZON-064,sedan,2,2,0E-16,5.725,1.0000000000000000
2026-01-05,ZON-114,mini,10,3,0.5000000000000000,4.283333333333333,0.9000000000000000
2026-01-05,ZON-089,mini,8,7,0.1250000000000000,4.060416666666667,0.7500000000000000
2026-01-05,ZON-027,sedan,4,2,0.5000000000000000,4.9,0.7500000000000000
2026-01-05,ZON-041,mini,8,6,0.2500000000000000,2.4166666666666665,0.5000000000000000
2026-01-05,ZON-005,auto,7,6,0E-16,3.2583333333333333,0.5714285714285714
2026-01-04,ZON-111,bike_taxi,2,2,0E-16,3.0166666666666666,0.5000000000000000
2026-01-05,ZON-054,mini,12,6,0.2500000000000000,2.6740740740740745,0.6666666666666667
2026-01-05,ZON-010,auto,8,4,0.3750000000000000,3.769047619047619,0.7500000000000000
2026-01-05,ZON-077,mini,8,5,0.3750000000000000,3.9208333333333334,0.2500000000000000
2026-01-05,ZON-070,auto,7,4,0.2857142857142857,3.7444444444444445,0.8571428571428571
2026-01-05,ZON-036,sedan,4,2,0.2500000000000000,4.488888888888889,0.7500000000000000
2026-01-05,ZON-104,auto,9,7,0.1111111111111111,2.9916666666666667,0.4444444444444444
2026-01-05,ZON-079,sedan,6,6,0E-16,2.425,0.6666666666666667
2026-01-05,ZON-103,sedan,4,3,0E-16,2.311111111111111,0.2500000000000000
2026-01-05,ZON-056,auto,11,6,0.2727272727272727,3.7703703703703706,0.4545454545454545
2026-01-05,ZON-108,mini,5,2,0.6000000000000000,3.9166666666666665,0.6000000000000000
2026-01-05,ZON-043,mini,8,4,0.3750000000000000,3.8047619047619046,0.6250000000000000
2026-01-05,ZON-052,sedan,5,3,0.4000000000000000,3.58,0.4000000000000000
2026-01-05,ZON-028,auto,6,3,0.5000000000000000,3.219444444444444,0.8333333333333333
2026-01-05,ZON-053,mini,8,4,0.2500000000000000,3.8972222222222226,1.0000000000000000
2026-01-05,ZON-091,auto,3,3,0E-16,4.677777777777778,0.6666666666666667
2026-01-05,ZON-025,auto,2,2,0E-16,5.325,1.0000000000000000
2026-01-05,ZON-002,mini,6,5,0.1666666666666667,3.7222222222222223,0.6666666666666667
2026-01-05,ZON-107,bike_taxi,2,1,0.5000000000000000,2.216666666666667,1.0000000000000000
2026-01-05,ZON-031,auto,2,2,0E-16,2.925,0.5000000000000000
2026-01-06,ZON-081,auto,9,2,0.3333333333333333,3.06,0.3333333333333333
2026-01-06,ZON-062,mini,9,4,0.3333333333333333,4.623809523809524,0.5555555555555556
2026-01-06,ZON-115,sedan,5,1,0.4000000000000000,4.566666666666666,0.6000000000000000
2026-01-06,ZON-012,bike_taxi,6,4,0.3333333333333333,4.366666666666666,0.1666666666666667
2026-01-06,ZON-087,mini,5,2,0.4000000000000000,1.7541666666666667,0.8000000000000000
2026-01-06,ZON-050,mini,10,8,0.1000000000000000,3.9722222222222223,0.6000000000000000
2026-01-06,ZON-074,bike_taxi,7,6,0E-16,3.4472222222222224,0.8571428571428571
2026-01-06,ZON-062,sedan,5,5,0E-16,3.6533333333333333,0.2000000000000000
2026-01-06,ZON-104,auto,7,3,0.2857142857142857,3.08,0.8571428571428571
2026-01-06,ZON-110,sedan,4,2,0.5000000000000000,3.0791666666666666,0.7500000000000000
2026-01-06,ZON-049,mini,10,7,0.2000000000000000,3.4537037037037037,0.4000000000000000
2026-01-06,ZON-010,mini,6,1,0.6666666666666667,4.510000000000001,0.3333333333333333
2026-01-06,ZON-115,mini,11,4,0.2727272727272727,4.961904761904762,0.6363636363636364
2026-01-06,ZON-014,auto,6,5,0.1666666666666667,3.0,0.6666666666666667
2026-01-06,ZON-102,mini,8,5,0E-16,3.9166666666666665,0.3750000000000000
2026-01-06,ZON-034,bike_taxi,6,3,0.5000000000000000,2.638888888888889,0.8333333333333333
2026-01-07,ZON-059,mini,12,9,0.1666666666666667,4.442424242424242,0.5833333333333333
2026-01-07,ZON-086,auto,5,2,0.2000000000000000,5.794444444444445,0.6000000000000000
2026-01-07,ZON-082,mini,7,3,0.4285714285714286,2.7666666666666666,0.5714285714285714
2026-01-07,ZON-099,mini,13,6,0.4615384615384615,3.3722222222222222,0.5384615384615385
2026-01-07,ZON-008,auto,6,3,0.5000000000000000,5.075,0.6666666666666667
2026-01-07,ZON-042,auto,4,3,0E-16,3.4944444444444445,0.7500000000000000
2026-01-07,ZON-045,bike_taxi,8,5,0.1250000000000000,3.1194444444444445,0.7500000000000000
2026-01-07,ZON-055,auto,5,2,0.2000000000000000,5.138888888888888,0.4000000000000000
2026-01-07,ZON-120,bike_taxi,5,4,0.2000000000000000,4.63,0.8000000000000000
2026-01-07,ZON-116,auto,2,1,0.5000000000000000,3.575,0.5000000000000000
2026-01-07,ZON-061,bike_taxi,8,6,0.2500000000000000,4.183333333333334,0.6250000000000000
2026-01-07,ZON-062,auto,5,4,0.2000000000000000,4.4766666666666675,0.8000000000000000
2026-01-07,ZON-074,mini,3,2,0.3333333333333333,2.9944444444444445,0E-16
2026-01-07,ZON-039,sedan,7,6,0.1428571428571429,3.757142857142857,0.7142857142857143
2026-01-07,ZON-102,sedan,4,2,0.5000000000000000,2.716666666666667,1.0000000000000000
2026-01-07,ZON-016,auto,4,2,0.5000000000000000,4.541666666666667,0.2500000000000000
2026-01-07,ZON-104,sedan,4,2,0.2500000000000000,4.822222222222222,0.5000000000000000
2026-01-07,ZON-038,bike_taxi,6,4,0.1666666666666667,2.77,0.5000000000000000
2026-01-07,ZON-095,bike_taxi,4,2,0.5000000000000000,3.9375,0.7500000000000000
2026-01-07,ZON-065,auto,6,3,0.1666666666666667,3.308333333333333,0.5000000000000000
2026-01-07,ZON-096,mini,8,5,0.2500000000000000,2.835714285714286,0.6250000000000000
2026-01-07,ZON-075,auto,3,1,0E-16,6.95,0.3333333333333333
2026-01-07,ZON-061,auto,6,3,0.3333333333333333,4.076666666666666,0.6666666666666667
2026-01-07,ZON-025,bike_taxi,5,3,0.4000000000000000,3.5233333333333334,0.6000000000000000
2026-01-07,ZON-093,auto,5,5,0E-16,5.3533333333333335,0.4000000000000000
2026-01-07,ZON-007,sedan,6,4,0E-16,4.504166666666666,0.3333333333333333
2026-01-07,ZON-039,bike_taxi,7,3,0.4285714285714286,4.297222222222222,0.7142857142857143
2026-01-07,ZON-110,bike_taxi,4,3,0.2500000000000000,5.141666666666667,0.5000000000000000
2026-01-07,ZON-115,mini,3,2,0.3333333333333333,1.1111111111111112,0.3333333333333333
2026-01-08,ZON-086,auto,6,6,0E-16,3.986111111111111,0.3333333333333333
2026-01-08,ZON-096,mini,8,5,0.2500000000000000,3.7476190476190476,0.7500000000000000
2026-01-08,ZON-114,bike_taxi,8,6,0.1250000000000000,5.026190476190476,0.7500000000000000
2026-01-08,ZON-090,bike_taxi,2,1,0.5000000000000000,3.85,0.5000000000000000
2026-01-08,ZON-033,mini,4,4,0E-16,4.195833333333334,0.7500000000000000
2026-01-08,ZON-074,mini,4,4,0E-16,3.3208333333333333,0.5000000000000000
2026-01-08,ZON-029,auto,7,6,0.1428571428571429,4.183333333333334,0.2857142857142857
2026-01-08,ZON-063,auto,9,8,0.1111111111111111,2.840740740740741,0.6666666666666667
2026-01-08,ZON-010,auto,3,2,0.3333333333333333,4.288888888888889,0.6666666666666667
2026-01-08,ZON-109,auto,6,5,0.1666666666666667,3.3666666666666667,0.6666666666666667
2026-01-08,ZON-054,sedan,4,2,0.2500000000000000,4.022222222222222,0.5000000000000000
2026-01-08,ZON-083,mini,12,7,0.3333333333333333,3.66969696969697,0.5833333333333333
2026-01-08,ZON-079,bike_taxi,5,3,0.2000000000000000,2.8,0.8000000000000000
2026-01-08,ZON-040,sedan,2,2,0E-16,3.525,0.5000000000000000
2026-01-08,ZON-092,sedan,8,6,0.2500000000000000,3.8916666666666666,0.6250000000000000
2026-01-08,ZON-060,sedan,2,1,0E-16,5.283333333333333,0E-16
2026-01-08,ZON-112,sedan,2,0,1.0000000000000000,4.725,0.5000000000000000
2026-01-09,ZON-018,bike_taxi,8,5,0E-16,4.163333333333333,0.6250000000000000
2026-01-09,ZON-041,bike_taxi,9,5,0.2222222222222222,4.254761904761905,0.5555555555555556
2026-01-09,ZON-010,mini,5,1,0.6000000000000000,4.1,0.6000000000000000
2026-01-09,ZON-040,mini,8,8,0E-16,3.0541666666666667,0.6250000000000000
2026-01-09,ZON-052,auto,10,7,0.2000000000000000,3.761111111111111,0.3000000000000000
2026-01-09,ZON-052,sedan,7,5,0.2857142857142857,3.6,0.7142857142857143
2026-01-09,ZON-009,bike_taxi,4,3,0.2500000000000000,2.9166666666666665,0.5000000000000000
2026-01-09,ZON-060,auto,4,3,0E-16,3.7277777777777774,1.0000000000000000
2026-01-09,ZON-007,auto,8,6,0.1250000000000000,3.7238095238095235,0.6250000000000000
2026-01-09,ZON-036,mini,5,4,0E-16,2.6333333333333333,0.4000000000000000
2026-01-09,ZON-101,mini,6,4,0.3333333333333333,3.841666666666667,0E-16
2026-01-10,ZON-115,auto,6,5,0.1666666666666667,3.4722222222222223,0.3333333333333333
2026-01-10,ZON-077,bike_taxi,7,3,0.5714285714285714,3.74047619047619,0.5714285714285714
2026-01-10,ZON-028,mini,9,5,0.4444444444444444,3.5685185185185184,0.3333333333333333
2026-01-10,ZON-025,bike_taxi,5,2,0.4000000000000000,3.125,0.4000000000000000
2026-01-10,ZON-118,mini,11,4,0.4545454545454545,3.7425925925925925,0.2727272727272727
2026-01-10,ZON-086,sedan,4,3,0E-16,3.7,1.0000000000000000
2026-01-10,ZON-096,auto,6,3,0.3333333333333333,5.036666666666666,0.3333333333333333
2026-01-10,ZON-056,bike_taxi,5,2,0.6000000000000000,3.6766666666666667,0.8000000000000000
2026-01-10,ZON-072,mini,8,3,0.2500000000000000,3.7733333333333334,0.6250000000000000
2026-01-10,ZON-015,auto,7,5,0.2857142857142857,3.7738095238095237,0.7142857142857143
2026-01-10,ZON-085,mini,3,3,0E-16,1.777777777777778,0.6666666666666667
2026-01-10,ZON-068,mini,3,3,0E-16,3.0722222222222224,0.6666666666666667
2026-01-10,ZON-037,mini,7,5,0.1428571428571429,3.988888888888889,0.2857142857142857
2026-01-11,ZON-110,auto,8,6,0E-16,3.7972222222222225,0.5000000000000000
2026-01-11,ZON-081,auto,8,6,0.2500000000000000,3.89375,0.6250000000000000
2026-01-11,ZON-078,mini,8,4,0.2500000000000000,4.952777777777778,0.5000000000000000
2026-01-11,ZON-028,sedan,6,6,0E-16,2.4,0.5000000000000000
2026-01-11,ZON-109,auto,8,4,0.5000000000000000,2.5875,0.7500000000000000
2026-01-11,ZON-087,sedan,6,3,0.5000000000000000,4.0,0.3333333333333333
2026-01-11,ZON-069,auto,5,3,0.2000000000000000,4.808333333333334,0.4000000000000000
2026-01-11,ZON-090,auto,7,6,0.1428571428571429,3.988095238095238,0.4285714285714286
2026-01-11,ZON-096,mini,9,7,0.2222222222222222,3.640740740740741,0.5555555555555556
2026-01-11,ZON-007,auto,5,3,0.2000000000000000,4.616666666666666,0.4000000000000000
2026-01-11,ZON-079,auto,5,3,0.4000000000000000,3.3800000000000003,0.8000000000000000
2026-01-11,ZON-085,auto,3,2,0.3333333333333333,3.538888888888889,1.0000000000000000
2026-01-11,ZON-118,sedan,5,2,0.4000000000000000,4.095833333333333,0.6000000000000000
2026-01-11,ZON-025,bike_taxi,7,6,0.1428571428571429,4.3690476190476195,0.2857142857142857
2026-01-11,ZON-008,bike_taxi,3,2,0.3333333333333333,2.216666666666667,0.6666666666666667
2026-01-12,ZON-118,sedan,8,5,0.3750000000000000,2.839583333333333,0.7500000000000000
2026-01-12,ZON-061,auto,11,8,0.1818181818181818,3.8516666666666666,0.7272727272727273
2026-01-12,ZON-058,mini,12,6,0.5000000000000000,4.1194444444444445,0.6666666666666667
2026-01-12,ZON-075,auto,6,4,0.3333333333333333,4.033333333333333,0.6666666666666667
2026-01-12,ZON-054,mini,11,6,0.3636363636363636,3.7016666666666667,0.4545454545454545
2026-01-12,ZON-102,sedan,2,2,0E-16,4.791666666666667,0.5000000000000000
2026-01-12,ZON-066,auto,10,6,0.2000000000000000,3.464583333333333,0.5000000000000000
2026-01-12,ZON-037,mini,11,5,0.2727272727272727,3.35,0.6363636363636364
2026-01-12,ZON-039,auto,8,4,0.5000000000000000,4.939583333333333,0.6250000000000000
2026-01-12,ZON-052,sedan,5,3,0.2000000000000000,3.2083333333333335,0.4000000000000000
2026-01-12,ZON-004,bike_taxi,9,6,0.1111111111111111,2.84047619047619,0.7777777777777778
2026-01-12,ZON-090,mini,9,8,0.1111111111111111,3.3833333333333333,0.8888888888888889
2026-01-12,ZON-060,bike_taxi,8,7,0.1250000000000000,3.404166666666667,0.7500000000000000
2026-01-12,ZON-092,sedan,3,2,0E-16,5.875,1.0000000000000000
2026-01-12,ZON-089,auto,6,3,0.3333333333333333,4.3,0.6666666666666667
2026-01-12,ZON-038,sedan,3,3,0E-16,4.261111111111111,0.3333333333333333
2026-01-12,ZON-007,sedan,3,3,0E-16,1.827777777777778,0.6666666666666667
2026-01-12,ZON-085,auto,3,2,0.3333333333333333,2.361111111111111,0E-16
2026-01-13,ZON-115,bike_taxi,6,4,0.3333333333333333,4.297222222222222,0.8333333333333333
2026-01-13,ZON-069,mini,10,7,0.1000000000000000,3.6875,0.6000000000000000
2026-01-13,ZON-046,bike_taxi,6,3,0.5000000000000000,4.211111111111111,0.8333333333333333
2026-01-13,ZON-032,sedan,3,1,0.6666666666666667,3.9277777777777776,0.6666666666666667
2026-01-13,ZON-090,auto,7,7,0E-16,3.169047619047619,0.7142857142857143
2026-01-13,ZON-084,auto,4,3,0E-16,4.055555555555555,0.7500000000000000
2026-01-13,ZON-082,sedan,3,2,0E-16,1.975,0.3333333333333333
2026-01-13,ZON-050,mini,7,5,0.1428571428571429,2.611111111111111,0.4285714285714286
2026-01-13,ZON-030,bike_taxi,7,5,0.2857142857142857,3.778571428571429,0.8571428571428571
2026-01-13,ZON-073,auto,7,6,0.1428571428571429,3.7285714285714286,0.8571428571428571
2026-01-13,ZON-083,auto,6,4,0E-16,3.716666666666667,0.6666666666666667
2026-01-13,ZON-054,sedan,5,2,0.6000000000000000,3.58,0.4000000000000000
2026-01-12,ZON-048,auto,1,0,0E-16,,1.0000000000000000
2026-01-13,ZON-038,sedan,1,1,0E-16,5.466666666666667,0E-16
2026-01-14,ZON-062,bike_taxi,6,2,0.3333333333333333,4.116666666666666,0.3333333333333333
2026-01-14,ZON-078,auto,6,1,0.5000000000000000,2.754166666666667,0.3333333333333333
2026-01-14,ZON-100,bike_taxi,4,2,0.5000000000000000,5.316666666666666,0.5000000000000000
2026-01-14,ZON-056,mini,5,4,0E-16,1.5541666666666667,0.6000000000000000
2026-01-14,ZON-038,sedan,3,3,0E-16,3.2444444444444445,0.6666666666666667
2026-01-14,ZON-075,sedan,6,3,0.3333333333333333,4.113333333333333,0.3333333333333333
2026-01-14,ZON-111,sedan,8,5,0.2500000000000000,4.071428571428571,0.6250000000000000
2026-01-14,ZON-117,sedan,4,2,0.2500000000000000,3.138888888888889,0.5000000000000000
2026-01-14,ZON-102,sedan,5,4,0.2000000000000000,2.1966666666666668,0.6000000000000000
2026-01-14,ZON-005,auto,7,4,0.2857142857142857,3.158333333333333,0.8571428571428571
2026-01-14,ZON-068,bike_taxi,7,3,0.2857142857142857,3.96,0.4285714285714286
2026-01-14,ZON-029,sedan,7,5,0.2857142857142857,3.335714285714286,0.4285714285714286
2026-01-14,ZON-010,sedan,5,4,0.2000000000000000,4.693333333333333,0.6000000000000000
2026-01-14,ZON-070,bike_taxi,4,3,0E-16,3.7277777777777774,0.5000000000000000
2026-01-14,ZON-061,sedan,6,4,0.3333333333333333,3.1,0.1666666666666667
2026-01-14,ZON-055,auto,10,8,0.2000000000000000,3.7266666666666666,0.4000000000000000
2026-01-14,ZON-060,bike_taxi,4,4,0E-16,5.095833333333333,1.0000000000000000
2026-01-14,ZON-018,sedan,6,3,0.3333333333333333,2.9699999999999998,0.3333333333333333
2026-01-14,ZON-080,sedan,4,2,0E-16,2.475,0.5000000000000000
2026-01-01,ZON-026,sedan,7,6,0E-16,3.1472222222222226,0.4285714285714286
2026-01-01,ZON-109,bike_taxi,3,3,0E-16,3.7222222222222223,0.6666666666666667
2026-01-01,ZON-092,mini,6,5,0.1666666666666667,3.0055555555555555,0.3333333333333333
2026-01-01,ZON-026,auto,8,3,0.3750000000000000,3.513888888888889,0.3750000000000000
2026-01-01,ZON-069,bike_taxi,8,6,0.1250000000000000,3.6142857142857143,0.5000000000000000
2026-01-01,ZON-094,auto,8,3,0.3750000000000000,5.219444444444445,0.8750000000000000
2026-01-01,ZON-093,sedan,8,5,0.3750000000000000,4.75625,0.3750000000000000
2026-01-01,ZON-102,bike_taxi,7,4,0.2857142857142857,4.722222222222222,0.7142857142857143
2026-01-01,ZON-114,sedan,4,3,0.2500000000000000,6.145833333333333,0.2500000000000000
2026-01-01,ZON-063,auto,5,3,0.4000000000000000,3.7633333333333336,0E-16
2026-01-01,ZON-030,auto,8,5,0.3750000000000000,4.70625,1.0000000000000000
2026-01-01,ZON-113,sedan,2,1,0E-16,6.433333333333334,0E-16
2026-01-01,ZON-098,sedan,4,2,0.2500000000000000,4.177777777777778,0.2500000000000000
2026-01-01,ZON-004,sedan,4,4,0E-16,4.041666666666667,0.7500000000000000
2026-01-01,ZON-085,auto,2,1,0E-16,1.9166666666666667,1.0000000000000000
2026-01-01,ZON-062,auto,4,3,0.2500000000000000,2.5625,0.7500000000000000
2026-01-01,ZON-024,sedan,2,2,0E-16,3.158333333333333,0.5000000000000000
2026-01-01,ZON-116,sedan,2,2,0E-16,2.3333333333333335,0.5000000000000000
2026-01-02,ZON-090,sedan,5,2,0E-16,2.95,0.8000000000000000
2026-01-02,ZON-094,auto,8,5,0.2500000000000000,4.014285714285714,0.5000000000000000
2026-01-02,ZON-118,sedan,5,2,0.4000000000000000,3.720833333333333,0.4000000000000000
2026-01-02,ZON-104,mini,6,3,0.3333333333333333,5.706666666666666,0.5000000000000000
2026-01-02,ZON-038,bike_taxi,6,4,0.1666666666666667,2.853333333333333,0.5000000000000000
2026-01-02,ZON-018,auto,5,4,0.2000000000000000,3.8699999999999997,0.6000000000000000
2026-01-02,ZON-019,mini,5,2,0E-16,3.125,0.2000000000000000
2026-01-02,ZON-016,mini,6,2,0.1666666666666667,3.961111111111111,0.5000000000000000
2026-01-02,ZON-085,mini,8,4,0.3750000000000000,4.31904761904762,0.6250000000000000
2026-01-02,ZON-093,auto,6,3,0.3333333333333333,3.0933333333333333,0.8333333333333333
2026-01-02,ZON-081,sedan,6,4,0.1666666666666667,2.756666666666667,0.5000000000000000
2026-01-02,ZON-071,mini,6,2,0.3333333333333333,2.6958333333333333,0.6666666666666667
2026-01-02,ZON-058,sedan,3,2,0.3333333333333333,3.566666666666667,0.6666666666666667
2026-01-02,ZON-029,mini,6,3,0.3333333333333333,3.31,0.6666666666666667
2026-01-02,ZON-116,bike_taxi,3,1,0.6666666666666667,4.111111111111111,0.6666666666666667
2026-01-02,ZON-112,auto,9,5,0.3333333333333333,3.277083333333333,0.4444444444444444
2026-01-02,ZON-060,bike_taxi,3,2,0.3333333333333333,3.138888888888889,0.3333333333333333
2026-01-02,ZON-015,sedan,2,1,0.5000000000000000,4.283333333333333,0.5000000000000000
2026-01-03,ZON-019,sedan,5,4,0E-16,4.35,0.8000000000000000
2026-01-03,ZON-030,sedan,4,3,0.2500000000000000,4.1875,1.0000000000000000
2026-01-03,ZON-083,bike_taxi,7,3,0.5714285714285714,4.083333333333333,0.4285714285714286
2026-01-03,ZON-042,sedan,3,2,0.3333333333333333,3.0166666666666666,0.3333333333333333
2026-01-03,ZON-046,sedan,4,4,0E-16,5.1,0.5000000000000000
2026-01-03,ZON-106,mini,10,7,0.3000000000000000,3.8866666666666663,0.9000000000000000
2026-01-03,ZON-028,mini,5,3,0.4000000000000000,5.253333333333333,0.8000000000000000
2026-01-03,ZON-034,bike_taxi,5,5,0E-16,3.066666666666667,0.4000000000000000
2026-01-03,ZON-089,auto,8,4,0.5000000000000000,3.4,0.7500000000000000
2026-01-03,ZON-095,auto,10,5,0.2000000000000000,2.907142857142857,0.7000000000000000
2026-01-03,ZON-049,mini,12,6,0.2500000000000000,3.6814814814814816,0.5833333333333333
2026-01-03,ZON-074,sedan,3,2,0.3333333333333333,3.2444444444444445,0.3333333333333333
2026-01-03,ZON-117,bike_taxi,6,3,0.1666666666666667,3.0083333333333333,0.6666666666666667
2026-01-03,ZON-080,mini,4,2,0.5000000000000000,3.9541666666666666,0.5000000000000000
2026-01-03,ZON-106,sedan,2,1,0E-16,1.15,1.0000000000000000
2026-01-04,ZON-066,bike_taxi,4,4,0E-16,3.3958333333333335,0.5000000000000000
2026-01-04,ZON-018,bike_taxi,2,1,0E-16,2.8,0.5000000000000000
2026-01-04,ZON-117,auto,10,6,0.3000000000000000,4.316666666666666,0.5000000000000000
2026-01-04,ZON-044,auto,5,2,0.4000000000000000,3.225,0.4000000000000000
2026-01-04,ZON-090,auto,12,8,0.0833333333333333,4.659259259259259,0.5000000000000000
2026-01-04,ZON-118,mini,13,11,0.1538461538461538,3.6423076923076922,0.5384615384615385
2026-01-04,ZON-060,bike_taxi,3,2,0.3333333333333333,3.488888888888889,1.0000000000000000
2026-01-04,ZON-029,auto,6,3,0.3333333333333333,3.6933333333333334,0.5000000000000000
2026-01-04,ZON-003,mini,4,3,0E-16,4.9944444444444445,0.5000000000000000
2026-01-04,ZON-098,mini,9,6,0.2222222222222222,4.09375,0.4444444444444444
2026-01-04,ZON-020,mini,6,2,0.6666666666666667,4.122222222222223,0.6666666666666667
2026-01-04,ZON-087,mini,5,2,0.6000000000000000,2.8400000000000003,0.6000000000000000
2026-01-04,ZON-100,bike_taxi,6,5,0E-16,3.7633333333333336,0.3333333333333333
2026-01-04,ZON-107,auto,9,4,0.3333333333333333,5.2214285714285715,0.5555555555555556
2026-01-04,ZON-056,auto,6,3,0.5000000000000000,3.475,0.3333333333333333
2026-01-04,ZON-096,sedan,4,3,0E-16,3.25,0.7500000000000000
2026-01-04,ZON-108,auto,7,3,0.1428571428571429,4.254166666666666,0.7142857142857143
2026-01-04,ZON-113,mini,12,6,0.4166666666666667,3.246969696969697,0.4166666666666667
2026-01-04,ZON-040,mini,10,7,0.3000000000000000,2.841666666666667,0.4000000000000000
2026-01-04,ZON-046,auto,4,3,0.2500000000000000,2.6125,0.5000000000000000
2026-01-04,ZON-026,auto,6,4,0.1666666666666667,4.483333333333333,0.5000000000000000
2026-01-04,ZON-018,mini,5,2,0.6000000000000000,2.6233333333333335,0.8000000000000000
2026-01-04,ZON-048,bike_taxi,4,2,0.2500000000000000,2.183333333333333,0.2500000000000000
2026-01-04,ZON-067,sedan,5,2,0.4000000000000000,3.2,1.0000000000000000
2026-01-05,ZON-057,bike_taxi,9,9,0E-16,4.211111111111111,0.7777777777777778
2026-01-05,ZON-061,sedan,4,2,0.5000000000000000,5.058333333333334,0.5000000000000000
2026-01-05,ZON-023,mini,12,8,0.2500000000000000,3.062121212121212,0.9166666666666667
2026-01-04,ZON-061,sedan,5,3,0.2000000000000000,2.216666666666667,0.6000000000000000
2026-01-05,ZON-069,auto,7,2,0.4285714285714286,4.183333333333334,0.4285714285714286
2026-01-05,ZON-034,auto,9,7,0.2222222222222222,4.222222222222222,0.4444444444444444
2026-01-05,ZON-009,bike_taxi,6,6,0E-16,3.7972222222222225,0.5000000000000000
2026-01-05,ZON-102,mini,4,2,0.5000000000000000,5.3625,1.0000000000000000
2026-01-05,ZON-019,sedan,2,2,0E-16,3.658333333333333,0.5000000000000000
2026-01-05,ZON-044,mini,7,3,0.5714285714285714,3.4547619047619045,0.2857142857142857
2026-01-05,ZON-047,sedan,6,4,0.1666666666666667,3.646666666666667,0.5000000000000000
2026-01-05,ZON-043,auto,5,4,0.2000000000000000,4.293333333333334,0.8000000000000000
2026-01-05,ZON-025,sedan,2,1,0E-16,5.0,0E-16
2026-01-05,ZON-091,bike_taxi,2,0,1.0000000000000000,4.858333333333333,0E-16
2026-01-05,ZON-093,sedan,6,6,0E-16,4.708333333333333,0.3333333333333333
2026-01-05,ZON-054,bike_taxi,4,4,0E-16,1.8333333333333333,0.7500000000000000
2026-01-05,ZON-021,mini,8,5,0.2500000000000000,3.9023809523809523,0.2500000000000000
2026-01-05,ZON-065,bike_taxi,2,2,0E-16,1.8166666666666667,1.0000000000000000
2026-01-05,ZON-043,sedan,2,0,0.5000000000000000,2.15,1.0000000000000000
2026-01-06,ZON-018,bike_taxi,3,2,0.3333333333333333,3.161111111111111,0.6666666666666667
2026-01-06,ZON-059,bike_taxi,2,2,0E-16,1.025,0.5000000000000000
2026-01-06,ZON-024,auto,5,5,0E-16,4.683333333333334,0.8000000000000000
2026-01-06,ZON-057,sedan,6,4,0.1666666666666667,3.1766666666666667,0.6666666666666667
2026-01-06,ZON-107,bike_taxi,6,3,0.5000000000000000,5.4,0.1666666666666667
2026-01-06,ZON-048,mini,10,7,0.1000000000000000,3.85625,0.6000000000000000
2026-01-06,ZON-062,bike_taxi,6,4,0E-16,4.595833333333333,0E-16
2026-01-06,ZON-005,sedan,5,3,0.2000000000000000,2.9291666666666667,1.0000000000000000
2026-01-06,ZON-113,bike_taxi,2,1,0E-16,3.1333333333333333,0E-16
2026-01-06,ZON-119,mini,6,3,0.3333333333333333,3.2,0.8333333333333333
2026-01-06,ZON-074,mini,4,3,0.2500000000000000,3.9208333333333334,0.7500000000000000
2026-01-06,ZON-073,mini,4,3,0.2500000000000000,4.433333333333334,0.2500000000000000
2026-01-06,ZON-117,mini,7,6,0.1428571428571429,2.854761904761905,0.4285714285714286
2026-01-06,ZON-119,sedan,4,3,0E-16,3.5166666666666666,0.5000000000000000
2026-01-06,ZON-027,sedan,5,1,0.2000000000000000,1.1083333333333334,0.6000000000000000
2026-01-06,ZON-079,mini,6,4,0.1666666666666667,3.4833333333333334,0.6666666666666667
2026-01-06,ZON-073,bike_taxi,6,3,0.3333333333333333,4.776666666666667,0.8333333333333333
2026-01-06,ZON-083,auto,4,1,0.5000000000000000,4.127777777777777,1.0000000000000000
2026-01-06,ZON-055,mini,6,3,0.3333333333333333,4.67,0.5000000000000000
2026-01-06,ZON-082,auto,4,3,0.2500000000000000,4.666666666666667,0.7500000000000000
2026-01-05,ZON-035,sedan,2,2,0E-16,3.7083333333333335,0.5000000000000000
2026-01-07,ZON-053,sedan,4,3,0.2500000000000000,3.4916666666666667,1.0000000000000000
2026-01-07,ZON-085,bike_taxi,11,8,0.0909090909090909,3.3833333333333333,0.5454545454545455
2026-01-07,ZON-072,mini,9,4,0.3333333333333333,3.933333333333333,0.7777777777777778
2026-01-07,ZON-017,auto,8,5,0E-16,1.6166666666666667,0.6250000000000000
2026-01-07,ZON-022,mini,10,7,0.2000000000000000,4.385185185185184,0.5000000000000000
2026-01-07,ZON-090,auto,9,4,0.4444444444444444,3.33125,0.4444444444444444
2026-01-07,ZON-021,sedan,5,3,0.2000000000000000,3.9,0.6000000000000000
2026-01-07,ZON-079,auto,13,12,0.0769230769230769,2.828205128205128,0.4615384615384615
2026-01-07,ZON-065,bike_taxi,5,3,0.2000000000000000,3.6791666666666667,0.4000000000000000
2026-01-07,ZON-089,auto,4,3,0.2500000000000000,4.4125,0.5000000000000000
2026-01-07,ZON-004,mini,9,4,0.3333333333333333,4.011904761904762,0.6666666666666667
2026-01-07,ZON-009,mini,4,1,0.7500000000000000,3.4833333333333334,0.5000000000000000
2026-01-07,ZON-094,mini,6,2,0E-16,3.2416666666666667,0.5000000000000000
2026-01-07,ZON-045,mini,3,2,0.3333333333333333,3.638888888888889,1.0000000000000000
2026-01-07,ZON-113,mini,5,4,0E-16,3.870833333333333,0.6000000000000000
2026-01-07,ZON-096,bike_taxi,5,4,0.2000000000000000,4.093333333333333,0.8000000000000000
2026-01-07,ZON-120,sedan,3,1,0.6666666666666667,4.877777777777778,0.6666666666666667
2026-01-07,ZON-012,auto,4,3,0.2500000000000000,2.1958333333333333,0E-16
2026-01-07,ZON-097,mini,4,2,0.5000000000000000,2.6,1.0000000000000000
2026-01-07,ZON-047,sedan,2,2,0E-16,2.7666666666666666,1.0000000000000000
2026-01-07,ZON-001,sedan,2,2,0E-16,3.6333333333333333,1.0000000000000000
2026-01-08,ZON-075,sedan,3,1,0.6666666666666667,3.2444444444444445,0.6666666666666667
2026-01-08,ZON-061,mini,8,5,0.3750000000000000,3.2,0.6250000000000000
2026-01-08,ZON-058,mini,6,3,0.3333333333333333,4.203333333333333,0.8333333333333333
2026-01-08,ZON-019,bike_taxi,5,4,0.2000000000000000,2.9466666666666668,0.6000000000000000
2026-01-08,ZON-101,auto,6,4,0.3333333333333333,2.375,0.6666666666666667
2026-01-08,ZON-022,sedan,9,6,0.1111111111111111,3.561904761904762,1.0000000000000000
2026-01-08,ZON-002,sedan,5,4,0.2000000000000000,4.61,0E-16
2026-01-08,ZON-096,sedan,4,4,0E-16,3.1875,1.0000000000000000
2026-01-08,ZON-037,bike_taxi,2,1,0E-16,1.5333333333333334,0.5000000000000000
2026-01-08,ZON-108,sedan,4,2,0E-16,3.025,0.7500000000000000
2026-01-08,ZON-073,mini,7,4,0.4285714285714286,3.3833333333333333,0.7142857142857143
2026-01-08,ZON-089,bike_taxi,3,2,0.3333333333333333,6.472222222222222,0.3333333333333333
2026-01-08,ZON-110,auto,4,3,0E-16,2.1444444444444444,0.5000000000000000
2026-01-08,ZON-003,mini,4,2,0.5000000000000000,2.9166666666666665,0.7500000000000000
2026-01-08,ZON-085,bike_taxi,1,1,0E-16,6.316666666666666,1.0000000000000000
2026-01-09,ZON-055,bike_taxi,8,7,0E-16,4.892857142857142,0.3750000000000000
2026-01-09,ZON-109,bike_taxi,8,4,0.1250000000000000,3.9099999999999997,0.7500000000000000
2026-01-09,ZON-016,mini,7,2,0.4285714285714286,4.173333333333334,0.7142857142857143
2026-01-09,ZON-061,bike_taxi,6,4,0.1666666666666667,2.243333333333333,0.3333333333333333
2026-01-09,ZON-051,mini,5,4,0.2000000000000000,5.703333333333333,0.8000000000000000
2026-01-09,ZON-052,mini,6,4,0.1666666666666667,3.99,0.3333333333333333
2026-01-09,ZON-093,auto,5,3,0.4000000000000000,4.593333333333334,0.6000000000000000
2026-01-09,ZON-055,auto,10,6,0.4000000000000000,3.2066666666666666,0.5000000000000000
2026-01-09,ZON-039,bike_taxi,5,1,0.8000000000000000,3.0533333333333332,0.6000000000000000
2026-01-09,ZON-023,auto,8,6,0.2500000000000000,4.3125,0.7500000000000000
2026-01-09,ZON-028,bike_taxi,5,4,0E-16,3.404166666666667,0.4000000000000000
2026-01-09,ZON-081,auto,8,3,0.2500000000000000,1.8599999999999999,0.8750000000000000
2026-01-09,ZON-068,bike_taxi,8,3,0E-16,3.594444444444444,0.5000000000000000
2026-01-09,ZON-035,auto,4,3,0.2500000000000000,4.795833333333333,0.7500000000000000
2026-01-09,ZON-044,bike_taxi,6,5,0.1666666666666667,4.147222222222222,0.5000000000000000
2026-01-09,ZON-115,sedan,3,2,0E-16,5.5,0.6666666666666667
2026-01-09,ZON-013,bike_taxi,4,2,0.2500000000000000,2.788888888888889,0.5000000000000000
2026-01-09,ZON-020,bike_taxi,10,9,0.1000000000000000,3.4099999999999997,0.5000000000000000
2026-01-09,ZON-069,bike_taxi,3,2,0.3333333333333333,5.683333333333334,0.3333333333333333
2026-01-09,ZON-043,bike_taxi,4,3,0.2500000000000000,4.870833333333334,0.5000000000000000
2026-01-09,ZON-092,auto,2,1,0.5000000000000000,2.8666666666666667,0.5000000000000000
2026-01-09,ZON-060,mini,5,2,0.4000000000000000,5.566666666666666,0.4000000000000000
2026-01-09,ZON-016,sedan,4,2,0.2500000000000000,5.627777777777778,0.7500000000000000
2026-01-10,ZON-010,auto,7,6,0.1428571428571429,4.352380952380953,0.5714285714285714
2026-01-10,ZON-074,bike_taxi,3,2,0E-16,4.083333333333333,1.0000000000000000
2026-01-10,ZON-118,sedan,4,3,0.2500000000000000,1.3208333333333333,0.5000000000000000
2026-01-10,ZON-081,auto,7,3,0.5714285714285714,2.8523809523809525,0.5714285714285714
2026-01-10,ZON-110,auto,7,6,0E-16,3.3222222222222224,0.4285714285714286
2026-01-10,ZON-032,bike_taxi,2,1,0.5000000000000000,0.8583333333333333,0E-16
2026-01-10,ZON-023,bike_taxi,7,6,0E-16,2.3305555555555557,0.7142857142857143
2026-01-10,ZON-088,mini,8,6,0.1250000000000000,4.45952380952381,0.7500000000000000
2026-01-10,ZON-062,mini,7,3,0.2857142857142857,3.2133333333333334,0E-16
2026-01-10,ZON-040,auto,7,3,0.5714285714285714,2.5547619047619046,0.5714285714285714
2026-01-10,ZON-065,mini,6,3,0.5000000000000000,4.519444444444445,0.5000000000000000
2026-01-10,ZON-007,bike_taxi,2,2,0E-16,4.475,0E-16
2026-01-10,ZON-082,auto,3,3,0E-16,3.311111111111111,0.6666666666666667
2026-01-10,ZON-098,sedan,2,2,0E-16,2.2083333333333335,0.5000000000000000
2026-01-10,ZON-033,bike_taxi,4,1,0.5000000000000000,3.6777777777777776,0.7500000000000000
2026-01-11,ZON-047,bike_taxi,3,2,0.3333333333333333,4.044444444444444,0.6666666666666667
2026-01-11,ZON-022,mini,8,8,0E-16,3.589583333333333,0.7500000000000000
2026-01-11,ZON-033,mini,9,4,0.5555555555555556,4.0962962962962965,0.5555555555555556
2026-01-11,ZON-004,mini,11,9,0.1818181818181818,4.548484848484849,0.4545454545454545
2026-01-11,ZON-091,sedan,3,3,0E-16,1.6944444444444444,0.6666666666666667
2026-01-11,ZON-051,bike_taxi,8,8,0E-16,2.970833333333333,0.7500000000000000
2026-01-11,ZON-055,mini,6,5,0.1666666666666667,3.425,0.6666666666666667
2026-01-11,ZON-002,sedan,6,3,0.3333333333333333,2.8,0.5000000000000000
2026-01-11,ZON-023,mini,4,3,0.2500000000000000,3.2916666666666665,0.7500000000000000
2026-01-11,ZON-004,bike_taxi,8,7,0.1250000000000000,4.477083333333334,0.5000000000000000
2026-01-11,ZON-108,auto,7,4,0.2857142857142857,2.2472222222222222,0.5714285714285714
2026-01-11,ZON-046,auto,10,8,0.2000000000000000,3.8883333333333336,0.6000000000000000
2026-01-11,ZON-087,auto,2,0,1.0000000000000000,4.308333333333334,0.5000000000000000
2026-01-11,ZON-019,sedan,5,4,0.2000000000000000,4.706666666666666,0.2000000000000000
2026-01-11,ZON-056,mini,7,5,0.1428571428571429,3.986111111111111,0.7142857142857143
2026-01-11,ZON-057,bike_taxi,1,0,1.0000000000000000,3.3833333333333333,0E-16
2026-01-12,ZON-099,sedan,3,3,0E-16,3.2666666666666666,1.0000000000000000
2026-01-12,ZON-099,bike_taxi,9,6,0.1111111111111111,3.361904761904762,0.8888888888888889
2026-01-12,ZON-108,bike_taxi,6,2,0.5000000000000000,3.143333333333333,0.5000000000000000
2026-01-12,ZON-070,sedan,5,2,0.4000000000000000,3.6791666666666667,0.4000000000000000
2026-01-12,ZON-003,mini,4,4,0E-16,2.6125,1.0000000000000000
2026-01-12,ZON-080,bike_taxi,2,2,0E-16,1.5416666666666667,1.0000000000000000
2026-01-12,ZON-115,mini,8,7,0E-16,3.50952380952381,0.6250000000000000
2026-01-12,ZON-107,auto,6,4,0.1666666666666667,3.4099999999999997,0.5000000000000000
2026-01-12,ZON-026,mini,9,5,0.2222222222222222,3.2357142857142858,0.3333333333333333
2026-01-12,ZON-096,mini,8,1,0.2500000000000000,3.011111111111111,0.6250000000000000
2026-01-12,ZON-118,mini,3,1,0.6666666666666667,4.427777777777778,0.6666666666666667
2026-01-12,ZON-075,bike_taxi,4,2,0.2500000000000000,3.9944444444444445,0.2500000000000000
2026-01-12,ZON-045,mini,10,8,0E-16,4.65625,0.5000000000000000
2026-01-12,ZON-109,auto,4,2,0.2500000000000000,3.4833333333333334,0.2500000000000000
2026-01-12,ZON-087,bike_taxi,5,5,0E-16,4.276666666666667,0.4000000000000000
2026-01-13,ZON-112,sedan,6,4,0.3333333333333333,2.6444444444444444,0.1666666666666667
2026-01-13,ZON-089,auto,6,3,0.5000000000000000,2.836111111111111,0.8333333333333333
2026-01-13,ZON-085,mini,8,2,0.5000000000000000,3.4,0.6250000000000000
2026-01-13,ZON-013,mini,7,5,0.1428571428571429,4.197222222222222,0.7142857142857143
2026-01-13,ZON-052,mini,11,7,0.1818181818181818,2.3574074074074076,0.5454545454545455
2026-01-13,ZON-078,sedan,5,2,0.4000000000000000,2.279166666666667,0.4000000000000000
2026-01-13,ZON-028,sedan,3,3,0E-16,4.7,1.0000000000000000
2026-01-13,ZON-108,auto,9,6,0.1111111111111111,2.623809523809524,0.7777777777777778
2026-01-13,ZON-011,auto,4,2,0.5000000000000000,3.8125,1.0000000000000000
2026-01-13,ZON-104,auto,4,2,0.5000000000000000,2.7333333333333334,0.5000000000000000
2026-01-13,ZON-084,sedan,6,3,0.5000000000000000,3.2472222222222222,0.6666666666666667
2026-01-13,ZON-077,bike_taxi,6,6,0E-16,4.230555555555556,0.5000000000000000
2026-01-13,ZON-074,bike_taxi,5,4,0.2000000000000000,2.566666666666667,0.8000000000000000
2026-01-13,ZON-049,mini,11,6,0.2727272727272727,3.9592592592592593,0.3636363636363636
2026-01-13,ZON-075,mini,4,3,0.2500000000000000,1.7583333333333333,0.7500000000000000
2026-01-13,ZON-118,mini,7,3,0.4285714285714286,3.5,0.5714285714285714
2026-01-13,ZON-011,mini,11,7,0.2727272727272727,3.675,0.7272727272727273
2026-01-13,ZON-005,sedan,3,2,0E-16,4.225,1.0000000000000000
2026-01-13,ZON-021,sedan,1,1,0E-16,1.45,1.0000000000000000
2026-01-13,ZON-079,mini,5,2,0.4000000000000000,4.170833333333333,0.6000000000000000
2026-01-14,ZON-051,mini,10,5,0.4000000000000000,4.148148148148148,0.8000000000000000
2026-01-14,ZON-107,sedan,3,3,0E-16,2.6444444444444444,0.3333333333333333
2026-01-14,ZON-095,auto,11,7,0.1818181818181818,4.75,0.3636363636363636
2026-01-14,ZON-047,auto,13,8,0.3076923076923077,3.4166666666666665,0.5384615384615385
2026-01-14,ZON-024,mini,6,5,0.1666666666666667,2.930555555555556,0.6666666666666667
2026-01-14,ZON-043,sedan,6,5,0.1666666666666667,3.3222222222222224,0.5000000000000000
2026-01-14,ZON-004,bike_taxi,6,3,0.1666666666666667,4.329166666666667,0.3333333333333333
2026-01-14,ZON-104,bike_taxi,8,3,0.6250000000000000,4.725,0.5000000000000000
2026-01-14,ZON-037,bike_taxi,4,2,0.5000000000000000,3.3375,0.7500000000000000
2026-01-13,ZON-040,bike_taxi,1,0,1.0000000000000000,2.966666666666667,0E-16
2026-01-14,ZON-022,auto,4,2,0.5000000000000000,3.841666666666667,0.7500000000000000
2026-01-14,ZON-073,sedan,3,3,0E-16,4.872222222222222,0.6666666666666667
2026-01-14,ZON-115,auto,5,1,0.6000000000000000,2.941666666666667,0.4000000000000000
2026-01-14,ZON-021,auto,3,3,0E-16,3.161111111111111,1.0000000000000000
2026-01-14,ZON-104,sedan,6,5,0.1666666666666667,3.561111111111111,0.3333333333333333
2026-01-14,ZON-062,auto,4,3,0E-16,2.3555555555555556,0.5000000000000000
2026-01-14,ZON-112,auto,4,3,0E-16,1.0,0.5000000000000000
2026-01-14,ZON-002,sedan,3,1,0.3333333333333333,4.725,0.6666666666666667
2026-01-14,ZON-064,sedan,1,1,0E-16,3.6,1.0000000000000000
2026-01-01,ZON-006,auto,1,1,0E-16,1.8,0E-16
2026-01-01,ZON-084,bike_taxi,3,2,0.3333333333333333,4.705555555555555,0.6666666666666667
2026-01-01,ZON-025,bike_taxi,8,4,0.2500000000000000,3.8472222222222223,0.3750000000000000
2026-01-01,ZON-004,bike_taxi,9,5,0.2222222222222222,2.2238095238095235,0.4444444444444444
2026-01-01,ZON-054,bike_taxi,6,6,0E-16,3.3916666666666666,0.8333333333333333
2026-01-01,ZON-003,mini,7,5,0.1428571428571429,3.9972222222222222,0.4285714285714286
2026-01-01,ZON-035,mini,4,2,0.2500000000000000,3.816666666666667,1.0000000000000000
2026-01-01,ZON-113,bike_taxi,7,5,0E-16,3.1866666666666665,0.2857142857142857
2026-01-01,ZON-087,sedan,6,4,0.3333333333333333,4.705555555555555,0.1666666666666667
2026-01-01,ZON-059,bike_taxi,10,9,0.1000000000000000,4.138333333333334,0.6000000000000000
2026-01-01,ZON-060,auto,8,6,0.2500000000000000,3.497916666666667,0.6250000000000000
2026-01-01,ZON-076,sedan,8,8,0E-16,3.1666666666666665,0.3750000000000000
2026-01-01,ZON-112,sedan,1,1,0E-16,5.616666666666666,1.0000000000000000
2026-01-01,ZON-009,bike_taxi,4,3,0.2500000000000000,2.845833333333333,0.5000000000000000
2026-01-01,ZON-085,sedan,3,2,0.3333333333333333,3.638888888888889,0.3333333333333333
2026-01-01,ZON-058,mini,6,5,0E-16,4.406666666666666,0.5000000000000000
2026-01-01,ZON-019,sedan,2,1,0.5000000000000000,3.95,0.5000000000000000
2026-01-02,ZON-020,auto,6,5,0.1666666666666667,4.216666666666667,0.6666666666666667
2026-01-02,ZON-053,mini,5,3,0E-16,4.211111111111111,0E-16
2026-01-02,ZON-064,auto,10,6,0.4000000000000000,3.5633333333333335,0.5000000000000000
2026-01-02,ZON-059,mini,9,8,0E-16,3.2729166666666667,0.6666666666666667
2026-01-02,ZON-093,mini,10,8,0.2000000000000000,3.2933333333333334,0.5000000000000000
2026-01-02,ZON-061,bike_taxi,7,6,0.1428571428571429,3.8857142857142857,0.4285714285714286
2026-01-02,ZON-102,mini,9,6,0.2222222222222222,4.3125,0.6666666666666667
2026-01-02,ZON-062,auto,4,2,0.5000000000000000,2.033333333333333,0.2500000000000000
2026-01-02,ZON-065,mini,8,5,0.3750000000000000,3.597916666666667,0.6250000000000000
2026-01-02,ZON-004,auto,3,2,0E-16,3.125,0.6666666666666667
2026-01-02,ZON-119,sedan,6,4,0.3333333333333333,2.6333333333333333,0.5000000000000000
2026-01-02,ZON-031,bike_taxi,6,4,0.1666666666666667,4.413333333333333,0.3333333333333333
2026-01-02,ZON-092,sedan,1,0,1.0000000000000000,3.466666666666667,1.0000000000000000
2026-01-02,ZON-065,sedan,4,3,0.2500000000000000,3.0166666666666666,0.7500000000000000
2026-01-02,ZON-063,bike_taxi,1,0,0E-16,,0E-16
2026-01-03,ZON-067,bike_taxi,7,4,0.4285714285714286,3.623809523809524,0.4285714285714286
2026-01-03,ZON-063,mini,7,4,0.1428571428571429,3.8433333333333333,0.4285714285714286
2026-01-03,ZON-098,bike_taxi,6,4,0.3333333333333333,4.280555555555555,0.5000000000000000
2026-01-03,ZON-011,auto,8,5,0.2500000000000000,3.2666666666666666,0.6250000000000000
2026-01-03,ZON-068,auto,6,3,0.3333333333333333,3.0933333333333333,0.1666666666666667
2026-01-03,ZON-010,bike_taxi,4,3,0.2500000000000000,3.7625,0.7500000000000000
2026-01-03,ZON-053,sedan,4,1,0.2500000000000000,5.333333333333333,0.5000000000000000
2026-01-03,ZON-026,sedan,4,4,0E-16,4.595833333333333,0.5000000000000000
2026-01-03,ZON-099,auto,10,6,0.3000000000000000,3.240740740740741,0.5000000000000000
2026-01-03,ZON-114,mini,7,3,0.5714285714285714,2.6142857142857143,0.5714285714285714
2026-01-03,ZON-097,mini,5,4,0.2000000000000000,4.006666666666667,0.6000000000000000
2026-01-03,ZON-037,bike_taxi,3,1,0.6666666666666667,2.283333333333333,0.6666666666666667
2026-01-04,ZON-059,sedan,6,2,0.6666666666666667,2.4805555555555556,0.1666666666666667
2026-01-04,ZON-066,auto,4,3,0E-16,4.772222222222222,0.7500000000000000
2026-01-04,ZON-016,bike_taxi,9,6,0.2222222222222222,3.6083333333333334,0.4444444444444444
2026-01-04,ZON-043,bike_taxi,7,6,0E-16,5.094444444444445,0.5714285714285714
2026-01-04,ZON-037,mini,11,6,0.1818181818181818,3.9229166666666666,0.5454545454545455
2026-01-04,ZON-084,mini,7,4,0.2857142857142857,3.786111111111111,0.7142857142857143
2026-01-04,ZON-034,mini,11,7,0.2727272727272727,3.728333333333333,0.6363636363636364
2026-01-04,ZON-001,mini,9,4,0.4444444444444444,4.391666666666667,0.4444444444444444
2026-01-04,ZON-013,auto,12,10,0.0833333333333333,2.5757575757575757,0.7500000000000000
2026-01-04,ZON-088,sedan,8,5,0.2500000000000000,2.119047619047619,0.2500000000000000
2026-01-04,ZON-031,mini,7,4,0.1428571428571429,4.566666666666666,0.7142857142857143
2026-01-04,ZON-098,auto,7,6,0.1428571428571429,3.5214285714285714,0.5714285714285714
2026-01-04,ZON-087,sedan,2,2,0E-16,2.575,0E-16
2026-01-04,ZON-103,mini,5,4,0.2000000000000000,4.316666666666666,0.6000000000000000
2026-01-04,ZON-054,sedan,3,2,0.3333333333333333,5.4,0.3333333333333333
2026-01-04,ZON-051,bike_taxi,5,5,0E-16,3.5833333333333335,0.8000000000000000
2026-01-04,ZON-036,bike_taxi,3,1,0.6666666666666667,3.4722222222222223,0E-16
2026-01-04,ZON-085,auto,6,2,0.3333333333333333,4.708333333333333,0.8333333333333333
2026-01-05,ZON-088,mini,10,7,0.2000000000000000,3.251851851851852,0.5000000000000000
2026-01-05,ZON-064,bike_taxi,10,8,0.2000000000000000,3.683333333333333,0.5000000000000000
2026-01-04,ZON-080,sedan,2,2,0E-16,3.466666666666667,0.5000000000000000
2026-01-05,ZON-046,mini,4,2,0.2500000000000000,3.411111111111111,1.0000000000000000
2026-01-05,ZON-013,mini,8,7,0.1250000000000000,4.0125,0.7500000000000000
2026-01-05,ZON-040,sedan,11,6,0.2727272727272727,3.148148148148148,0.3636363636363636
2026-01-05,ZON-053,auto,10,5,0.4000000000000000,5.296296296296296,0.8000000000000000
2026-01-05,ZON-020,auto,6,3,0.5000000000000000,5.447222222222222,0.3333333333333333
2026-01-05,ZON-032,mini,5,5,0E-16,4.4,0.4000000000000000
2026-01-05,ZON-066,bike_taxi,8,4,0.1250000000000000,4.12,0.3750000000000000
2026-01-05,ZON-050,sedan,5,4,0E-16,3.45,0.6000000000000000
2026-01-05,ZON-099,bike_taxi,6,2,0.3333333333333333,3.5541666666666667,0.8333333333333333
2026-01-05,ZON-032,auto,7,6,0.1428571428571429,2.869047619047619,0.5714285714285714
2026-01-05,ZON-027,mini,8,3,0.2500000000000000,2.79,0.6250000000000000
2026-01-05,ZON-001,auto,9,7,0.1111111111111111,4.085416666666666,0.5555555555555556
2026-01-05,ZON-086,bike_taxi,1,1,0E-16,4.933333333333334,1.0000000000000000
2026-01-05,ZON-077,bike_taxi,3,1,0.6666666666666667,2.6,1.0000000000000000
2026-01-06,ZON-113,mini,3,2,0E-16,4.416666666666667,0.3333333333333333
2026-01-06,ZON-082,bike_taxi,4,2,0.5000000000000000,4.783333333333333,0.5000000000000000
2026-01-06,ZON-081,sedan,6,4,0.3333333333333333,3.3833333333333333,0.5000000000000000
2026-01-06,ZON-026,mini,3,2,0.3333333333333333,4.45,0.6666666666666667
2026-01-06,ZON-026,auto,5,3,0.4000000000000000,3.4833333333333334,0.6000000000000000
2026-01-06,ZON-013,auto,9,7,0.2222222222222222,3.3185185185185184,0.5555555555555556
2026-01-06,ZON-002,mini,8,4,0.5000000000000000,2.9875,0.3750000000000000
2026-01-06,ZON-041,auto,11,8,0.2727272727272727,4.607575757575757,0.7272727272727273
2026-01-06,ZON-036,bike_taxi,6,3,0.5000000000000000,3.219444444444444,0.3333333333333333
2026-01-06,ZON-038,mini,7,2,0.5714285714285714,5.116666666666666,0.2857142857142857
2026-01-06,ZON-066,auto,4,3,0.2500000000000000,4.495833333333334,0.2500000000000000
2026-01-06,ZON-043,auto,2,2,0E-16,4.308333333333334,0.5000000000000000
2026-01-06,ZON-120,auto,6,3,0.5000000000000000,3.844444444444444,0.8333333333333333
2026-01-06,ZON-023,sedan,1,1,0E-16,1.95,0E-16
2026-01-06,ZON-051,auto,5,2,0.4000000000000000,4.541666666666667,0.8000000000000000
2026-01-06,ZON-079,sedan,2,1,0.5000000000000000,4.025,0.5000000000000000
2026-01-07,ZON-023,sedan,5,4,0E-16,3.029166666666667,0.2000000000000000
2026-01-07,ZON-103,auto,12,8,0.2500000000000000,3.4257575757575753,0.3333333333333333
2026-01-07,ZON-006,sedan,5,3,0.4000000000000000,4.39,0.6000000000000000
2026-01-07,ZON-028,auto,8,5,0.1250000000000000,4.547222222222222,0.5000000000000000
2026-01-07,ZON-027,sedan,4,2,0.2500000000000000,4.0777777777777775,0.5000000000000000
2026-01-07,ZON-049,auto,8,4,0.1250000000000000,3.103333333333333,0.5000000000000000
2026-01-07,ZON-102,auto,3,3,0E-16,2.716666666666667,0.6666666666666667
2026-01-07,ZON-058,sedan,3,3,0E-16,4.2444444444444445,0.6666666666666667
2026-01-07,ZON-029,sedan,5,3,0.4000000000000000,3.006666666666667,0E-16
2026-01-07,ZON-003,mini,9,8,0E-16,2.747916666666667,0.7777777777777778
2026-01-07,ZON-002,bike_taxi,4,3,0.2500000000000000,2.591666666666667,0.2500000000000000
2026-01-07,ZON-056,bike_taxi,3,1,0.3333333333333333,4.983333333333333,0E-16
2026-01-07,ZON-070,bike_taxi,2,1,0E-16,1.45,0.5000000000000000
2026-01-07,ZON-052,bike_taxi,2,1,0.5000000000000000,4.233333333333333,0.5000000000000000
2026-01-08,ZON-007,bike_taxi,6,5,0.1666666666666667,1.4416666666666667,0.5000000000000000
2026-01-08,ZON-018,sedan,4,4,0E-16,4.525,0.5000000000000000
2026-01-08,ZON-033,auto,7,4,0.2857142857142857,2.683333333333333,0.4285714285714286
2026-01-08,ZON-010,mini,9,5,0.2222222222222222,4.152380952380953,0.2222222222222222
2026-01-08,ZON-029,sedan,6,2,0.3333333333333333,3.7625,0.6666666666666667
2026-01-08,ZON-083,sedan,2,1,0E-16,0.45,0.5000000000000000
2026-01-08,ZON-106,bike_taxi,6,6,0E-16,3.2333333333333334,1.0000000000000000
2026-01-08,ZON-036,mini,12,5,0.4166666666666667,4.4783333333333335,0.5833333333333333
2026-01-08,ZON-013,auto,8,6,0.2500000000000000,2.7354166666666666,0.7500000000000000
2026-01-08,ZON-065,auto,6,4,0.3333333333333333,2.461111111111111,0.5000000000000000
2026-01-08,ZON-066,bike_taxi,1,1,0E-16,0.9333333333333333,0E-16
2026-01-08,ZON-094,bike_taxi,6,2,0.1666666666666667,3.4,0.5000000000000000
2026-01-08,ZON-093,bike_taxi,2,2,0E-16,3.0833333333333335,0E-16
2026-01-08,ZON-117,auto,4,3,0E-16,3.661111111111111,0.7500000000000000
2026-01-08,ZON-052,auto,4,4,0E-16,4.704166666666667,0.2500000000000000
2026-01-08,ZON-038,mini,3,1,0.6666666666666667,5.4,0.3333333333333333
2026-01-08,ZON-005,sedan,3,2,0.3333333333333333,4.405555555555555,0.6666666666666667
2026-01-08,ZON-086,mini,5,3,0.2000000000000000,4.945833333333334,0.8000000000000000
2026-01-08,ZON-103,bike_taxi,2,2,0E-16,5.966666666666667,1.0000000000000000
2026-01-09,ZON-064,mini,8,7,0.1250000000000000,3.4375,0.7500000000000000
2026-01-09,ZON-079,mini,5,1,0.6000000000000000,2.2666666666666666,0.8000000000000000
2026-01-09,ZON-092,mini,6,4,0.3333333333333333,3.2444444444444445,0.3333333333333333
2026-01-09,ZON-033,auto,10,6,0.3000000000000000,3.692592592592592,0.7000000000000000
2026-01-09,ZON-115,auto,4,3,0.2500000000000000,2.2375,0.7500000000000000
2026-01-09,ZON-043,auto,10,6,0.4000000000000000,3.731666666666667,0.4000000000000000
2026-01-09,ZON-059,auto,7,4,0.2857142857142857,4.0361111111111105,1.0000000000000000
2026-01-09,ZON-032,auto,6,4,0.3333333333333333,5.216666666666667,0.5000000000000000
2026-01-09,ZON-014,sedan,5,2,0.6000000000000000,5.21,0.4000000000000000
2026-01-09,ZON-019,sedan,4,0,0E-16,,0.2500000000000000
2026-01-09,ZON-040,auto,6,3,0.3333333333333333,4.673333333333333,0.1666666666666667
2026-01-09,ZON-085,auto,3,1,0.6666666666666667,4.905555555555555,1.0000000000000000
2026-01-09,ZON-110,auto,3,3,0E-16,4.111111111111111,0.6666666666666667
2026-01-09,ZON-101,auto,5,1,0.4000000000000000,4.0055555555555555,0.8000000000000000
2026-01-09,ZON-062,sedan,3,1,0.6666666666666667,4.516666666666667,1.0000000000000000
2026-01-09,ZON-108,auto,4,1,0.7500000000000000,4.333333333333333,0.7500000000000000
2026-01-09,ZON-107,bike_taxi,4,3,0.2500000000000000,3.025,0.5000000000000000
2026-01-09,ZON-061,mini,4,2,0E-16,3.95,0.2500000000000000
2026-01-09,ZON-103,mini,2,2,0E-16,3.9833333333333334,0.5000000000000000
2026-01-09,ZON-029,mini,2,0,0.5000000000000000,4.9,0E-16
2026-01-10,ZON-103,auto,9,4,0.3333333333333333,3.2476190476190476,0.4444444444444444
2026-01-10,ZON-071,auto,5,3,0.4000000000000000,2.503333333333333,0.4000000000000000
2026-01-10,ZON-102,bike_taxi,11,7,0E-16,4.576190476190476,0.6363636363636364
2026-01-10,ZON-116,sedan,9,8,0E-16,4.033333333333333,0.5555555555555556
2026-01-10,ZON-034,auto,6,4,0.3333333333333333,4.269444444444445,0.8333333333333333
2026-01-10,ZON-014,bike_taxi,3,3,0E-16,3.7055555555555557,0.6666666666666667
2026-01-10,ZON-029,sedan,6,5,0E-16,3.4466666666666668,0.3333333333333333
2026-01-10,ZON-110,mini,6,3,0.1666666666666667,4.654166666666667,1.0000000000000000
2026-01-10,ZON-022,auto,3,0,1.0000000000000000,1.4888888888888887,0.6666666666666667
2026-01-10,ZON-006,sedan,3,3,0E-16,4.444444444444445,0.6666666666666667
2026-01-10,ZON-099,auto,7,3,0.2857142857142857,5.386666666666667,0.5714285714285714
2026-01-10,ZON-070,auto,6,3,0.3333333333333333,4.22,0.6666666666666667
2026-01-10,ZON-061,bike_taxi,7,3,0.4285714285714286,2.9472222222222224,0.4285714285714286
2026-01-10,ZON-016,sedan,6,2,0.5000000000000000,2.7266666666666666,0.3333333333333333
2026-01-10,ZON-109,sedan,6,4,0.1666666666666667,3.93,0.3333333333333333
2026-01-10,ZON-080,mini,4,3,0E-16,4.338888888888889,0.7500000000000000
2026-01-10,ZON-083,mini,6,6,0E-16,4.572222222222222,0.3333333333333333
2026-01-10,ZON-073,mini,4,4,0E-16,2.8,0.7500000000000000
2026-01-11,ZON-021,bike_taxi,3,1,0.3333333333333333,2.8916666666666666,0.6666666666666667
2026-01-11,ZON-077,bike_taxi,6,3,0.3333333333333333,3.5633333333333335,0.3333333333333333
2026-01-11,ZON-095,sedan,2,0,0.5000000000000000,6.85,1.0000000000000000
2026-01-11,ZON-088,bike_taxi,4,3,0E-16,5.033333333333333,0.7500000000000000
2026-01-11,ZON-080,auto,8,4,0.2500000000000000,4.011111111111111,0.7500000000000000
2026-01-11,ZON-099,auto,7,3,0.4285714285714286,3.763888888888889,0.2857142857142857
2026-01-10,ZON-058,bike_taxi,1,1,0E-16,2.7666666666666666,0E-16
2026-01-11,ZON-068,auto,6,3,0.1666666666666667,1.9375,0.6666666666666667
2026-01-11,ZON-040,mini,6,3,0.3333333333333333,4.069999999999999,0.6666666666666667
2026-01-11,ZON-084,auto,11,8,0.2727272727272727,4.224242424242425,0.6363636363636364
2026-01-11,ZON-104,mini,2,2,0E-16,3.225,0.5000000000000000
2026-01-11,ZON-090,sedan,6,4,0.3333333333333333,4.511111111111111,1.0000000000000000
2026-01-11,ZON-020,sedan,8,5,0.2500000000000000,2.2857142857142856,0.1250000000000000
2026-01-11,ZON-116,auto,4,3,0.2500000000000000,5.245833333333334,0.5000000000000000
2026-01-11,ZON-049,bike_taxi,2,2,0E-16,4.616666666666666,0.5000000000000000
2026-01-11,ZON-101,auto,6,3,0.5000000000000000,3.861111111111111,0.5000000000000000
2026-01-11,ZON-107,sedan,5,3,0.2000000000000000,4.2125,0.8000000000000000
2026-01-11,ZON-011,mini,7,7,0E-16,3.4547619047619045,0.5714285714285714
2026-01-11,ZON-052,sedan,1,1,0E-16,4.866666666666666,0E-16
2026-01-12,ZON-072,sedan,4,3,0.2500000000000000,3.1416666666666666,0.5000000000000000
2026-01-12,ZON-024,mini,10,8,0.2000000000000000,2.89,0.8000000000000000
2026-01-12,ZON-081,sedan,9,6,0.2222222222222222,3.7354166666666666,0.5555555555555556
2026-01-12,ZON-095,sedan,1,0,1.0000000000000000,5.3,1.0000000000000000
2026-01-12,ZON-007,auto,9,5,0.3333333333333333,3.6875,0.3333333333333333
2026-01-12,ZON-115,bike_taxi,9,6,0.3333333333333333,5.246296296296296,0.5555555555555556
2026-01-12,ZON-013,auto,9,6,0.3333333333333333,3.214814814814815,0.5555555555555556
2026-01-12,ZON-084,auto,7,5,0.2857142857142857,3.3785714285714286,0.2857142857142857
2026-01-12,ZON-077,mini,6,5,0.1666666666666667,3.941666666666667,1.0000000000000000
2026-01-11,ZON-085,sedan,2,1,0.5000000000000000,4.75,0E-16
2026-01-12,ZON-032,bike_taxi,4,3,0E-16,2.155555555555556,0.7500000000000000
2026-01-12,ZON-033,bike_taxi,5,5,0E-16,4.983333333333333,0.2000000000000000
2026-01-12,ZON-105,sedan,4,4,0E-16,3.466666666666667,0.2500000000000000
2026-01-12,ZON-115,sedan,3,2,0E-16,6.291666666666667,1.0000000000000000
2026-01-12,ZON-098,auto,9,6,0.1111111111111111,3.50952380952381,0.7777777777777778
2026-01-12,ZON-113,bike_taxi,4,2,0E-16,3.0083333333333333,0.5000000000000000
2026-01-12,ZON-026,sedan,8,6,0.1250000000000000,3.319047619047619,0.6250000000000000
2026-01-12,ZON-044,mini,3,1,0.3333333333333333,6.508333333333334,0E-16
2026-01-13,ZON-120,auto,6,5,0.1666666666666667,3.6722222222222225,0.5000000000000000
2026-01-13,ZON-092,auto,5,4,0.2000000000000000,4.623333333333333,0.8000000000000000
2026-01-13,ZON-050,sedan,3,3,0E-16,5.561111111111112,0.6666666666666667
2026-01-13,ZON-023,bike_taxi,7,7,0E-16,3.3476190476190477,0.7142857142857143
2026-01-13,ZON-008,auto,5,3,0.4000000000000000,2.0166666666666666,0.8000000000000000
2026-01-13,ZON-004,auto,8,6,0E-16,3.2083333333333335,0.7500000000000000
2026-01-13,ZON-057,bike_taxi,4,1,0.7500000000000000,4.6,0.7500000000000000
2026-01-13,ZON-038,mini,6,3,0.3333333333333333,2.9099999999999997,0.6666666666666667
2026-01-13,ZON-112,bike_taxi,6,3,0.3333333333333333,1.7366666666666668,0.8333333333333333
2026-01-13,ZON-072,sedan,5,2,0.4000000000000000,2.3875,0.6000000000000000
2026-01-13,ZON-010,auto,3,1,0.6666666666666667,5.183333333333334,0.6666666666666667
2026-01-13,ZON-001,bike_taxi,7,3,0.4285714285714286,3.4722222222222223,0.5714285714285714
2026-01-13,ZON-117,bike_taxi,3,1,0.6666666666666667,3.594444444444444,0.6666666666666667
2026-01-13,ZON-043,mini,3,2,0E-16,2.475,1.0000000000000000
2026-01-13,ZON-091,auto,6,5,0E-16,4.36,0.3333333333333333
2026-01-13,ZON-032,bike_taxi,6,5,0E-16,2.5366666666666666,0.8333333333333333
2026-01-14,ZON-116,mini,9,5,0.1111111111111111,3.3944444444444444,0.6666666666666667
2026-01-14,ZON-094,mini,9,8,0.1111111111111111,4.342592592592593,0.6666666666666667
2026-01-14,ZON-096,mini,6,5,0.1666666666666667,4.055555555555555,0.3333333333333333
2026-01-14,ZON-105,auto,8,5,0.2500000000000000,3.6523809523809523,0.7500000000000000
2026-01-14,ZON-108,auto,9,7,0.1111111111111111,3.3020833333333335,0.2222222222222222
2026-01-14,ZON-095,mini,8,6,0.1250000000000000,4.130952380952381,0.5000000000000000
2026-01-14,ZON-028,auto,10,8,0.1000000000000000,2.9555555555555557,0.7000000000000000
2026-01-14,ZON-032,bike_taxi,3,1,0.3333333333333333,6.708333333333333,1.0000000000000000
2026-01-14,ZON-087,bike_taxi,8,4,0.3750000000000000,3.8095238095238098,0.6250000000000000
2026-01-14,ZON-104,mini,3,2,0.3333333333333333,3.361111111111111,0.3333333333333333
2026-01-14,ZON-078,sedan,3,1,0.6666666666666667,2.4722222222222223,0.3333333333333333
2026-01-14,ZON-005,bike_taxi,3,1,0.3333333333333333,1.9166666666666667,0.3333333333333333
2026-01-14,ZON-018,bike_taxi,5,2,0.6000000000000000,3.17,0.4000000000000000
2026-01-14,ZON-061,mini,7,4,0.2857142857142857,2.5027777777777778,0.5714285714285714
2026-01-14,ZON-054,bike_taxi,5,4,0E-16,4.395833333333333,0.4000000000000000
2026-01-14,ZON-015,bike_taxi,7,2,0.4285714285714286,5.14,0.8571428571428571
2026-01-14,ZON-099,sedan,3,2,0.3333333333333333,1.9555555555555555,0.6666666666666667
2026-01-14,ZON-082,sedan,3,3,0E-16,4.233333333333333,1.0000000000000000
2026-01-01,ZON-044,bike_taxi,7,4,0.4285714285714286,2.4,0.5714285714285714
2026-01-01,ZON-070,auto,5,5,0E-16,2.283333333333333,0.4000000000000000
2026-01-01,ZON-068,auto,10,6,0.3000000000000000,3.7055555555555557,0.8000000000000000
2026-01-01,ZON-067,mini,11,5,0.4545454545454545,4.051666666666667,0.7272727272727273
2026-01-01,ZON-064,mini,9,6,0.2222222222222222,4.129166666666666,0.4444444444444444
2026-01-01,ZON-080,auto,6,1,0.6666666666666667,3.4766666666666666,0.6666666666666667
2026-01-01,ZON-120,mini,7,5,0.2857142857142857,3.8047619047619046,0.5714285714285714
2026-01-01,ZON-119,auto,8,6,0.1250000000000000,4.295238095238095,0.7500000000000000
2026-01-01,ZON-102,auto,8,5,0E-16,3.3666666666666667,0.6250000000000000
2026-01-01,ZON-020,mini,5,2,0.2000000000000000,4.166666666666667,0.8000000000000000
2026-01-01,ZON-009,auto,7,6,0.1428571428571429,3.4761904761904763,0.7142857142857143
2026-01-01,ZON-061,auto,3,3,0E-16,3.6277777777777778,0E-16
2026-01-01,ZON-078,bike_taxi,2,1,0.5000000000000000,6.391666666666667,0.5000000000000000
2026-01-01,ZON-003,sedan,2,1,0.5000000000000000,3.525,0E-16
2026-01-02,ZON-099,sedan,7,2,0.2857142857142857,4.004166666666666,0.5714285714285714
2026-01-02,ZON-119,mini,8,6,0.2500000000000000,3.2729166666666667,0.3750000000000000
2026-01-02,ZON-103,bike_taxi,4,1,0.2500000000000000,2.2916666666666665,0.2500000000000000
2026-01-02,ZON-008,sedan,2,2,0E-16,2.808333333333333,1.0000000000000000
2026-01-02,ZON-063,sedan,3,2,0.3333333333333333,3.5444444444444443,0.3333333333333333
2026-01-02,ZON-073,auto,4,0,0.7500000000000000,4.55,0.7500000000000000
2026-01-02,ZON-069,bike_taxi,4,3,0.2500000000000000,3.1791666666666667,0.7500000000000000
2026-01-02,ZON-046,bike_taxi,6,4,0.1666666666666667,4.1466666666666665,0.5000000000000000
2026-01-02,ZON-099,mini,7,5,0.2857142857142857,4.280952380952381,0.7142857142857143
2026-01-02,ZON-024,mini,12,10,0E-16,4.008333333333334,0.5000000000000000
2026-01-02,ZON-098,auto,8,5,0.3750000000000000,2.46875,0.7500000000000000
2026-01-02,ZON-099,auto,10,6,0.4000000000000000,5.208333333333333,0.5000000000000000
2026-01-02,ZON-016,sedan,3,2,0E-16,5.408333333333333,1.0000000000000000
2026-01-02,ZON-004,bike_taxi,3,2,0.3333333333333333,4.6,1.0000000000000000
2026-01-02,ZON-008,bike_taxi,4,2,0.2500000000000000,3.75,0.7500000000000000
2026-01-02,ZON-117,bike_taxi,6,4,0.1666666666666667,4.296666666666667,0.3333333333333333
2026-01-03,ZON-049,auto,7,7,0E-16,3.8095238095238098,0.5714285714285714
2026-01-03,ZON-029,auto,9,6,0.3333333333333333,2.6222222222222222,0.2222222222222222
2026-01-03,ZON-102,auto,6,3,0.1666666666666667,3.716666666666667,0.6666666666666667
2026-01-03,ZON-061,sedan,5,3,0E-16,2.4777777777777774,0.8000000000000000
2026-01-03,ZON-057,bike_taxi,7,3,0.4285714285714286,5.25,0.5714285714285714
2026-01-03,ZON-084,bike_taxi,6,5,0E-16,2.8066666666666666,0.6666666666666667
2026-01-03,ZON-066,mini,7,5,0.2857142857142857,3.4642857142857144,0.5714285714285714
2026-01-03,ZON-017,mini,6,3,0.5000000000000000,4.75,0.5000000000000000
2026-01-03,ZON-047,auto,2,2,0E-16,5.108333333333333,0.5000000000000000
2026-01-03,ZON-024,auto,7,4,0.4285714285714286,3.7761904761904765,0.7142857142857143
2026-01-03,ZON-022,auto,5,3,0.2000000000000000,6.1625,0.4000000000000000
2026-01-03,ZON-092,auto,5,2,0.4000000000000000,3.525,0.8000000000000000
2026-01-03,ZON-016,auto,10,8,0.1000000000000000,3.8759259259259258,0.5000000000000000
2026-01-03,ZON-017,bike_taxi,7,5,0.1428571428571429,3.4916666666666667,0.4285714285714286
2026-01-03,ZON-040,bike_taxi,9,4,0.2222222222222222,3.930555555555556,0.5555555555555556
2026-01-03,ZON-058,mini,5,4,0.2000000000000000,3.2366666666666664,0.4000000000000000
2026-01-03,ZON-103,sedan,4,4,0E-16,4.733333333333333,0.5000000000000000
2026-01-03,ZON-034,auto,5,4,0.2000000000000000,3.6933333333333334,0.8000000000000000
2026-01-03,ZON-007,sedan,3,3,0E-16,3.7333333333333334,0.3333333333333333
2026-01-03,ZON-008,bike_taxi,4,1,0.5000000000000000,4.094444444444444,0.7500000000000000
2026-01-03,ZON-117,auto,7,5,0.2857142857142857,3.5976190476190477,0.4285714285714286
2026-01-03,ZON-110,bike_taxi,5,1,0.6000000000000000,3.6791666666666667,0.6000000000000000
2026-01-03,ZON-055,sedan,1,0,1.0000000000000000,3.45,1.0000000000000000
2026-01-04,ZON-082,bike_taxi,7,4,0.2857142857142857,3.5416666666666665,0.7142857142857143
2026-01-04,ZON-097,sedan,2,1,0E-16,4.616666666666666,0E-16
2026-01-04,ZON-071,auto,6,5,0.1666666666666667,2.6444444444444444,0.5000000000000000
2026-01-04,ZON-109,mini,9,6,0.2222222222222222,3.004166666666667,0.3333333333333333
2026-01-04,ZON-026,sedan,5,1,0.4000000000000000,3.311111111111111,0.6000000000000000
2026-01-04,ZON-006,auto,7,5,0.1428571428571429,3.088888888888889,0.8571428571428571
2026-01-04,ZON-058,mini,7,4,0.2857142857142857,4.419444444444445,0.4285714285714286
2026-01-04,ZON-104,mini,9,7,0.2222222222222222,3.8759259259259258,0.8888888888888889
2026-01-04,ZON-007,sedan,2,1,0.5000000000000000,2.3583333333333334,0.5000000000000000
2026-01-04,ZON-074,sedan,2,2,0E-16,4.725,0.5000000000000000
2026-01-04,ZON-097,mini,7,3,0.5714285714285714,3.84047619047619,0.4285714285714286
2026-01-04,ZON-008,auto,9,5,0.3333333333333333,2.94375,0.7777777777777778
2026-01-04,ZON-062,sedan,6,5,0.1666666666666667,4.116666666666666,0.8333333333333333
2026-01-04,ZON-033,mini,5,2,0.6000000000000000,2.81,0.4000000000000000
2026-01-04,ZON-012,sedan,5,4,0E-16,4.275,1.0000000000000000
2026-01-04,ZON-079,auto,4,2,0E-16,5.458333333333333,0.5000000000000000
2026-01-04,ZON-088,bike_taxi,3,1,0E-16,3.4833333333333334,0.6666666666666667
2026-01-05,ZON-063,bike_taxi,2,1,0.5000000000000000,5.183333333333334,0.5000000000000000
2026-01-05,ZON-085,mini,9,6,0.1111111111111111,4.214285714285714,0.5555555555555556
2026-01-05,ZON-058,bike_taxi,6,3,0.3333333333333333,2.743333333333333,0.6666666666666667
2026-01-05,ZON-081,bike_taxi,6,4,0.3333333333333333,2.469444444444444,1.0000000000000000
2026-01-05,ZON-047,auto,6,3,0.1666666666666667,5.320833333333334,0.1666666666666667
2026-01-05,ZON-036,mini,9,8,0E-16,2.7583333333333333,0.7777777777777778
2026-01-05,ZON-100,bike_taxi,7,5,0E-16,4.006666666666667,0.1428571428571429
2026-01-05,ZON-110,bike_taxi,2,2,0E-16,1.9916666666666667,1.0000000000000000
2026-01-05,ZON-111,bike_taxi,8,4,0.1250000000000000,4.33,0.3750000000000000
2026-01-05,ZON-075,bike_taxi,4,3,0.2500000000000000,4.841666666666667,0.5000000000000000
2026-01-05,ZON-091,mini,4,3,0.2500000000000000,1.8541666666666667,0.5000000000000000
2026-01-05,ZON-100,mini,11,8,0.1818181818181818,4.076666666666666,0.6363636363636364
2026-01-05,ZON-082,sedan,2,2,0E-16,2.6,1.0000000000000000
2026-01-05,ZON-022,bike_taxi,5,4,0E-16,3.325,0.6000000000000000
2026-01-05,ZON-093,bike_taxi,2,1,0E-16,3.2666666666666666,1.0000000000000000
2026-01-05,ZON-072,bike_taxi,7,5,0.2857142857142857,3.8142857142857145,0.5714285714285714
2026-01-05,ZON-003,bike_taxi,3,2,0.3333333333333333,3.194444444444444,0.3333333333333333
2026-01-05,ZON-018,sedan,2,2,0E-16,4.775,1.0000000000000000
2026-01-06,ZON-078,sedan,7,2,0.5714285714285714,5.069444444444445,0.4285714285714286
2026-01-06,ZON-105,mini,5,4,0.2000000000000000,3.21,0.4000000000000000
2026-01-06,ZON-007,auto,6,4,0.1666666666666667,3.5533333333333332,0.5000000000000000
2026-01-06,ZON-064,auto,7,4,0.2857142857142857,3.216666666666667,0.7142857142857143
2026-01-06,ZON-016,mini,7,5,0.1428571428571429,3.9777777777777774,0.7142857142857143
2026-01-06,ZON-027,bike_taxi,4,3,0E-16,3.055555555555556,0.5000000000000000
2026-01-06,ZON-036,sedan,2,0,1.0000000000000000,1.4083333333333334,0.5000000000000000
2026-01-06,ZON-103,bike_taxi,2,1,0E-16,3.3833333333333333,0.5000000000000000
2026-01-06,ZON-111,mini,7,4,0.2857142857142857,3.2277777777777774,0.5714285714285714
2026-01-06,ZON-012,sedan,2,1,0E-16,1.7,1.0000000000000000
2026-01-07,ZON-060,auto,3,2,0.3333333333333333,4.833333333333333,1.0000000000000000
2026-01-07,ZON-115,auto,6,5,0.1666666666666667,4.75,0.8333333333333333
2026-01-07,ZON-114,sedan,7,4,0.2857142857142857,3.3277777777777775,0.4285714285714286
2026-01-07,ZON-067,bike_taxi,5,5,0E-16,3.8266666666666667,0.4000000000000000
2026-01-07,ZON-052,mini,11,5,0.3636363636363636,3.6462962962962964,0.5454545454545455
2026-01-07,ZON-069,sedan,7,6,0E-16,4.5055555555555555,0.5714285714285714
2026-01-07,ZON-101,sedan,4,4,0E-16,4.170833333333333,1.0000000000000000
2026-01-07,ZON-068,bike_taxi,5,4,0E-16,1.8375,0.4000000000000000
2026-01-07,ZON-044,mini,10,8,0.2000000000000000,3.55,0.4000000000000000
2026-01-07,ZON-005,auto,3,3,0E-16,4.383333333333334,0.6666666666666667
2026-01-07,ZON-071,bike_taxi,4,1,0.2500000000000000,4.783333333333333,1.0000000000000000
2026-01-07,ZON-081,auto,4,2,0.5000000000000000,4.095833333333333,0.5000000000000000
2026-01-07,ZON-045,sedan,5,4,0.2000000000000000,3.2800000000000002,0.8000000000000000
2026-01-07,ZON-105,auto,5,2,0.2000000000000000,2.2777777777777777,0.6000000000000000
2026-01-07,ZON-118,bike_taxi,5,3,0E-16,3.5722222222222224,0.4000000000000000
2026-01-07,ZON-060,sedan,3,1,0.6666666666666667,2.338888888888889,1.0000000000000000
2026-01-07,ZON-117,mini,7,6,0.1428571428571429,3.047619047619048,0.2857142857142857
2026-01-07,ZON-042,sedan,1,1,0E-16,3.933333333333333,0E-16
2026-01-07,ZON-022,bike_taxi,4,1,0.5000000000000000,3.3,0.5000000000000000
2026-01-08,ZON-109,mini,6,3,0.3333333333333333,4.366666666666666,0.5000000000000000
2026-01-08,ZON-046,mini,6,4,0.3333333333333333,4.175,0.5000000000000000
2026-01-08,ZON-045,mini,11,8,0E-16,3.310416666666667,0.3636363636363636
2026-01-08,ZON-069,sedan,8,7,0.1250000000000000,4.172916666666667,0.5000000000000000
2026-01-08,ZON-120,auto,6,5,0E-16,3.1866666666666665,0.8333333333333333
2026-01-08,ZON-101,bike_taxi,4,3,0.2500000000000000,2.7375,0.2500000000000000
2026-01-08,ZON-035,bike_taxi,2,2,0E-16,2.425,0.5000000000000000
2026-01-08,ZON-017,auto,7,2,0.4285714285714286,2.9133333333333336,0.4285714285714286
2026-01-08,ZON-080,mini,12,6,0.2500000000000000,3.664814814814815,0.5833333333333333
2026-01-08,ZON-004,sedan,4,3,0.2500000000000000,3.9916666666666667,0.2500000000000000
2026-01-08,ZON-093,mini,4,3,0.2500000000000000,2.8041666666666667,0.5000000000000000
2026-01-08,ZON-027,mini,3,2,0E-16,2.4833333333333334,1.0000000000000000
2026-01-08,ZON-031,bike_taxi,4,4,0E-16,5.4125,0.5000000000000000
2026-01-08,ZON-063,mini,8,5,0.3750000000000000,4.7125,0.8750000000000000
2026-01-08,ZON-067,mini,10,6,0.3000000000000000,3.5074074074074075,0.6000000000000000
2026-01-08,ZON-049,bike_taxi,6,5,0E-16,2.9166666666666665,0.5000000000000000
2026-01-08,ZON-069,auto,5,3,0.4000000000000000,3.1566666666666667,0.6000000000000000
2026-01-08,ZON-089,sedan,6,3,0.1666666666666667,4.275,1.0000000000000000
2026-01-08,ZON-080,bike_taxi,4,1,0E-16,5.133333333333334,0.5000000000000000
2026-01-08,ZON-011,mini,5,3,0.2000000000000000,2.3375,0.8000000000000000
2026-01-08,ZON-060,auto,5,4,0E-16,3.745833333333333,1.0000000000000000
2026-01-08,ZON-021,auto,6,6,0E-16,4.858333333333333,0.6666666666666667
2026-01-08,ZON-105,mini,3,0,0.3333333333333333,3.4166666666666665,0.3333333333333333
2026-01-09,ZON-095,bike_taxi,4,2,0.5000000000000000,3.85,0.2500000000000000
2026-01-09,ZON-021,auto,7,4,0.1428571428571429,3.746666666666667,0.4285714285714286
2026-01-09,ZON-062,auto,7,6,0.1428571428571429,3.880952380952381,0.2857142857142857
2026-01-09,ZON-027,mini,6,4,0.3333333333333333,3.763888888888889,0.5000000000000000
2026-01-09,ZON-113,bike_taxi,6,3,0.5000000000000000,4.825,0.6666666666666667
2026-01-09,ZON-120,mini,6,3,0.3333333333333333,3.7933333333333334,0.3333333333333333
2026-01-09,ZON-015,sedan,7,4,0.1428571428571429,4.883333333333334,0.4285714285714286
2026-01-09,ZON-066,auto,5,2,0.6000000000000000,4.3,0.4000000000000000
2026-01-09,ZON-021,bike_taxi,8,4,0.3750000000000000,3.2142857142857144,0.3750000000000000
2026-01-09,ZON-022,auto,7,4,0.4285714285714286,3.7452380952380953,0E-16
2026-01-09,ZON-078,auto,8,4,0.2500000000000000,3.938888888888889,0.1250000000000000
2026-01-09,ZON-097,auto,7,5,0.1428571428571429,4.988888888888889,0.5714285714285714
2026-01-09,ZON-057,auto,7,3,0.5714285714285714,4.204761904761905,0E-16
2026-01-09,ZON-070,auto,3,2,0.3333333333333333,4.044444444444444,0.6666666666666667
2026-01-09,ZON-047,auto,10,8,0.1000000000000000,2.8777777777777778,0.8000000000000000
2026-01-09,ZON-073,bike_taxi,5,3,0.4000000000000000,2.893333333333333,0.8000000000000000
2026-01-09,ZON-008,sedan,9,4,0.3333333333333333,3.619047619047619,0.6666666666666667
2026-01-09,ZON-043,sedan,3,1,0.3333333333333333,2.2666666666666666,0E-16
2026-01-09,ZON-050,auto,2,1,0.5000000000000000,3.8833333333333333,0E-16
2026-01-09,ZON-051,auto,2,0,1.0000000000000000,5.858333333333333,1.0000000000000000
2026-01-09,ZON-005,bike_taxi,3,2,0E-16,5.133333333333334,0.3333333333333333
2026-01-10,ZON-084,sedan,6,5,0.1666666666666667,3.961111111111111,0.6666666666666667
2026-01-10,ZON-035,sedan,5,3,0E-16,5.411111111111111,0.6000000000000000
2026-01-10,ZON-029,mini,3,3,0E-16,3.85,1.0000000000000000
2026-01-09,ZON-049,auto,2,2,0E-16,3.966666666666667,0.5000000000000000
2026-01-10,ZON-095,bike_taxi,4,3,0.2500000000000000,3.745833333333333,0.2500000000000000
2026-01-10,ZON-017,auto,3,2,0.3333333333333333,4.938888888888888,0.6666666666666667
2026-01-10,ZON-104,bike_taxi,4,2,0.2500000000000000,3.716666666666667,0.2500000000000000
2026-01-10,ZON-067,bike_taxi,2,0,1.0000000000000000,5.25,0E-16
2026-01-10,ZON-003,mini,9,4,0.4444444444444444,3.46875,0.6666666666666667
2026-01-10,ZON-101,mini,7,2,0.7142857142857143,4.307142857142858,0.5714285714285714
2026-01-10,ZON-104,sedan,3,2,0.3333333333333333,4.388888888888888,0.6666666666666667
2026-01-10,ZON-072,bike_taxi,4,0,1.0000000000000000,3.8291666666666666,0.5000000000000000
2026-01-10,ZON-079,sedan,1,1,0E-16,6.533333333333333,1.0000000000000000
2026-01-10,ZON-004,sedan,5,3,0.2000000000000000,3.8041666666666667,0.6000000000000000
2026-01-11,ZON-113,sedan,9,6,0.2222222222222222,2.2625,0.4444444444444444
2026-01-11,ZON-021,sedan,5,4,0E-16,4.841666666666667,0.8000000000000000
2026-01-11,ZON-074,sedan,3,2,0.3333333333333333,3.7,0.3333333333333333
2026-01-11,ZON-086,bike_taxi,3,3,0E-16,4.633333333333334,0.6666666666666667
2026-01-11,ZON-056,auto,10,6,0.2000000000000000,4.5875,0.2000000000000000
2026-01-11,ZON-091,mini,5,5,0E-16,4.423333333333333,0.4000000000000000
2026-01-11,ZON-064,mini,5,4,0.2000000000000000,3.753333333333333,0.6000000000000000
2026-01-11,ZON-054,sedan,4,2,0.5000000000000000,2.875,0.2500000000000000
2026-01-11,ZON-094,mini,5,4,0.2000000000000000,3.9433333333333334,0.6000000000000000
2026-01-11,ZON-119,mini,4,1,0.2500000000000000,2.4833333333333334,0.2500000000000000
2026-01-11,ZON-057,auto,9,6,0.1111111111111111,3.130952380952381,0.4444444444444444
2026-01-11,ZON-115,auto,6,1,0.3333333333333333,2.888888888888889,0.3333333333333333
2026-01-11,ZON-106,auto,9,7,0.2222222222222222,3.8666666666666667,0.3333333333333333
2026-01-11,ZON-036,mini,4,2,0E-16,4.641666666666667,1.0000000000000000
2026-01-11,ZON-085,bike_taxi,5,3,0.2000000000000000,3.841666666666667,0.8000000000000000
2026-01-11,ZON-114,sedan,4,2,0E-16,2.058333333333333,0.7500000000000000
2026-01-11,ZON-086,mini,5,3,0.4000000000000000,5.1,0.6000000000000000
2026-01-11,ZON-095,mini,2,1,0E-16,4.416666666666667,0E-16
2026-01-12,ZON-024,bike_taxi,9,6,0.1111111111111111,3.1761904761904765,0.3333333333333333
2026-01-12,ZON-033,auto,13,7,0.3076923076923077,2.777272727272727,0.6153846153846154
2026-01-12,ZON-038,mini,9,8,0.1111111111111111,4.692592592592592,0.4444444444444444
2026-01-12,ZON-046,mini,10,9,0.1000000000000000,4.5600000000000005,0.7000000000000000
2026-01-12,ZON-114,bike_taxi,7,6,0.1428571428571429,3.6952380952380954,0.4285714285714286
2026-01-12,ZON-016,bike_taxi,10,3,0.5000000000000000,3.185416666666667,0.8000000000000000
2026-01-12,ZON-033,sedan,3,1,0.3333333333333333,0.45,0.3333333333333333
2026-01-12,ZON-079,bike_taxi,3,2,0.3333333333333333,5.366666666666666,0.6666666666666667
2026-01-12,ZON-040,auto,1,1,0E-16,4.683333333333334,0E-16
2026-01-12,ZON-080,mini,8,3,0.5000000000000000,3.75952380952381,0.6250000000000000
2026-01-12,ZON-112,auto,6,1,0.6666666666666667,2.8466666666666667,0.8333333333333333
2026-01-12,ZON-008,sedan,4,2,0.2500000000000000,3.3333333333333335,0.7500000000000000
2026-01-12,ZON-005,sedan,4,3,0.2500000000000000,2.9125,0.5000000000000000
2026-01-12,ZON-089,bike_taxi,3,2,0.3333333333333333,4.322222222222222,1.0000000000000000
2026-01-12,ZON-002,sedan,2,1,0.5000000000000000,5.416666666666667,0.5000000000000000
2026-01-12,ZON-048,sedan,3,2,0.3333333333333333,1.9,0.6666666666666667
2026-01-12,ZON-027,sedan,2,2,0E-16,4.525,1.0000000000000000
2026-01-12,ZON-090,bike_taxi,4,1,0.5000000000000000,3.5,0.7500000000000000
2026-01-12,ZON-055,sedan,3,1,0.3333333333333333,4.075,0.6666666666666667
2026-01-13,ZON-020,sedan,2,1,0.5000000000000000,6.325,1.0000000000000000
2026-01-13,ZON-115,sedan,6,6,0E-16,3.055555555555556,1.0000000000000000
2026-01-13,ZON-041,sedan,9,6,0.3333333333333333,4.235185185185185,0.7777777777777778
2026-01-13,ZON-070,mini,9,3,0.3333333333333333,4.497222222222222,0.5555555555555556
2026-01-13,ZON-109,bike_taxi,8,6,0.1250000000000000,4.704761904761905,0.8750000000000000
2026-01-13,ZON-035,auto,5,3,0.4000000000000000,2.816666666666667,0.6000000000000000
2026-01-13,ZON-070,sedan,5,3,0.4000000000000000,3.9366666666666665,0.6000000000000000
2026-01-13,ZON-059,auto,7,2,0.5714285714285714,3.5527777777777776,0.7142857142857143
2026-01-13,ZON-072,mini,13,9,0.0769230769230769,3.7866666666666666,0.5384615384615385
2026-01-13,ZON-031,sedan,9,6,0.3333333333333333,3.966666666666667,0.6666666666666667
2026-01-13,ZON-116,auto,8,5,0.2500000000000000,4.609523809523809,0.6250000000000000
2026-01-13,ZON-007,sedan,6,4,0E-16,2.0083333333333333,0.8333333333333333
2026-01-13,ZON-043,bike_taxi,5,3,0.2000000000000000,6.279166666666667,0.4000000000000000
2026-01-13,ZON-120,sedan,3,1,0.6666666666666667,4.261111111111111,0.6666666666666667
2026-01-13,ZON-022,bike_taxi,3,3,0E-16,4.127777777777777,0.3333333333333333
2026-01-13,ZON-034,auto,9,7,0.2222222222222222,2.0814814814814815,0.4444444444444444
2026-01-13,ZON-050,auto,5,5,0E-16,5.2266666666666675,0.4000000000000000
2026-01-13,ZON-058,auto,8,5,0.2500000000000000,4.107142857142857,0.5000000000000000
2026-01-13,ZON-097,sedan,7,7,0E-16,2.792857142857143,0.5714285714285714
2026-01-13,ZON-097,bike_taxi,8,4,0.5000000000000000,3.4875,0.6250000000000000
2026-01-13,ZON-080,bike_taxi,2,2,0E-16,5.633333333333334,0E-16
2026-01-13,ZON-047,sedan,5,1,0E-16,0.9,0.8000000000000000
2026-01-14,ZON-116,bike_taxi,5,4,0.2000000000000000,2.3633333333333337,0.6000000000000000
2026-01-14,ZON-059,auto,9,6,0.1111111111111111,2.7547619047619047,0.3333333333333333
2026-01-14,ZON-103,mini,11,6,0.1818181818181818,3.285416666666667,0.5454545454545455
2026-01-14,ZON-117,mini,11,5,0.3636363636363636,3.6722222222222225,0.3636363636363636
2026-01-14,ZON-114,bike_taxi,2,2,0E-16,4.091666666666667,0.5000000000000000
2026-01-14,ZON-077,bike_taxi,2,1,0.5000000000000000,5.283333333333333,1.0000000000000000
2026-01-14,ZON-010,bike_taxi,5,4,0.2000000000000000,3.11,0.4000000000000000
2026-01-14,ZON-040,mini,8,7,0.1250000000000000,4.8625,0.7500000000000000
2026-01-14,ZON-057,mini,5,4,0.2000000000000000,3.606666666666667,0.4000000000000000
2026-01-14,ZON-063,sedan,3,2,0.3333333333333333,2.738888888888889,0.6666666666666667
2026-01-14,ZON-073,bike_taxi,6,4,0.3333333333333333,2.8305555555555557,0.8333333333333333
2026-01-14,ZON-103,bike_taxi,6,1,0.3333333333333333,4.644444444444445,0.5000000000000000
2026-01-14,ZON-037,mini,7,4,0.4285714285714286,3.197619047619048,0.2857142857142857
2026-01-14,ZON-120,sedan,4,4,0E-16,3.6041666666666665,0.5000000000000000
2026-01-14,ZON-069,auto,8,6,0.2500000000000000,3.870833333333333,0.8750000000000000
2026-01-14,ZON-048,mini,5,5,0E-16,2.9766666666666666,0.8000000000000000
2026-01-14,ZON-099,bike_taxi,6,3,0.5000000000000000,3.1222222222222222,0.3333333333333333
2026-01-14,ZON-033,sedan,2,1,0.5000000000000000,2.433333333333333,0.5000000000000000
2026-01-14,ZON-023,sedan,2,1,0E-16,1.4166666666666667,0E-16
2026-01-01,ZON-027,bike_taxi,8,6,0.2500000000000000,4.054166666666666,0.6250000000000000
2026-01-01,ZON-105,auto,7,4,0.4285714285714286,3.15,0.5714285714285714
2026-01-01,ZON-111,sedan,6,5,0.1666666666666667,3.536111111111111,0.5000000000000000
2026-01-01,ZON-075,mini,5,3,0.4000000000000000,3.32,0.6000000000000000
2026-01-01,ZON-017,bike_taxi,7,4,0.1428571428571429,3.9233333333333333,0.4285714285714286
2026-01-01,ZON-093,auto,3,1,0.6666666666666667,3.5277777777777777,1.0000000000000000
2026-01-01,ZON-005,auto,9,3,0.5555555555555556,3.3645833333333335,0.5555555555555556
2026-01-01,ZON-053,auto,6,5,0E-16,3.5300000000000002,0.8333333333333333
2026-01-01,ZON-119,mini,9,6,0.2222222222222222,2.691666666666667,0.6666666666666667
2026-01-01,ZON-086,bike_taxi,4,2,0.2500000000000000,4.455555555555555,0.5000000000000000
2026-01-01,ZON-037,sedan,2,2,0E-16,0.925,0E-16
2026-01-01,ZON-012,mini,7,5,0.2857142857142857,4.066666666666666,0.8571428571428571
2026-01-01,ZON-090,mini,5,4,0.2000000000000000,3.76,0.6000000000000000
2026-01-01,ZON-054,mini,7,6,0E-16,3.6694444444444443,0.8571428571428571
2026-01-01,ZON-032,sedan,4,3,0.2500000000000000,2.6875,0.7500000000000000
2026-01-01,ZON-045,mini,10,8,0.2000000000000000,2.8916666666666666,0.6000000000000000
2026-01-01,ZON-078,mini,8,8,0E-16,2.08125,0.3750000000000000
2026-01-01,ZON-098,mini,4,1,0.5000000000000000,2.2722222222222226,0.5000000000000000
2026-01-01,ZON-034,auto,6,5,0E-16,4.673333333333333,0.5000000000000000
2026-01-01,ZON-035,sedan,4,2,0.2500000000000000,3.4222222222222225,0.5000000000000000
2026-01-01,ZON-031,auto,5,2,0.4000000000000000,3.5375,0.6000000000000000
2026-01-01,ZON-054,auto,1,1,0E-16,0.55,1.0000000000000000
2026-01-02,ZON-113,auto,14,8,0.2857142857142857,3.961111111111111,0.5714285714285714
2026-01-02,ZON-010,bike_taxi,9,4,0.5555555555555556,3.251851851851852,0.4444444444444444
2026-01-02,ZON-036,auto,11,6,0.3636363636363636,3.64,0.6363636363636364
2026-01-02,ZON-101,bike_taxi,5,4,0.2000000000000000,3.71,0.2000000000000000
2026-01-02,ZON-072,bike_taxi,6,5,0.1666666666666667,3.9166666666666665,0.8333333333333333
2026-01-02,ZON-024,bike_taxi,6,5,0.1666666666666667,4.080555555555556,0.8333333333333333
2026-01-02,ZON-100,bike_taxi,8,5,0E-16,3.566666666666667,0.5000000000000000
2026-01-02,ZON-067,sedan,3,3,0E-16,5.466666666666667,0.3333333333333333
2026-01-02,ZON-063,auto,7,6,0.1428571428571429,3.6142857142857143,0.2857142857142857
2026-01-02,ZON-061,auto,4,3,0.2500000000000000,4.616666666666666,0.5000000000000000
2026-01-02,ZON-080,auto,6,4,0.1666666666666667,2.533333333333333,0.6666666666666667
2026-01-02,ZON-031,mini,10,7,0.3000000000000000,3.835,0.4000000000000000
2026-01-02,ZON-106,mini,8,4,0.2500000000000000,2.638888888888889,0.6250000000000000
2026-01-02,ZON-003,auto,11,8,0.1818181818181818,3.0616666666666665,0.6363636363636364
2026-01-02,ZON-105,sedan,6,5,0.1666666666666667,2.8944444444444444,0.5000000000000000
2026-01-02,ZON-115,auto,4,2,0.2500000000000000,2.8222222222222224,0.5000000000000000
2026-01-02,ZON-102,sedan,4,4,0E-16,2.55,0.5000000000000000
2026-01-03,ZON-099,bike_taxi,5,3,0.2000000000000000,2.55,0.8000000000000000
2026-01-02,ZON-040,auto,3,2,0E-16,5.608333333333333,0.6666666666666667
2026-01-03,ZON-085,mini,7,4,0.1428571428571429,4.866666666666666,0.2857142857142857
2026-01-03,ZON-011,bike_taxi,11,7,0.2727272727272727,3.2183333333333333,0.6363636363636364
2026-01-03,ZON-086,auto,3,1,0.3333333333333333,1.225,0.3333333333333333
2026-01-03,ZON-053,mini,12,6,0.2500000000000000,4.281481481481482,0.2500000000000000
2026-01-03,ZON-038,auto,7,7,0E-16,3.280952380952381,0.5714285714285714
2026-01-03,ZON-046,bike_taxi,6,5,0.1666666666666667,2.5444444444444443,1.0000000000000000
2026-01-03,ZON-106,auto,6,3,0.3333333333333333,2.8633333333333337,0.3333333333333333
2026-01-03,ZON-067,auto,4,2,0.5000000000000000,5.0375,0.2500000000000000
2026-01-03,ZON-063,auto,5,3,0.2000000000000000,2.341666666666667,0.8000000000000000
2026-01-03,ZON-009,mini,9,7,0.1111111111111111,3.90625,0.3333333333333333
2026-01-03,ZON-076,bike_taxi,6,5,0.1666666666666667,4.644444444444445,0.5000000000000000
2026-01-03,ZON-009,sedan,5,3,0.4000000000000000,3.9033333333333333,0.4000000000000000
2026-01-03,ZON-079,sedan,3,2,0.3333333333333333,3.683333333333333,0.6666666666666667
2026-01-03,ZON-015,bike_taxi,3,1,0.6666666666666667,2.683333333333333,0.6666666666666667
2026-01-02,ZON-033,sedan,1,1,0E-16,6.166666666666667,1.0000000000000000
2026-01-03,ZON-085,bike_taxi,4,2,0.5000000000000000,4.641666666666667,0.5000000000000000
2026-01-04,ZON-032,sedan,8,4,0.3750000000000000,3.3452380952380953,0.8750000000000000
2026-01-04,ZON-023,mini,10,5,0.4000000000000000,4.287037037037037,0.7000000000000000
2026-01-04,ZON-047,sedan,3,1,0.3333333333333333,4.925,1.0000000000000000
2026-01-04,ZON-073,bike_taxi,5,3,0.4000000000000000,4.7,0.8000000000000000
2026-01-04,ZON-008,bike_taxi,5,4,0.2000000000000000,2.756666666666667,0.8000000000000000
2026-01-04,ZON-018,sedan,3,1,0.6666666666666667,5.922222222222222,0.3333333333333333
2026-01-04,ZON-077,mini,6,4,0.3333333333333333,4.408333333333333,0.8333333333333333
2026-01-04,ZON-059,mini,12,5,0.2500000000000000,4.147916666666666,0.6666666666666667
2026-01-04,ZON-102,mini,6,4,0.3333333333333333,2.475,0.3333333333333333
2026-01-04,ZON-040,bike_taxi,3,3,0E-16,4.85,0.3333333333333333
2026-01-04,ZON-005,mini,6,3,0.1666666666666667,3.7291666666666665,0.3333333333333333
2026-01-04,ZON-111,sedan,4,1,0.5000000000000000,5.088888888888889,0.7500000000000000
2026-01-04,ZON-017,mini,11,9,0E-16,3.442592592592592,0.2727272727272727
2026-01-04,ZON-086,bike_taxi,5,3,0.4000000000000000,4.136666666666667,0.4000000000000000
2026-01-04,ZON-030,mini,13,10,0.1538461538461538,4.540277777777778,0.6923076923076923
2026-01-04,ZON-010,sedan,5,4,0.2000000000000000,4.42,0.6000000000000000
2026-01-04,ZON-065,auto,8,6,0.1250000000000000,2.9404761904761902,0.6250000000000000
2026-01-04,ZON-048,auto,6,4,0.1666666666666667,2.86,0.6666666666666667
2026-01-04,ZON-041,auto,6,5,0.1666666666666667,3.9027777777777777,0.5000000000000000
2026-01-04,ZON-089,mini,7,5,0.2857142857142857,3.2547619047619047,0.5714285714285714
2026-01-04,ZON-082,mini,9,7,0.2222222222222222,3.248148148148148,0.8888888888888889
2026-01-04,ZON-055,mini,8,7,0.1250000000000000,3.75625,0.3750000000000000
2026-01-04,ZON-012,bike_taxi,2,1,0.5000000000000000,4.733333333333333,1.0000000000000000
2026-01-04,ZON-052,auto,8,4,0.2500000000000000,4.358333333333333,0.6250000000000000
2026-01-04,ZON-002,mini,5,1,0.8000000000000000,3.4099999999999997,0.4000000000000000
2026-01-04,ZON-101,auto,4,4,0E-16,4.979166666666667,0.7500000000000000
2026-01-04,ZON-052,sedan,1,1,0E-16,1.3,0E-16
2026-01-04,ZON-079,bike_taxi,5,3,0E-16,2.0444444444444447,0.4000000000000000
2026-01-05,ZON-070,bike_taxi,11,7,0.2727272727272727,3.3766666666666665,0.6363636363636364
2026-01-05,ZON-024,auto,13,9,0.1538461538461538,4.21969696969697,0.4615384615384615
2026-01-05,ZON-052,mini,6,6,0E-16,3.408333333333333,0.1666666666666667
2026-01-05,ZON-047,bike_taxi,6,4,0.1666666666666667,3.05,0.5000000000000000
2026-01-05,ZON-110,auto,11,8,0.0909090909090909,3.9703703703703703,0.7272727272727273
2026-01-05,ZON-109,sedan,3,2,0.3333333333333333,2.0277777777777777,1.0000000000000000
2026-01-05,ZON-049,bike_taxi,8,5,0.1250000000000000,3.2277777777777774,0.5000000000000000
2026-01-05,ZON-118,bike_taxi,7,5,0.2857142857142857,5.04047619047619,0.4285714285714286
2026-01-05,ZON-048,mini,9,6,0.1111111111111111,2.638095238095238,0.3333333333333333
2026-01-05,ZON-017,bike_taxi,6,5,0.1666666666666667,4.266666666666667,0.6666666666666667
2026-01-05,ZON-018,auto,7,6,0.1428571428571429,3.3904761904761904,0.5714285714285714
2026-01-05,ZON-044,sedan,3,2,0E-16,4.933333333333334,0E-16
2026-01-05,ZON-066,sedan,4,2,0.5000000000000000,4.016666666666667,0.2500000000000000
2026-01-05,ZON-033,bike_taxi,3,1,0.6666666666666667,5.216666666666667,0.3333333333333333
2026-01-05,ZON-110,sedan,5,5,0E-16,2.61,0.4000000000000000
2026-01-05,ZON-087,mini,7,6,0.1428571428571429,3.302380952380952,0.7142857142857143
2026-01-06,ZON-005,mini,7,4,0.4285714285714286,3.542857142857143,0.8571428571428571
2026-01-06,ZON-069,mini,10,2,0.4000000000000000,2.8694444444444445,0.5000000000000000
2026-01-06,ZON-099,mini,8,6,0.2500000000000000,3.683333333333333,0.7500000000000000
2026-01-06,ZON-048,bike_taxi,5,1,0.8000000000000000,4.076666666666666,0.4000000000000000
2026-01-06,ZON-009,auto,11,10,0.0909090909090909,4.316666666666666,0.4545454545454545
2026-01-06,ZON-035,mini,5,3,0.2000000000000000,4.675,0.6000000000000000
2026-01-06,ZON-039,auto,8,6,0.1250000000000000,4.14047619047619,0.3750000000000000
2026-01-06,ZON-084,bike_taxi,2,1,0.5000000000000000,0.9416666666666667,1.0000000000000000
2026-01-06,ZON-035,auto,6,4,0.3333333333333333,4.330555555555555,0.6666666666666667
2026-01-06,ZON-067,bike_taxi,2,1,0.5000000000000000,5.4,0.5000000000000000
2026-01-07,ZON-096,auto,3,3,0E-16,1.972222222222222,0.6666666666666667
2026-01-07,ZON-098,auto,8,6,0.2500000000000000,3.2416666666666667,0.8750000000000000
2026-01-07,ZON-106,auto,7,7,0E-16,4.192857142857143,0.5714285714285714
2026-01-07,ZON-081,sedan,6,3,0.5000000000000000,3.4722222222222223,0.5000000000000000
2026-01-07,ZON-059,auto,1,1,0E-16,0.7833333333333333,0E-16
2026-01-07,ZON-064,sedan,3,0,0.6666666666666667,3.033333333333333,0.3333333333333333
2026-01-07,ZON-053,auto,6,5,0.1666666666666667,3.9527777777777775,0.6666666666666667
2026-01-07,ZON-104,bike_taxi,10,6,0.3000000000000000,3.346296296296296,0.8000000000000000
2026-01-07,ZON-107,bike_taxi,3,2,0.3333333333333333,2.7222222222222223,0.3333333333333333
2026-01-07,ZON-055,bike_taxi,5,4,0.2000000000000000,3.0966666666666667,0.8000000000000000
2026-01-07,ZON-045,auto,5,4,0.2000000000000000,1.7733333333333334,0.6000000000000000
2026-01-07,ZON-041,mini,9,6,0.3333333333333333,4.557407407407408,0.3333333333333333
2026-01-07,ZON-061,mini,7,6,0.1428571428571429,3.376190476190476,0.5714285714285714
2026-01-07,ZON-037,sedan,2,1,0.5000000000000000,6.166666666666667,1.0000000000000000
2026-01-07,ZON-049,sedan,3,1,0.6666666666666667,3.611111111111111,0.6666666666666667
2026-01-07,ZON-041,bike_taxi,3,3,0E-16,3.2555555555555555,0.3333333333333333
2026-01-08,ZON-037,sedan,8,6,0.2500000000000000,3.4854166666666666,0.6250000000000000
2026-01-08,ZON-092,mini,11,10,0.0909090909090909,2.65,0.4545454545454545
2026-01-08,ZON-008,sedan,5,3,0E-16,3.5055555555555555,0.8000000000000000
2026-01-08,ZON-070,auto,6,5,0.1666666666666667,3.013888888888889,0.8333333333333333
2026-01-08,ZON-006,bike_taxi,6,6,0E-16,3.6277777777777778,0.5000000000000000
2026-01-08,ZON-043,auto,5,5,0E-16,3.64,0.8000000000000000
2026-01-08,ZON-048,auto,5,4,0.2000000000000000,3.5833333333333335,0.8000000000000000
2026-01-08,ZON-087,mini,9,6,0.3333333333333333,4.753703703703704,0.3333333333333333
2026-01-08,ZON-041,sedan,3,2,0.3333333333333333,4.116666666666666,0.3333333333333333
2026-01-08,ZON-002,mini,10,6,0.3000000000000000,3.2037037037037037,0.6000000000000000
2026-01-08,ZON-099,sedan,3,3,0E-16,4.7444444444444445,0.6666666666666667
2026-01-08,ZON-030,auto,9,6,0.3333333333333333,2.3555555555555556,0.5555555555555556
2026-01-08,ZON-107,sedan,11,8,0.1818181818181818,2.615,0.5454545454545455
2026-01-08,ZON-107,mini,7,1,0.4285714285714286,3.225,0.7142857142857143
2026-01-08,ZON-061,bike_taxi,5,3,0.4000000000000000,2.92,1.0000000000000000
2026-01-08,ZON-010,bike_taxi,4,0,0.7500000000000000,3.1,0.7500000000000000
2026-01-08,ZON-048,sedan,6,4,0.1666666666666667,2.9433333333333334,1.0000000000000000
2026-01-08,ZON-086,bike_taxi,1,1,0E-16,4.616666666666666,1.0000000000000000
2026-01-09,ZON-062,bike_taxi,10,8,0.2000000000000000,3.5683333333333334,0.4000000000000000
2026-01-09,ZON-008,auto,5,3,0.4000000000000000,2.0533333333333332,0.6000000000000000
2026-01-09,ZON-003,sedan,2,1,0E-16,3.2666666666666666,0.5000000000000000
2026-01-09,ZON-087,mini,7,3,0.4285714285714286,2.711111111111111,0.7142857142857143
2026-01-09,ZON-103,auto,8,4,0.2500000000000000,3.2777777777777777,0.6250000000000000
2026-01-09,ZON-026,mini,10,6,0.3000000000000000,2.711111111111111,0.3000000000000000
2026-01-09,ZON-076,mini,10,5,0.2000000000000000,5.735714285714286,0.4000000000000000
2026-01-09,ZON-064,auto,12,7,0.3333333333333333,3.9212121212121214,0.5833333333333333
2026-01-09,ZON-089,mini,9,7,0E-16,3.952380952380952,0.4444444444444444
2026-01-09,ZON-100,sedan,6,2,0.3333333333333333,4.879166666666666,0.8333333333333333
2026-01-09,ZON-009,mini,7,6,0.1428571428571429,3.085714285714286,0.7142857142857143
2026-01-09,ZON-021,mini,9,9,0E-16,2.5833333333333335,0.6666666666666667
2026-01-09,ZON-040,sedan,5,5,0E-16,5.213333333333334,0.6000000000000000
2026-01-09,ZON-041,auto,5,2,0E-16,5.183333333333334,0.4000000000000000
2026-01-09,ZON-113,sedan,5,4,0.2000000000000000,3.6166666666666667,0.4000000000000000
2026-01-09,ZON-050,mini,4,2,0.2500000000000000,2.9722222222222223,0.2500000000000000
2026-01-09,ZON-033,sedan,4,1,0.5000000000000000,3.1222222222222222,0.2500000000000000
2026-01-09,ZON-045,sedan,1,1,0E-16,6.366666666666666,0E-16
2026-01-10,ZON-019,auto,9,5,0.2222222222222222,3.05,0.6666666666666667
2026-01-10,ZON-094,auto,7,3,0.4285714285714286,2.863888888888889,0.2857142857142857
2026-01-10,ZON-095,auto,8,7,0.1250000000000000,3.4583333333333335,0.6250000000000000
2026-01-10,ZON-086,bike_taxi,6,5,0E-16,3.503333333333333,0.5000000000000000
2026-01-10,ZON-053,mini,10,8,0.2000000000000000,3.7016666666666667,0.8000000000000000
2026-01-10,ZON-048,mini,6,4,0.1666666666666667,3.646666666666667,0.6666666666666667
2026-01-10,ZON-081,mini,8,5,0.3750000000000000,3.0625,0.6250000000000000
2026-01-10,ZON-018,mini,13,13,0E-16,4.415384615384615,0.6153846153846154
2026-01-10,ZON-107,auto,4,4,0E-16,3.0125,0.5000000000000000
2026-01-10,ZON-090,mini,5,5,0E-16,3.9133333333333336,0.2000000000000000
2026-01-10,ZON-052,sedan,4,4,0E-16,4.325,0.7500000000000000
2026-01-10,ZON-013,mini,5,3,0.2000000000000000,4.520833333333333,0.4000000000000000
2026-01-10,ZON-084,auto,2,1,0.5000000000000000,1.9166666666666667,0E-16
2026-01-10,ZON-001,sedan,3,1,0E-16,5.933333333333334,1.0000000000000000
2026-01-10,ZON-111,bike_taxi,4,3,0.2500000000000000,4.691666666666666,0.5000000000000000
2026-01-10,ZON-056,mini,3,2,0E-16,4.608333333333333,0.6666666666666667
2026-01-10,ZON-003,bike_taxi,3,2,0E-16,2.775,0.3333333333333333
2026-01-10,ZON-067,mini,9,6,0.1111111111111111,3.9357142857142855,0.4444444444444444
2026-01-10,ZON-024,sedan,3,3,0E-16,4.0777777777777775,0.6666666666666667
2026-01-10,ZON-017,bike_taxi,5,3,0.4000000000000000,2.1599999999999997,0.8000000000000000
2026-01-10,ZON-112,mini,4,3,0.2500000000000000,4.333333333333333,0.5000000000000000
2026-01-10,ZON-052,mini,5,2,0.6000000000000000,3.3266666666666667,0.6000000000000000
2026-01-09,ZON-017,bike_taxi,1,0,1.0000000000000000,4.816666666666666,0E-16
2026-01-11,ZON-050,bike_taxi,6,2,0.5000000000000000,2.05,0.6666666666666667
2026-01-11,ZON-090,bike_taxi,6,4,0.3333333333333333,1.9111111111111112,0.8333333333333333
2026-01-11,ZON-018,bike_taxi,4,3,0.2500000000000000,5.033333333333333,0.7500000000000000
2026-01-11,ZON-114,auto,9,4,0.4444444444444444,4.004166666666666,0.5555555555555556
2026-01-11,ZON-083,auto,7,3,0.5714285714285714,5.204761904761905,0.5714285714285714
2026-01-11,ZON-054,auto,3,1,0E-16,6.4,0.6666666666666667
2026-01-11,ZON-110,mini,12,8,0E-16,3.3208333333333333,0.5000000000000000
2026-01-11,ZON-067,bike_taxi,4,3,0.2500000000000000,3.529166666666667,0.5000000000000000
2026-01-11,ZON-062,mini,5,4,0.2000000000000000,2.2333333333333334,0.4000000000000000
2026-01-11,ZON-118,auto,5,3,0E-16,3.7333333333333334,0.6000000000000000
2026-01-11,ZON-098,mini,3,2,0.3333333333333333,4.194444444444445,1.0000000000000000
2026-01-11,ZON-101,sedan,5,1,0.8000000000000000,4.39,1.0000000000000000
2026-01-12,ZON-105,mini,9,7,0.2222222222222222,3.909259259259259,0.5555555555555556
2026-01-12,ZON-027,bike_taxi,5,3,0.2000000000000000,5.145833333333333,0.6000000000000000
2026-01-12,ZON-002,mini,11,10,0.0909090909090909,3.5818181818181816,0.7272727272727273
2026-01-12,ZON-110,mini,10,6,0.2000000000000000,3.714583333333333,0.9000000000000000
2026-01-12,ZON-082,sedan,9,6,0.2222222222222222,3.7583333333333333,0.3333333333333333
2026-01-12,ZON-047,sedan,6,3,0.5000000000000000,4.663888888888889,0.8333333333333333
2026-01-12,ZON-056,sedan,4,2,0.2500000000000000,4.055555555555555,0.5000000000000000
2026-01-12,ZON-019,auto,4,3,0E-16,3.433333333333333,0.7500000000000000
2026-01-12,ZON-117,auto,10,4,0.4000000000000000,2.9583333333333335,0.4000000000000000
2026-01-12,ZON-030,auto,4,4,0E-16,4.9625,0.7500000000000000
2026-01-12,ZON-046,sedan,5,3,0.4000000000000000,3.0,0.8000000000000000
2026-01-12,ZON-096,sedan,1,1,0E-16,5.616666666666666,0E-16
2026-01-12,ZON-079,mini,5,3,0.2000000000000000,4.104166666666667,0.6000000000000000
2026-01-13,ZON-060,auto,5,4,0.2000000000000000,5.596666666666667,0.4000000000000000
2026-01-13,ZON-115,auto,8,5,0.1250000000000000,3.4027777777777777,0.7500000000000000
2026-01-13,ZON-109,mini,6,4,0.1666666666666667,2.1533333333333333,0.5000000000000000
2026-01-13,ZON-099,bike_taxi,6,5,0.1666666666666667,4.013888888888889,0.6666666666666667
2026-01-13,ZON-075,bike_taxi,6,5,0.1666666666666667,4.708333333333333,0.3333333333333333
2026-01-13,ZON-100,bike_taxi,2,1,0.5000000000000000,6.516666666666667,0.5000000000000000
2026-01-13,ZON-016,bike_taxi,6,3,0.3333333333333333,4.713333333333334,0.3333333333333333
2026-01-13,ZON-085,auto,5,5,0E-16,3.046666666666667,0.8000000000000000
2026-01-13,ZON-119,sedan,2,2,0E-16,2.9833333333333334,0.5000000000000000
2026-01-13,ZON-067,mini,8,2,0.6250000000000000,3.369047619047619,0.5000000000000000
2026-01-13,ZON-025,sedan,6,6,0E-16,3.4222222222222225,0.3333333333333333
2026-01-13,ZON-056,mini,6,3,0.3333333333333333,4.906666666666666,0E-16
2026-01-13,ZON-034,mini,7,4,0.4285714285714286,3.588095238095238,0.7142857142857143
2026-01-13,ZON-088,mini,8,7,0.1250000000000000,4.195833333333334,0.1250000000000000
2026-01-13,ZON-081,sedan,3,1,0.3333333333333333,3.175,0E-16
2026-01-13,ZON-061,mini,6,4,0.1666666666666667,3.8333333333333335,0.8333333333333333
2026-01-13,ZON-091,mini,3,3,0E-16,4.788888888888889,0.3333333333333333
2026-01-13,ZON-001,sedan,1,1,0E-16,5.55,1.0000000000000000
2026-01-13,ZON-006,sedan,2,0,0.5000000000000000,5.833333333333333,0E-16
2026-01-14,ZON-064,auto,8,4,0.5000000000000000,3.4166666666666665,0.8750000000000000
2026-01-14,ZON-074,bike_taxi,6,2,0.6666666666666667,3.716666666666667,0.5000000000000000
2026-01-14,ZON-023,mini,5,4,0E-16,3.3125,0.4000000000000000
2026-01-14,ZON-083,auto,3,2,0E-16,2.3666666666666667,0.6666666666666667
2026-01-14,ZON-018,mini,5,3,0.4000000000000000,4.36,0E-16
2026-01-14,ZON-022,bike_taxi,4,2,0.2500000000000000,2.8277777777777775,0.7500000000000000
2026-01-14,ZON-079,auto,7,3,0.4285714285714286,2.9166666666666665,0.7142857142857143
2026-01-14,ZON-109,bike_taxi,3,1,0.3333333333333333,3.5166666666666666,0.3333333333333333
2026-01-14,ZON-006,mini,2,1,0E-16,5.533333333333333,0E-16
2026-01-14,ZON-098,sedan,4,3,0E-16,4.072222222222222,0.7500000000000000
2026-01-14,ZON-008,bike_taxi,3,2,0.3333333333333333,1.9111111111111112,0.6666666666666667
2026-01-14,ZON-056,bike_taxi,5,2,0.4000000000000000,3.933333333333333,1.0000000000000000
2026-01-14,ZON-060,sedan,1,0,0E-16,,1.0000000000000000
2026-01-14,ZON-115,mini,3,2,0.3333333333333333,3.3,1.0000000000000000
2026-01-14,ZON-039,bike_taxi,1,1,0E-16,2.816666666666667,1.0000000000000000
2026-01-14,ZON-101,sedan,1,1,0E-16,6.6,1.0000000000000000
2026-01-01,ZON-097,auto,4,3,0.2500000000000000,3.95,0E-16
2026-01-01,ZON-048,auto,5,3,0.4000000000000000,3.3466666666666667,0.8000000000000000
2026-01-01,ZON-108,mini,7,3,0.4285714285714286,4.0472222222222225,0.8571428571428571
2026-01-01,ZON-118,auto,12,7,0.3333333333333333,3.7136363636363634,0.5000000000000000
2026-01-01,ZON-095,auto,8,5,0.2500000000000000,4.147619047619048,0.7500000000000000
2026-01-01,ZON-109,mini,11,6,0.2727272727272727,3.9796296296296294,0.5454545454545455
2026-01-01,ZON-073,mini,14,6,0.2857142857142857,3.865,0.5714285714285714
2026-01-01,ZON-079,auto,9,7,0.1111111111111111,2.6791666666666667,0.4444444444444444
2026-01-01,ZON-057,bike_taxi,5,3,0.4000000000000000,4.02,0.6000000000000000
2026-01-01,ZON-046,mini,14,10,0.1428571428571429,3.3097222222222222,0.2857142857142857
2026-01-01,ZON-073,sedan,3,1,0.3333333333333333,3.7416666666666667,0.3333333333333333
2026-01-01,ZON-013,mini,4,0,0.2500000000000000,1.0833333333333333,0.5000000000000000
2026-01-01,ZON-001,bike_taxi,8,7,0.1250000000000000,4.3,0.3750000000000000
2026-01-01,ZON-070,sedan,5,2,0.6000000000000000,2.35,0.4000000000000000
2026-01-01,ZON-113,auto,8,6,0.1250000000000000,3.6214285714285714,0.6250000000000000
2026-01-01,ZON-098,bike_taxi,8,6,0.1250000000000000,3.9404761904761902,0.6250000000000000
2026-01-01,ZON-064,bike_taxi,8,4,0.3750000000000000,3.192857142857143,0.5000000000000000
2026-01-01,ZON-009,mini,5,2,0.6000000000000000,1.8299999999999998,0.8000000000000000
2026-01-01,ZON-018,mini,4,4,0E-16,5.8125,0.7500000000000000
2026-01-01,ZON-008,bike_taxi,3,3,0E-16,4.516666666666667,0.3333333333333333
2026-01-01,ZON-105,bike_taxi,7,4,0.4285714285714286,3.433333333333333,0.5714285714285714
2026-01-01,ZON-100,sedan,2,1,0.5000000000000000,2.6083333333333334,0E-16
2026-01-01,ZON-055,sedan,3,2,0.3333333333333333,3.966666666666667,1.0000000000000000
2026-01-02,ZON-111,auto,5,3,0.4000000000000000,4.403333333333333,0.4000000000000000
2026-01-02,ZON-036,mini,11,7,0.1818181818181818,3.7759259259259257,0.6363636363636364
2026-01-02,ZON-007,mini,6,4,0E-16,3.1666666666666665,0.3333333333333333
2026-01-02,ZON-005,auto,7,3,0.4285714285714286,3.236111111111111,0.5714285714285714
2026-01-02,ZON-112,sedan,4,3,0E-16,4.116666666666666,0.2500000000000000
2026-01-02,ZON-116,mini,11,7,0E-16,3.3666666666666667,0.7272727272727273
2026-01-02,ZON-049,bike_taxi,7,6,0.1428571428571429,4.280952380952381,0.1428571428571429
2026-01-02,ZON-051,mini,5,3,0.2000000000000000,4.516666666666667,0.6000000000000000
2026-01-02,ZON-084,mini,8,5,0.2500000000000000,2.319047619047619,0.5000000000000000
2026-01-02,ZON-089,mini,9,4,0.5555555555555556,4.405555555555555,0.4444444444444444
2026-01-02,ZON-054,bike_taxi,5,2,0.4000000000000000,3.2916666666666665,0.2000000000000000
2026-01-02,ZON-006,sedan,2,2,0E-16,1.2083333333333333,1.0000000000000000
2026-01-02,ZON-043,bike_taxi,7,7,0E-16,1.6761904761904762,0.7142857142857143
2026-01-02,ZON-050,mini,8,5,0.3750000000000000,3.658333333333333,0.5000000000000000
2026-01-02,ZON-041,bike_taxi,5,4,0.2000000000000000,2.1266666666666665,0.8000000000000000
2026-01-02,ZON-120,sedan,2,2,0E-16,4.075,0.5000000000000000
2026-01-02,ZON-045,bike_taxi,6,4,0.3333333333333333,4.1611111111111105,0.6666666666666667
2026-01-02,ZON-085,sedan,6,4,0.3333333333333333,4.597222222222222,0.8333333333333333
2026-01-02,ZON-047,auto,3,1,0.3333333333333333,1.6166666666666667,0.6666666666666667
2026-01-02,ZON-035,auto,6,4,0.1666666666666667,5.296666666666667,0.3333333333333333
2026-01-02,ZON-009,mini,5,3,0.4000000000000000,1.7433333333333332,0.6000000000000000
2026-01-02,ZON-034,sedan,3,2,0.3333333333333333,4.716666666666667,0.6666666666666667
2026-01-02,ZON-019,sedan,5,3,0.4000000000000000,3.3699999999999997,0.8000000000000000
2026-01-02,ZON-092,bike_taxi,3,2,0E-16,3.033333333333333,0.6666666666666667
2026-01-03,ZON-057,auto,9,5,0.3333333333333333,2.1125,0.6666666666666667
2026-01-03,ZON-001,auto,8,6,0.2500000000000000,3.810416666666667,0.2500000000000000
2026-01-03,ZON-069,auto,4,2,0.2500000000000000,2.238888888888889,0.5000000000000000
2026-01-03,ZON-029,mini,10,8,0.2000000000000000,3.8766666666666665,0.6000000000000000
2026-01-03,ZON-027,auto,3,1,0.6666666666666667,5.061111111111112,1.0000000000000000
2026-01-03,ZON-082,auto,9,6,0.2222222222222222,4.020833333333333,0.5555555555555556
2026-01-03,ZON-060,auto,6,3,0.1666666666666667,2.825,0.3333333333333333
2026-01-03,ZON-061,bike_taxi,6,3,0.5000000000000000,3.275,0.6666666666666667
2026-01-03,ZON-001,sedan,3,2,0.3333333333333333,4.538888888888889,0.6666666666666667
2026-01-03,ZON-044,bike_taxi,4,4,0E-16,3.7,0.2500000000000000
2026-01-03,ZON-004,mini,8,4,0.1250000000000000,3.5733333333333333,0.6250000000000000
2026-01-03,ZON-002,auto,10,3,0.3000000000000000,3.511111111111111,0.5000000000000000
2026-01-03,ZON-025,sedan,4,3,0E-16,4.544444444444445,0.5000000000000000
2026-01-03,ZON-048,bike_taxi,9,7,0.2222222222222222,4.072222222222222,0.5555555555555556
2026-01-03,ZON-038,bike_taxi,4,2,0.2500000000000000,3.6055555555555556,0.7500000000000000
2026-01-03,ZON-105,bike_taxi,6,5,0.1666666666666667,3.1083333333333334,0.6666666666666667
2026-01-03,ZON-006,mini,4,4,0E-16,3.654166666666667,0.7500000000000000
2026-01-03,ZON-036,bike_taxi,4,2,0.5000000000000000,3.3333333333333335,0.2500000000000000
2026-01-04,ZON-091,bike_taxi,7,2,0.7142857142857143,4.947619047619047,0.5714285714285714
2026-01-04,ZON-101,bike_taxi,6,3,0.3333333333333333,3.35,0.1666666666666667
2026-01-04,ZON-007,bike_taxi,4,3,0.2500000000000000,3.995833333333333,0.5000000000000000
2026-01-04,ZON-035,mini,4,2,0.2500000000000000,2.8666666666666667,0.5000000000000000
2026-01-04,ZON-037,sedan,4,3,0.2500000000000000,3.9541666666666666,0.5000000000000000
2026-01-04,ZON-105,mini,2,1,0.5000000000000000,4.55,0.5000000000000000
2026-01-04,ZON-018,auto,4,3,0.2500000000000000,3.7583333333333333,0.2500000000000000
2026-01-04,ZON-027,sedan,6,3,0.3333333333333333,4.59,0.3333333333333333
2026-01-04,ZON-031,auto,5,2,0.4000000000000000,4.404166666666667,0.6000000000000000
2026-01-04,ZON-112,bike_taxi,3,3,0E-16,1.9611111111111112,0.6666666666666667
2026-01-04,ZON-063,bike_taxi,4,3,0.2500000000000000,5.095833333333333,0E-16
2026-01-04,ZON-083,bike_taxi,6,2,0.5000000000000000,2.933333333333333,0E-16
2026-01-04,ZON-015,auto,4,3,0.2500000000000000,3.1125,0E-16
2026-01-04,ZON-032,bike_taxi,6,2,0.3333333333333333,3.9625,0.8333333333333333
2026-01-05,ZON-082,bike_taxi,9,6,0.3333333333333333,4.020370370370371,0.5555555555555556
2026-01-05,ZON-010,sedan,5,3,0.4000000000000000,3.2133333333333334,0.4000000000000000
2026-01-05,ZON-118,sedan,4,3,0.2500000000000000,2.85,0.5000000000000000
2026-01-05,ZON-078,bike_taxi,7,6,0.1428571428571429,3.0047619047619047,0.5714285714285714
2026-01-05,ZON-093,auto,6,5,0.1666666666666667,4.116666666666666,0.3333333333333333
2026-01-05,ZON-059,sedan,4,3,0.2500000000000000,2.1333333333333333,0.2500000000000000
2026-01-05,ZON-060,bike_taxi,9,7,0.1111111111111111,3.15625,0.5555555555555556
2026-01-05,ZON-035,mini,7,4,0.4285714285714286,4.580952380952381,0.5714285714285714
2026-01-05,ZON-010,mini,8,7,0.1250000000000000,3.683333333333333,0.8750000000000000
2026-01-05,ZON-036,bike_taxi,4,2,0.2500000000000000,5.222222222222222,0.5000000000000000
2026-01-05,ZON-066,auto,7,4,0.2857142857142857,3.586111111111111,0.7142857142857143
2026-01-05,ZON-027,bike_taxi,6,4,0.3333333333333333,2.841666666666667,0.5000000000000000
2026-01-05,ZON-008,mini,6,4,0.1666666666666667,3.203333333333333,0.6666666666666667
2026-01-05,ZON-022,sedan,5,5,0E-16,3.4566666666666666,0.6000000000000000
2026-01-05,ZON-032,sedan,3,2,0E-16,2.325,0.6666666666666667
2026-01-05,ZON-038,sedan,2,2,0E-16,5.441666666666666,0.5000000000000000
2026-01-05,ZON-013,sedan,6,5,0.1666666666666667,2.2916666666666665,0.5000000000000000
2026-01-05,ZON-112,sedan,1,1,0E-16,2.65,1.0000000000000000
2026-01-06,ZON-086,sedan,3,2,0E-16,1.1,0.6666666666666667
2026-01-06,ZON-075,sedan,7,6,0.1428571428571429,5.48095238095238,0.8571428571428571
2026-01-06,ZON-001,mini,11,2,0.4545454545454545,3.2904761904761903,0.2727272727272727
2026-01-06,ZON-005,auto,8,3,0.5000000000000000,3.030952380952381,0.5000000000000000
2026-01-06,ZON-007,mini,9,5,0.2222222222222222,3.395238095238095,0.6666666666666667
2026-01-06,ZON-030,bike_taxi,7,2,0.7142857142857143,3.7,0.4285714285714286
2026-01-06,ZON-002,bike_taxi,4,1,0.2500000000000000,1.3583333333333334,0.2500000000000000
2026-01-06,ZON-039,mini,7,5,0.1428571428571429,3.1472222222222226,0.1428571428571429
2026-01-06,ZON-095,bike_taxi,6,4,0.3333333333333333,3.8833333333333333,0.3333333333333333
2026-01-06,ZON-062,auto,9,5,0.4444444444444444,3.787037037037037,0.5555555555555556
2026-01-06,ZON-049,bike_taxi,9,4,0.3333333333333333,3.835714285714286,0.2222222222222222
2026-01-06,ZON-119,auto,5,3,0.2000000000000000,1.3,0.8000000000000000
2026-01-06,ZON-094,auto,4,3,0.2500000000000000,4.804166666666666,1.0000000000000000
2026-01-06,ZON-104,sedan,2,1,0E-16,6.466666666666667,0.5000000000000000
2026-01-06,ZON-003,bike_taxi,3,1,0.3333333333333333,4.15,0.3333333333333333
2026-01-06,ZON-028,mini,6,6,0E-16,3.191666666666667,0.8333333333333333
2026-01-06,ZON-014,mini,8,6,0.1250000000000000,4.085714285714285,0.6250000000000000
2026-01-06,ZON-107,sedan,3,2,0E-16,6.516666666666667,0.3333333333333333
2026-01-06,ZON-040,sedan,4,3,0.2500000000000000,5.133333333333334,0.5000000000000000
2026-01-06,ZON-004,sedan,1,1,0E-16,3.9833333333333334,1.0000000000000000
2026-01-07,ZON-003,sedan,4,3,0E-16,5.3,0.2500000000000000
2026-01-07,ZON-105,sedan,9,6,0.1111111111111111,4.057142857142857,0.4444444444444444
2026-01-07,ZON-034,mini,4,3,0E-16,5.0055555555555555,0.5000000000000000
2026-01-07,ZON-023,auto,6,4,0.3333333333333333,4.561111111111112,0.3333333333333333
2026-01-07,ZON-006,mini,9,5,0.2222222222222222,3.811904761904762,0.4444444444444444
2026-01-07,ZON-111,bike_taxi,12,8,0.3333333333333333,4.519444444444445,0.6666666666666667
2026-01-07,ZON-010,sedan,3,3,0E-16,3.4166666666666665,0.3333333333333333
2026-01-07,ZON-108,mini,3,2,0.3333333333333333,3.0777777777777775,0E-16
2026-01-07,ZON-109,mini,6,4,0.1666666666666667,4.613333333333333,0.6666666666666667
2026-01-07,ZON-001,bike_taxi,2,2,0E-16,0.9333333333333333,1.0000000000000000
2026-01-07,ZON-078,auto,10,8,0.1000000000000000,3.1222222222222222,0.6000000000000000
2026-01-07,ZON-020,mini,6,4,0.1666666666666667,5.13,0.8333333333333333
2026-01-07,ZON-100,mini,5,4,0.2000000000000000,3.9633333333333334,1.0000000000000000
2026-01-07,ZON-036,bike_taxi,2,2,0E-16,6.625,1.0000000000000000
2026-01-07,ZON-062,sedan,4,2,0.2500000000000000,4.816666666666666,0.2500000000000000
2026-01-07,ZON-074,sedan,7,4,0.2857142857142857,2.9194444444444443,0.4285714285714286
2026-01-07,ZON-117,bike_taxi,2,1,0.5000000000000000,5.641666666666667,0.5000000000000000
2026-01-07,ZON-105,mini,4,3,0.2500000000000000,5.254166666666666,0.5000000000000000
2026-01-08,ZON-008,mini,10,6,0.1000000000000000,4.376190476190476,0.4000000000000000
2026-01-08,ZON-119,auto,4,2,0.2500000000000000,4.677777777777778,0.5000000000000000
2026-01-08,ZON-080,auto,6,2,0.3333333333333333,3.875,0.5000000000000000
2026-01-08,ZON-084,mini,7,3,0.4285714285714286,3.9583333333333335,0.5714285714285714
2026-01-08,ZON-064,auto,5,4,0E-16,4.25,0.8000000000000000
2026-01-08,ZON-039,auto,5,3,0.4000000000000000,2.2800000000000002,0.6000000000000000
2026-01-08,ZON-026,bike_taxi,9,5,0.4444444444444444,3.359259259259259,0.5555555555555556
2026-01-08,ZON-059,bike_taxi,5,3,0.2000000000000000,3.225,0.8000000000000000
2026-01-08,ZON-067,bike_taxi,5,3,0.4000000000000000,2.9166666666666665,0.2000000000000000
2026-01-08,ZON-118,auto,6,4,0.3333333333333333,3.2416666666666667,0.3333333333333333
2026-01-08,ZON-026,auto,7,7,0E-16,2.7547619047619047,0.5714285714285714
2026-01-08,ZON-047,bike_taxi,7,5,0.2857142857142857,2.7738095238095237,0.4285714285714286
2026-01-08,ZON-034,sedan,6,3,0.3333333333333333,3.5766666666666667,0.3333333333333333
2026-01-08,ZON-017,sedan,6,4,0.1666666666666667,3.2933333333333334,0.6666666666666667
2026-01-08,ZON-045,bike_taxi,5,1,0.6000000000000000,3.125,0.6000000000000000
2026-01-08,ZON-053,mini,8,5,0E-16,4.16,0.3750000000000000
2026-01-08,ZON-047,sedan,5,5,0E-16,1.8933333333333333,0.4000000000000000
2026-01-08,ZON-047,mini,12,6,0.4166666666666667,4.968181818181818,0.6666666666666667
2026-01-08,ZON-080,sedan,1,1,0E-16,1.5333333333333334,1.0000000000000000
2026-01-08,ZON-071,auto,4,4,0E-16,3.408333333333333,1.0000000000000000
2026-01-09,ZON-013,mini,7,3,0.2857142857142857,2.3633333333333337,0.7142857142857143
2026-01-09,ZON-057,sedan,6,6,0E-16,3.783333333333333,0.5000000000000000
2026-01-09,ZON-076,sedan,6,4,0.3333333333333333,4.680555555555555,0.8333333333333333
2026-01-09,ZON-012,bike_taxi,5,3,0.4000000000000000,3.77,0.6000000000000000
2026-01-09,ZON-005,auto,10,6,0.3000000000000000,4.048148148148148,0.5000000000000000
2026-01-09,ZON-104,auto,6,6,0E-16,3.1277777777777778,0.3333333333333333
2026-01-09,ZON-037,sedan,5,2,0.4000000000000000,4.529166666666667,0.4000000000000000
2026-01-09,ZON-091,auto,6,4,0.1666666666666667,2.393333333333333,0.6666666666666667
2026-01-09,ZON-011,bike_taxi,7,5,0.2857142857142857,4.021428571428571,0.1428571428571429
2026-01-09,ZON-080,sedan,5,5,0E-16,4.0633333333333335,0.6000000000000000
2026-01-09,ZON-052,bike_taxi,4,3,0E-16,3.861111111111111,0.2500000000000000
2026-01-09,ZON-098,sedan,4,1,0E-16,5.116666666666666,0.7500000000000000
2026-01-09,ZON-005,mini,8,5,0.2500000000000000,2.3595238095238096,0.5000000000000000
2026-01-09,ZON-019,bike_taxi,8,7,0.1250000000000000,3.44375,0.5000000000000000
2026-01-09,ZON-027,sedan,5,4,0.2000000000000000,3.2266666666666666,0.6000000000000000
2026-01-09,ZON-086,bike_taxi,7,3,0.2857142857142857,3.5900000000000003,0.4285714285714286
2026-01-09,ZON-014,auto,6,5,0.1666666666666667,3.513888888888889,0.3333333333333333
2026-01-09,ZON-081,mini,7,2,0.4285714285714286,3.77,0.5714285714285714
2026-01-09,ZON-065,bike_taxi,7,3,0.4285714285714286,4.136111111111111,0.4285714285714286
2026-01-08,ZON-038,bike_taxi,1,1,0E-16,3.2666666666666666,1.0000000000000000
2026-01-10,ZON-004,mini,7,5,0.1428571428571429,3.875,0.5714285714285714
2026-01-10,ZON-057,mini,10,8,0.2000000000000000,4.376666666666667,0.5000000000000000
2026-01-10,ZON-063,bike_taxi,5,4,0.2000000000000000,4.576666666666667,0.6000000000000000
2026-01-10,ZON-116,mini,12,8,0.2500000000000000,3.56969696969697,0.4166666666666667
2026-01-10,ZON-064,auto,7,6,0E-16,2.675,0.4285714285714286
2026-01-10,ZON-007,auto,6,4,0.1666666666666667,3.8133333333333335,1.0000000000000000
2026-01-10,ZON-038,sedan,2,1,0E-16,6.55,1.0000000000000000
2026-01-10,ZON-080,sedan,5,5,0E-16,3.5900000000000003,0.6000000000000000
2026-01-10,ZON-063,mini,6,5,0.1666666666666667,3.716666666666667,0.5000000000000000
2026-01-10,ZON-079,mini,8,6,0E-16,3.1083333333333334,0.1250000000000000
2026-01-10,ZON-109,bike_taxi,3,2,0.3333333333333333,3.3833333333333333,0.3333333333333333
2026-01-10,ZON-065,bike_taxi,4,3,0.2500000000000000,4.691666666666666,0E-16
2026-01-10,ZON-085,bike_taxi,7,4,0.2857142857142857,3.841666666666667,0.7142857142857143
2026-01-10,ZON-119,sedan,3,1,0.3333333333333333,2.933333333333333,0E-16
2026-01-11,ZON-027,bike_taxi,5,4,0.2000000000000000,5.036666666666666,0.4000000000000000
2026-01-11,ZON-076,auto,7,4,0.1428571428571429,4.7,0.7142857142857143
2026-01-11,ZON-067,sedan,6,4,0.3333333333333333,3.5194444444444444,0.5000000000000000
2026-01-11,ZON-012,mini,3,3,0E-16,4.105555555555556,0E-16
2026-01-11,ZON-060,bike_taxi,4,2,0.5000000000000000,4.525,0.5000000000000000
2026-01-11,ZON-001,sedan,7,4,0.2857142857142857,4.25,0.8571428571428571
2026-01-11,ZON-050,mini,7,5,0.2857142857142857,3.319047619047619,0.7142857142857143
2026-01-11,ZON-005,bike_taxi,4,3,0.2500000000000000,1.85,0.5000000000000000
2026-01-11,ZON-025,auto,5,4,0.2000000000000000,2.2066666666666666,0.4000000000000000
2026-01-11,ZON-019,auto,8,6,0.1250000000000000,3.530952380952381,0.3750000000000000
2026-01-11,ZON-093,mini,5,3,0.2000000000000000,4.783333333333333,0.4000000000000000
2026-01-11,ZON-028,bike_taxi,6,6,0E-16,4.2555555555555555,0.6666666666666667
2026-01-11,ZON-032,mini,7,4,0.2857142857142857,3.6527777777777777,0.5714285714285714
2026-01-11,ZON-009,auto,9,5,0.2222222222222222,3.2761904761904765,0.5555555555555556
2026-01-11,ZON-105,sedan,4,3,0.2500000000000000,2.683333333333333,0.5000000000000000
2026-01-11,ZON-052,mini,4,2,0E-16,3.8833333333333333,0.2500000000000000
2026-01-11,ZON-050,auto,11,11,0E-16,3.2,0.3636363636363636
2026-01-11,ZON-052,bike_taxi,3,3,0E-16,5.011111111111111,1.0000000000000000
2026-01-11,ZON-069,sedan,2,1,0E-16,3.4166666666666665,0.5000000000000000
2026-01-11,ZON-068,sedan,6,5,0.1666666666666667,5.4,0.6666666666666667
2026-01-11,ZON-071,sedan,3,3,0E-16,2.238888888888889,0E-16
2026-01-11,ZON-117,auto,4,4,0E-16,4.016666666666667,0.5000000000000000
2026-01-12,ZON-044,bike_taxi,9,5,0.2222222222222222,3.428571428571429,0.5555555555555556
2026-01-12,ZON-065,auto,7,3,0.4285714285714286,3.0416666666666665,0.5714285714285714
2026-01-12,ZON-089,sedan,4,4,0E-16,4.6875,0.5000000000000000
2026-01-12,ZON-047,auto,7,5,0.2857142857142857,4.211904761904762,0.2857142857142857
2026-01-12,ZON-042,sedan,7,4,0.4285714285714286,4.004761904761905,0.5714285714285714
2026-01-12,ZON-056,auto,5,3,0.2000000000000000,4.729166666666667,0.4000000000000000
2026-01-12,ZON-067,auto,6,4,0.1666666666666667,2.506666666666667,0.6666666666666667
2026-01-12,ZON-024,sedan,7,5,0.2857142857142857,3.3595238095238096,0.8571428571428571
2026-01-12,ZON-051,mini,10,10,0E-16,4.65,0.5000000000000000
2026-01-12,ZON-009,mini,9,4,0.3333333333333333,2.8595238095238096,0.7777777777777778
2026-01-12,ZON-002,bike_taxi,4,2,0.2500000000000000,6.355555555555555,0E-16
2026-01-12,ZON-110,sedan,2,2,0E-16,6.183333333333334,0.5000000000000000
2026-01-12,ZON-073,sedan,7,6,0.1428571428571429,4.288095238095238,0.7142857142857143
2026-01-12,ZON-040,sedan,3,1,0.6666666666666667,4.633333333333334,0.3333333333333333
2026-01-12,ZON-007,mini,3,2,0E-16,3.625,0.6666666666666667
2026-01-12,ZON-063,mini,4,3,0.2500000000000000,3.6,0.5000000000000000
2026-01-13,ZON-066,auto,10,6,0.3000000000000000,3.0425925925925923,0.8000000000000000
2026-01-13,ZON-079,bike_taxi,2,0,1.0000000000000000,2.683333333333333,0.5000000000000000
2026-01-13,ZON-053,auto,12,8,0.1666666666666667,4.48,0.5000000000000000
2026-01-13,ZON-024,bike_taxi,8,5,0.2500000000000000,4.05,0.2500000000000000
2026-01-13,ZON-010,mini,11,11,0E-16,3.51969696969697,0.4545454545454545
2026-01-13,ZON-080,mini,4,4,0E-16,2.8833333333333333,0.5000000000000000
2026-01-13,ZON-089,mini,8,4,0.1250000000000000,3.7266666666666666,0.6250000000000000
2026-01-13,ZON-047,auto,7,5,0.2857142857142857,2.8833333333333333,0.8571428571428571
2026-01-13,ZON-067,auto,3,3,0E-16,1.3333333333333333,0.6666666666666667
2026-01-14,ZON-060,mini,10,7,0.1000000000000000,2.08125,0.7000000000000000
2026-01-14,ZON-080,auto,7,3,0.4285714285714286,3.219444444444444,0.5714285714285714
2026-01-14,ZON-111,mini,8,7,0E-16,4.697619047619047,0.6250000000000000
2026-01-13,ZON-067,sedan,1,1,0E-16,4.5,1.0000000000000000
2026-01-14,ZON-075,auto,4,2,0.5000000000000000,4.0375,0.5000000000000000
2026-01-14,ZON-025,mini,2,0,0.5000000000000000,5.633333333333334,1.0000000000000000
2026-01-14,ZON-072,mini,9,7,0.2222222222222222,4.309259259259259,0.5555555555555556
2026-01-14,ZON-009,bike_taxi,6,5,0.1666666666666667,2.963888888888889,0.6666666666666667
2026-01-14,ZON-002,auto,12,9,0.2500000000000000,3.6708333333333334,0.5833333333333333
2026-01-14,ZON-031,bike_taxi,4,3,0.2500000000000000,2.2708333333333335,0.5000000000000000
2026-01-14,ZON-062,sedan,5,4,0E-16,3.875,0.6000000000000000
2026-01-14,ZON-092,bike_taxi,3,1,0.3333333333333333,5.0,0.3333333333333333
2026-01-14,ZON-090,auto,4,2,0.5000000000000000,2.5,0.7500000000000000
2026-01-14,ZON-041,mini,3,2,0.3333333333333333,2.4,1.0000000000000000
2026-01-14,ZON-094,sedan,7,5,0.1428571428571429,4.769444444444445,0.7142857142857143
2026-01-01,ZON-111,auto,6,4,0.1666666666666667,2.7800000000000002,0.8333333333333333
2026-01-01,ZON-106,sedan,8,6,0.1250000000000000,3.8095238095238098,0.7500000000000000
2026-01-01,ZON-106,auto,6,3,0.3333333333333333,4.5633333333333335,0.6666666666666667
2026-01-01,ZON-044,mini,8,5,0.2500000000000000,4.4714285714285715,0.5000000000000000
2026-01-01,ZON-014,auto,9,6,0.3333333333333333,3.4833333333333334,0.6666666666666667
2026-01-01,ZON-108,sedan,3,2,0.3333333333333333,3.0444444444444443,0.3333333333333333
2026-01-01,ZON-090,bike_taxi,9,6,0.3333333333333333,4.125925925925926,0.5555555555555556
2026-01-01,ZON-006,sedan,2,1,0E-16,3.0166666666666666,0E-16
2026-01-01,ZON-065,bike_taxi,6,1,0.3333333333333333,5.322222222222222,0.8333333333333333
2026-01-01,ZON-021,bike_taxi,8,5,0.2500000000000000,4.252380952380952,0.5000000000000000
2026-01-01,ZON-031,sedan,4,3,0.2500000000000000,4.05,0.7500000000000000
2026-01-01,ZON-056,auto,6,2,0.5000000000000000,3.5,0.5000000000000000
2026-01-01,ZON-061,mini,9,5,0.3333333333333333,2.3625,0.6666666666666667
2026-01-01,ZON-070,bike_taxi,8,6,0.1250000000000000,2.6404761904761904,0.7500000000000000
2026-01-01,ZON-039,sedan,3,1,0.6666666666666667,3.405555555555556,0.3333333333333333
2026-01-01,ZON-056,sedan,1,1,0E-16,3.8,1.0000000000000000
2026-01-01,ZON-072,mini,5,3,0.2000000000000000,2.9833333333333334,0.6000000000000000
2026-01-02,ZON-017,bike_taxi,4,3,0.2500000000000000,3.9166666666666665,0.7500000000000000
2026-01-02,ZON-001,sedan,4,3,0E-16,3.594444444444444,0.7500000000000000
2026-01-02,ZON-005,sedan,7,5,0.2857142857142857,4.3428571428571425,0.5714285714285714
2026-01-02,ZON-109,mini,8,3,0.3750000000000000,2.319444444444444,0.7500000000000000
2026-01-02,ZON-010,mini,7,4,0.2857142857142857,3.386111111111111,0.7142857142857143
2026-01-02,ZON-052,mini,5,3,0.4000000000000000,3.4366666666666665,0.8000000000000000
2026-01-02,ZON-049,sedan,3,1,0.3333333333333333,4.958333333333333,0.3333333333333333
2026-01-02,ZON-022,mini,7,4,0.1428571428571429,2.6,0.4285714285714286
2026-01-02,ZON-115,mini,11,6,0.3636363636363636,3.955,0.7272727272727273
2026-01-02,ZON-038,mini,6,3,0E-16,3.25,0.6666666666666667
2026-01-02,ZON-054,sedan,5,4,0E-16,3.120833333333333,0.6000000000000000
2026-01-02,ZON-073,bike_taxi,3,2,0E-16,3.591666666666667,0.6666666666666667
2026-01-02,ZON-012,bike_taxi,3,2,0.3333333333333333,3.966666666666667,0.6666666666666667
2026-01-02,ZON-012,auto,3,2,0.3333333333333333,3.988888888888889,0.6666666666666667
2026-01-02,ZON-041,auto,7,3,0.4285714285714286,3.316666666666667,0.8571428571428571
2026-01-02,ZON-038,sedan,5,3,0.2000000000000000,4.658333333333333,0.2000000000000000
2026-01-02,ZON-075,sedan,5,4,0.2000000000000000,3.533333333333333,0.6000000000000000
2026-01-02,ZON-111,sedan,4,2,0.2500000000000000,2.7,0.5000000000000000
2026-01-02,ZON-043,mini,2,1,0.5000000000000000,4.7,1.0000000000000000
2026-01-02,ZON-073,sedan,7,5,0.1428571428571429,2.4944444444444445,0.5714285714285714
2026-01-02,ZON-045,sedan,5,3,0.2000000000000000,3.4166666666666665,0.4000000000000000
2026-01-02,ZON-035,sedan,2,2,0E-16,0.675,0.5000000000000000
2026-01-02,ZON-030,bike_taxi,3,1,0E-16,3.5833333333333335,0.6666666666666667
2026-01-02,ZON-050,auto,10,6,0.1000000000000000,3.5238095238095237,0.5000000000000000
2026-01-03,ZON-010,auto,6,2,0.3333333333333333,3.0625,0.6666666666666667
2026-01-03,ZON-025,mini,9,5,0.3333333333333333,4.11875,0.8888888888888889
2026-01-03,ZON-078,bike_taxi,3,3,0E-16,1.777777777777778,0.3333333333333333
2026-01-03,ZON-052,sedan,6,5,0.1666666666666667,3.941666666666667,0.3333333333333333
2026-01-03,ZON-031,auto,12,4,0.3333333333333333,3.472916666666667,0.6666666666666667
2026-01-03,ZON-082,bike_taxi,5,5,0E-16,4.183333333333334,0.8000000000000000
2026-01-03,ZON-107,bike_taxi,4,3,0E-16,5.066666666666666,0.5000000000000000
2026-01-03,ZON-003,auto,5,3,0.2000000000000000,4.883333333333334,0.6000000000000000
2026-01-03,ZON-019,bike_taxi,8,5,0.2500000000000000,4.695238095238095,0.3750000000000000
2026-01-03,ZON-040,auto,10,6,0.2000000000000000,4.502083333333333,0.4000000000000000
2026-01-03,ZON-078,auto,8,4,0.3750000000000000,3.34047619047619,0.5000000000000000
2026-01-03,ZON-084,sedan,3,2,0.3333333333333333,3.8777777777777778,0.6666666666666667
2026-01-03,ZON-088,bike_taxi,3,2,0.3333333333333333,3.5222222222222226,0.3333333333333333
2026-01-03,ZON-112,bike_taxi,6,4,0.1666666666666667,4.46,0.5000000000000000
2026-01-03,ZON-086,sedan,7,5,0.2857142857142857,3.0404761904761903,0.5714285714285714
2026-01-03,ZON-008,auto,9,6,0E-16,3.6222222222222222,0.4444444444444444
2026-01-03,ZON-039,bike_taxi,3,3,0E-16,4.761111111111111,1.0000000000000000
2026-01-03,ZON-095,sedan,3,3,0E-16,2.8222222222222224,1.0000000000000000
2026-01-03,ZON-084,mini,7,3,0.5714285714285714,2.0380952380952384,0.8571428571428571
2026-01-03,ZON-038,mini,5,5,0E-16,2.9733333333333336,0.4000000000000000
2026-01-03,ZON-094,bike_taxi,3,2,0.3333333333333333,5.838888888888889,1.0000000000000000
2026-01-03,ZON-075,sedan,5,3,0.4000000000000000,2.5433333333333334,0.6000000000000000
2026-01-02,ZON-029,bike_taxi,1,1,0E-16,6.633333333333334,0E-16
2026-01-04,ZON-115,auto,6,2,0.3333333333333333,4.933333333333334,0.1666666666666667
2026-01-04,ZON-014,auto,8,5,0.2500000000000000,3.311904761904762,0.3750000000000000
2026-01-04,ZON-061,bike_taxi,4,3,0.2500000000000000,3.245833333333333,1.0000000000000000
2026-01-04,ZON-113,auto,8,5,0.3750000000000000,3.86875,0.3750000000000000
2026-01-04,ZON-038,mini,7,3,0.4285714285714286,2.686111111111111,0.7142857142857143
2026-01-04,ZON-110,mini,7,3,0.4285714285714286,4.6305555555555555,0.4285714285714286
2026-01-04,ZON-070,mini,7,4,0.1428571428571429,4.906666666666666,0.4285714285714286
2026-01-04,ZON-118,bike_taxi,7,4,0.1428571428571429,4.0,0.7142857142857143
2026-01-04,ZON-065,mini,6,3,0.3333333333333333,3.24,0.5000000000000000
2026-01-04,ZON-097,bike_taxi,5,4,0.2000000000000000,4.736666666666666,0.4000000000000000
2026-01-04,ZON-012,mini,5,2,0.4000000000000000,3.3875,0.2000000000000000
2026-01-04,ZON-071,bike_taxi,2,2,0E-16,5.191666666666666,1.0000000000000000
2026-01-04,ZON-096,bike_taxi,3,3,0E-16,5.4,0E-16
2026-01-04,ZON-073,sedan,3,1,0.3333333333333333,2.3833333333333333,0.6666666666666667
2026-01-04,ZON-034,sedan,2,2,0E-16,3.966666666666667,0.5000000000000000
2026-01-05,ZON-018,mini,7,6,0E-16,2.183333333333333,0.1428571428571429
2026-01-05,ZON-099,mini,9,5,0.3333333333333333,4.245833333333334,0.2222222222222222
2026-01-05,ZON-086,mini,8,5,0.3750000000000000,3.2354166666666666,0.5000000000000000
2026-01-05,ZON-110,mini,6,6,0E-16,3.8527777777777774,0.6666666666666667
2026-01-05,ZON-087,sedan,6,3,0.1666666666666667,3.6083333333333334,0.3333333333333333
2026-01-05,ZON-104,mini,10,9,0.1000000000000000,5.116666666666666,0.3000000000000000
2026-01-05,ZON-004,bike_taxi,2,1,0E-16,1.7833333333333334,0.5000000000000000
2026-01-05,ZON-078,sedan,5,3,0.4000000000000000,4.24,0.6000000000000000
2026-01-05,ZON-039,mini,9,4,0.4444444444444444,4.277083333333334,0.5555555555555556
2026-01-05,ZON-108,auto,7,4,0.4285714285714286,3.180952380952381,0.5714285714285714
2026-01-05,ZON-038,auto,6,5,0.1666666666666667,3.305555555555556,1.0000000000000000
2026-01-05,ZON-111,sedan,5,3,0.4000000000000000,4.6,0.6000000000000000
2026-01-05,ZON-051,bike_taxi,4,4,0E-16,4.6625,1.0000000000000000
2026-01-05,ZON-010,bike_taxi,2,0,1.0000000000000000,3.55,1.0000000000000000
2026-01-05,ZON-052,bike_taxi,3,2,0E-16,4.608333333333333,0E-16
2026-01-05,ZON-055,sedan,4,4,0E-16,3.2625,0.5000000000000000
2026-01-05,ZON-059,auto,6,3,0E-16,3.4944444444444445,0.1666666666666667
2026-01-05,ZON-101,auto,4,3,0E-16,3.711111111111111,1.0000000000000000
2026-01-05,ZON-023,sedan,4,3,0E-16,2.283333333333333,0.5000000000000000
2026-01-05,ZON-114,auto,3,2,0E-16,2.425,1.0000000000000000
2026-01-05,ZON-034,sedan,1,1,0E-16,2.3333333333333335,1.0000000000000000
2026-01-06,ZON-081,bike_taxi,3,2,0.3333333333333333,3.15,0.6666666666666667
2026-01-06,ZON-009,bike_taxi,8,4,0.5000000000000000,2.439583333333333,0.3750000000000000
2026-01-06,ZON-003,sedan,4,2,0.5000000000000000,4.058333333333334,0.5000000000000000
2026-01-06,ZON-012,auto,4,3,0.2500000000000000,3.7375,0.7500000000000000
2026-01-06,ZON-027,mini,8,6,0.2500000000000000,4.208333333333333,0.3750000000000000
2026-01-06,ZON-007,sedan,8,5,0.3750000000000000,4.135416666666667,0.6250000000000000
2026-01-06,ZON-009,sedan,4,2,0.2500000000000000,4.544444444444445,0.5000000000000000
2026-01-06,ZON-113,sedan,3,2,0.3333333333333333,4.294444444444445,0.6666666666666667
2026-01-06,ZON-024,bike_taxi,4,3,0.2500000000000000,2.716666666666667,0.7500000000000000
2026-01-06,ZON-072,mini,9,5,0.3333333333333333,4.652083333333334,0.4444444444444444
2026-01-06,ZON-018,mini,6,4,0.3333333333333333,4.1722222222222225,0.8333333333333333
2026-01-06,ZON-068,auto,6,5,0.1666666666666667,2.3222222222222224,0.8333333333333333
2026-01-06,ZON-053,auto,3,2,0.3333333333333333,3.811111111111111,0.6666666666666667
2026-01-06,ZON-054,mini,5,3,0.4000000000000000,4.11,0.6000000000000000
2026-01-06,ZON-105,bike_taxi,2,2,0E-16,6.141666666666667,1.0000000000000000
2026-01-06,ZON-105,sedan,5,3,0.2000000000000000,4.2125,0E-16
2026-01-06,ZON-054,auto,9,7,0.1111111111111111,3.0145833333333334,0.5555555555555556
2026-01-06,ZON-109,sedan,2,2,0E-16,2.716666666666667,0E-16
2026-01-06,ZON-112,mini,3,3,0E-16,3.6166666666666667,0E-16
2026-01-05,ZON-022,auto,1,1,0E-16,4.75,0E-16
2026-01-06,ZON-045,mini,10,9,0.1000000000000000,3.7550000000000003,0.5000000000000000
2026-01-06,ZON-063,sedan,3,3,0E-16,4.5,0.6666666666666667
2026-01-06,ZON-040,auto,4,0,0.7500000000000000,5.294444444444445,1.0000000000000000
2026-01-06,ZON-093,mini,1,1,0E-16,1.5833333333333333,1.0000000000000000
2026-01-07,ZON-043,mini,13,7,0.2307692307692308,3.256666666666667,0.3076923076923077
2026-01-07,ZON-064,auto,10,7,0.1000000000000000,5.258333333333334,0.5000000000000000
2026-01-07,ZON-051,mini,4,3,0.2500000000000000,2.7041666666666666,0.5000000000000000
2026-01-07,ZON-033,bike_taxi,5,4,0.2000000000000000,3.856666666666667,0.4000000000000000
2026-01-07,ZON-119,auto,7,5,0.2857142857142857,3.8642857142857143,0.5714285714285714
2026-01-07,ZON-024,auto,4,4,0E-16,5.220833333333333,0.5000000000000000
2026-01-07,ZON-065,mini,9,6,0.2222222222222222,4.295833333333333,0.5555555555555556
2026-01-07,ZON-036,sedan,8,6,0E-16,3.863888888888889,0.8750000000000000
2026-01-07,ZON-073,bike_taxi,4,3,0.2500000000000000,2.95,0E-16
2026-01-07,ZON-109,auto,5,4,0E-16,2.2666666666666666,0.4000000000000000
2026-01-07,ZON-103,bike_taxi,8,2,0.3750000000000000,3.3033333333333332,0.7500000000000000
2026-01-07,ZON-056,auto,4,1,0.7500000000000000,4.579166666666667,0.7500000000000000
2026-01-07,ZON-091,sedan,9,6,0.3333333333333333,4.414814814814815,0.4444444444444444
2026-01-07,ZON-117,sedan,4,3,0.2500000000000000,4.691666666666666,0.5000000000000000
2026-01-07,ZON-110,sedan,5,5,0E-16,3.8633333333333337,0.6000000000000000
2026-01-07,ZON-014,auto,6,3,0.5000000000000000,2.9277777777777776,0.1666666666666667
2026-01-07,ZON-060,mini,5,3,0E-16,4.316666666666666,0.8000000000000000
2026-01-07,ZON-099,sedan,3,2,0E-16,4.508333333333334,0.6666666666666667
2026-01-07,ZON-038,sedan,5,3,0.2000000000000000,4.7625,0.8000000000000000
2026-01-08,ZON-050,mini,13,5,0.5384615384615385,3.8375,0.5384615384615385
2026-01-08,ZON-003,sedan,4,3,0.2500000000000000,3.754166666666667,0E-16
2026-01-08,ZON-082,mini,5,1,0.2000000000000000,2.0083333333333333,0E-16
2026-01-08,ZON-081,auto,7,5,0.1428571428571429,4.1,0.4285714285714286
2026-01-08,ZON-037,auto,9,6,0.3333333333333333,4.007407407407408,0.7777777777777778
2026-01-08,ZON-102,auto,7,2,0.2857142857142857,3.575,0.5714285714285714
2026-01-08,ZON-029,bike_taxi,6,2,0.3333333333333333,2.504166666666667,0.8333333333333333
2026-01-08,ZON-024,bike_taxi,6,4,0.3333333333333333,5.794444444444445,0.6666666666666667
2026-01-08,ZON-077,bike_taxi,7,4,0E-16,3.8958333333333335,0.5714285714285714
2026-01-08,ZON-042,auto,8,6,0.2500000000000000,3.9770833333333333,0.3750000000000000
2026-01-08,ZON-097,bike_taxi,2,1,0.5000000000000000,4.233333333333333,0.5000000000000000
2026-01-08,ZON-069,bike_taxi,7,4,0.2857142857142857,3.9222222222222225,0.4285714285714286
2026-01-08,ZON-043,bike_taxi,6,4,0E-16,1.0625,0.5000000000000000
2026-01-08,ZON-053,bike_taxi,4,3,0.2500000000000000,5.0125,0.7500000000000000
2026-01-08,ZON-017,mini,6,3,0.3333333333333333,3.0900000000000003,0.8333333333333333
2026-01-08,ZON-100,auto,7,3,0.5714285714285714,2.566666666666667,0.5714285714285714
2026-01-08,ZON-041,mini,11,9,0.1818181818181818,3.8545454545454545,0.6363636363636364
2026-01-08,ZON-020,sedan,6,5,0E-16,2.8400000000000003,0.3333333333333333
2026-01-08,ZON-094,auto,3,3,0E-16,4.5055555555555555,0.6666666666666667
2026-01-08,ZON-113,bike_taxi,3,0,1.0000000000000000,3.038888888888889,1.0000000000000000
2026-01-08,ZON-032,bike_taxi,3,3,0E-16,5.911111111111111,0.6666666666666667
2026-01-09,ZON-119,bike_taxi,3,3,0E-16,2.9166666666666665,0.3333333333333333
2026-01-09,ZON-068,mini,7,6,0.1428571428571429,3.7285714285714286,0.7142857142857143
2026-01-09,ZON-070,sedan,6,2,0.6666666666666667,3.9833333333333334,0.6666666666666667
2026-01-09,ZON-111,auto,6,4,0E-16,5.2875,0.8333333333333333
2026-01-09,ZON-100,bike_taxi,8,7,0.1250000000000000,5.054166666666666,0.8750000000000000
2026-01-09,ZON-006,auto,8,4,0.5000000000000000,3.4375,0.6250000000000000
2026-01-09,ZON-067,bike_taxi,5,4,0.2000000000000000,4.3933333333333335,0.6000000000000000
2026-01-09,ZON-029,sedan,5,2,0.2000000000000000,4.344444444444445,0.4000000000000000
2026-01-09,ZON-077,bike_taxi,6,2,0.5000000000000000,4.256666666666667,0.8333333333333333
2026-01-09,ZON-030,mini,9,9,0E-16,3.3962962962962964,0.3333333333333333
2026-01-09,ZON-094,mini,4,2,0.5000000000000000,2.9375,0.7500000000000000
2026-01-09,ZON-060,sedan,3,1,0.6666666666666667,5.855555555555555,0.6666666666666667
2026-01-09,ZON-042,sedan,3,1,0.3333333333333333,4.6,1.0000000000000000
2026-01-09,ZON-102,auto,8,5,0.3750000000000000,3.9208333333333334,0.7500000000000000
2026-01-09,ZON-085,mini,4,3,0E-16,4.883333333333334,0.2500000000000000
2026-01-09,ZON-081,bike_taxi,6,4,0E-16,2.8375,0.5000000000000000
2026-01-09,ZON-069,auto,7,3,0.2857142857142857,3.15,0.2857142857142857
2026-01-09,ZON-035,mini,7,6,0.1428571428571429,4.747619047619048,0.7142857142857143
2026-01-09,ZON-063,auto,3,3,0E-16,5.833333333333333,0.6666666666666667
2026-01-10,ZON-046,bike_taxi,3,2,0E-16,3.2916666666666665,0.6666666666666667
2026-01-10,ZON-037,sedan,3,2,0E-16,5.925,1.0000000000000000
2026-01-10,ZON-006,auto,5,4,0.2000000000000000,4.053333333333333,0.4000000000000000
2026-01-10,ZON-112,bike_taxi,4,4,0E-16,4.754166666666666,0.5000000000000000
2026-01-10,ZON-012,bike_taxi,4,4,0E-16,3.9291666666666667,1.0000000000000000
2026-01-10,ZON-019,mini,5,2,0.4000000000000000,4.779166666666667,1.0000000000000000
2026-01-10,ZON-018,auto,3,1,0.3333333333333333,4.416666666666667,0.6666666666666667
2026-01-10,ZON-097,mini,6,5,0E-16,3.0433333333333334,0.5000000000000000
2026-01-10,ZON-044,auto,7,3,0.1428571428571429,3.9375,0.8571428571428571
2026-01-10,ZON-073,bike_taxi,8,7,0E-16,2.9404761904761902,0.3750000000000000
2026-01-10,ZON-011,auto,3,1,0.6666666666666667,5.233333333333333,0.3333333333333333
2026-01-10,ZON-104,auto,6,3,0.3333333333333333,6.073333333333333,0.6666666666666667
2026-01-10,ZON-015,sedan,3,2,0.3333333333333333,3.65,0E-16
2026-01-10,ZON-025,sedan,5,2,0.2000000000000000,4.2444444444444445,0.6000000000000000
2026-01-10,ZON-014,mini,5,3,0.4000000000000000,5.206666666666666,0.6000000000000000
2026-01-10,ZON-096,mini,6,3,0.3333333333333333,3.75,0.6666666666666667
2026-01-10,ZON-022,bike_taxi,5,4,0E-16,2.3333333333333335,0.4000000000000000
2026-01-11,ZON-040,auto,5,4,0.2000000000000000,3.2666666666666666,0.6000000000000000
2026-01-11,ZON-111,sedan,7,4,0.2857142857142857,2.788888888888889,0.7142857142857143
2026-01-10,ZON-044,sedan,5,2,0.6000000000000000,3.8433333333333333,0.6000000000000000
2026-01-11,ZON-096,bike_taxi,6,5,0E-16,3.9466666666666668,0.6666666666666667
2026-01-11,ZON-058,auto,2,2,0E-16,2.6,1.0000000000000000
2026-01-11,ZON-007,bike_taxi,6,4,0.3333333333333333,4.327777777777778,0.5000000000000000
2026-01-11,ZON-093,sedan,6,2,0.3333333333333333,3.4208333333333334,0.6666666666666667
2026-01-11,ZON-050,sedan,2,1,0.5000000000000000,3.6166666666666667,0.5000000000000000
2026-01-11,ZON-001,auto,11,4,0.1818181818181818,3.7472222222222222,0.6363636363636364
2026-01-11,ZON-006,auto,8,5,0.3750000000000000,3.68125,0.2500000000000000
2026-01-11,ZON-046,mini,8,5,0.2500000000000000,5.014285714285714,0.7500000000000000
2026-01-11,ZON-077,sedan,7,5,0.2857142857142857,2.95,0.7142857142857143
2026-01-11,ZON-049,mini,5,2,0.4000000000000000,4.4375,1.0000000000000000
2026-01-11,ZON-084,sedan,2,1,0E-16,3.8666666666666667,0.5000000000000000
2026-01-11,ZON-111,mini,5,3,0.2000000000000000,4.791666666666667,0.8000000000000000
2026-01-11,ZON-029,mini,1,0,1.0000000000000000,5.916666666666667,0E-16
2026-01-11,ZON-108,sedan,3,2,0.3333333333333333,4.422222222222222,0.6666666666666667
2026-01-12,ZON-010,mini,9,5,0.3333333333333333,3.1145833333333335,0.6666666666666667
2026-01-12,ZON-026,bike_taxi,4,1,0.5000000000000000,3.7055555555555557,0E-16
2026-01-12,ZON-038,bike_taxi,6,5,0.1666666666666667,3.2694444444444444,0.3333333333333333
2026-01-12,ZON-018,mini,11,5,0.5454545454545455,3.137878787878788,0.7272727272727273
2026-01-12,ZON-067,sedan,7,6,0.1428571428571429,3.1333333333333333,0.4285714285714286
2026-01-12,ZON-095,bike_taxi,8,4,0.3750000000000000,3.230952380952381,0.3750000000000000
2026-01-12,ZON-036,mini,11,7,0.3636363636363636,4.41969696969697,0.5454545454545455
2026-01-12,ZON-039,bike_taxi,6,4,0.1666666666666667,4.63,0.3333333333333333
2026-01-12,ZON-069,bike_taxi,4,0,1.0000000000000000,4.166666666666667,1.0000000000000000
2026-01-12,ZON-092,mini,5,2,0.6000000000000000,3.1166666666666667,0.4000000000000000
2026-01-12,ZON-074,sedan,6,3,0.3333333333333333,2.89,0.3333333333333333
2026-01-12,ZON-029,bike_taxi,3,3,0E-16,2.905555555555556,0.6666666666666667
2026-01-12,ZON-021,auto,8,4,0.3750000000000000,3.3666666666666667,0.2500000000000000
2026-01-12,ZON-106,bike_taxi,9,5,0.3333333333333333,3.0520833333333335,0.6666666666666667
2026-01-12,ZON-082,bike_taxi,5,5,0E-16,5.0,0.6000000000000000
2026-01-12,ZON-057,auto,5,3,0.4000000000000000,2.9099999999999997,0.4000000000000000
2026-01-12,ZON-091,sedan,5,5,0E-16,4.09,0.8000000000000000
2026-01-11,ZON-040,sedan,1,1,0E-16,5.55,0E-16
2026-01-12,ZON-079,auto,2,2,0E-16,0.7083333333333334,0.5000000000000000
2026-01-13,ZON-111,bike_taxi,6,3,0.3333333333333333,3.6333333333333333,0.3333333333333333
2026-01-13,ZON-113,mini,5,3,0.2000000000000000,3.058333333333333,0.6000000000000000
2026-01-13,ZON-026,mini,3,0,0.6666666666666667,3.5,0.6666666666666667
2026-01-13,ZON-072,auto,2,2,0E-16,2.1333333333333333,0E-16
2026-01-13,ZON-059,bike_taxi,6,3,0.3333333333333333,3.3833333333333333,0.5000000000000000
2026-01-13,ZON-057,mini,9,4,0.2222222222222222,4.075,0.4444444444444444
2026-01-13,ZON-079,auto,4,2,0.5000000000000000,3.245833333333333,1.0000000000000000
2026-01-13,ZON-037,bike_taxi,4,2,0.5000000000000000,4.175,0.7500000000000000
2026-01-13,ZON-082,mini,3,3,0E-16,4.122222222222223,0.6666666666666667
2026-01-13,ZON-011,bike_taxi,8,4,0.3750000000000000,2.9,0.5000000000000000
2026-01-13,ZON-065,bike_taxi,5,3,0.4000000000000000,4.046666666666667,0.8000000000000000
2026-01-13,ZON-065,auto,7,5,0.1428571428571429,3.138888888888889,0.2857142857142857
2026-01-13,ZON-003,auto,10,5,0.3000000000000000,4.316666666666666,0.5000000000000000
2026-01-13,ZON-018,mini,7,6,0.1428571428571429,4.56904761904762,0.5714285714285714
2026-01-13,ZON-085,sedan,8,5,0.1250000000000000,3.213888888888889,0.6250000000000000
2026-01-13,ZON-089,sedan,3,2,0.3333333333333333,3.511111111111111,0E-16
2026-01-13,ZON-018,sedan,4,0,0.7500000000000000,2.716666666666667,0.7500000000000000
2026-01-13,ZON-028,bike_taxi,7,5,0.2857142857142857,3.2285714285714286,0.5714285714285714
2026-01-13,ZON-106,bike_taxi,4,2,0.5000000000000000,2.2875,0.7500000000000000
2026-01-13,ZON-010,sedan,5,3,0.2000000000000000,3.2666666666666666,0.8000000000000000
2026-01-13,ZON-060,sedan,2,2,0E-16,5.566666666666666,1.0000000000000000
2026-01-13,ZON-037,sedan,3,2,0E-16,4.991666666666666,0.6666666666666667
2026-01-13,ZON-081,bike_taxi,7,5,0.1428571428571429,4.958333333333333,0.5714285714285714
2026-01-14,ZON-071,mini,7,5,0.2857142857142857,2.9952380952380953,0.2857142857142857
2026-01-14,ZON-079,mini,11,7,0.2727272727272727,4.963333333333334,0.3636363636363636
2026-01-14,ZON-046,auto,8,5,0.3750000000000000,2.627083333333333,0.5000000000000000
2026-01-14,ZON-088,sedan,4,3,0E-16,3.3333333333333335,0.2500000000000000
2026-01-14,ZON-075,bike_taxi,3,2,0.3333333333333333,2.0555555555555554,0E-16
2026-01-14,ZON-070,auto,11,6,0.3636363636363636,3.283333333333333,0.4545454545454545
2026-01-14,ZON-012,sedan,3,1,0.6666666666666667,1.8611111111111112,0.3333333333333333
2026-01-14,ZON-114,auto,8,6,0.1250000000000000,4.628571428571429,0.6250000000000000
2026-01-14,ZON-047,mini,11,3,0.5454545454545455,3.316666666666667,0.4545454545454545
2026-01-14,ZON-081,bike_taxi,9,6,0.1111111111111111,4.392857142857142,0.8888888888888889
2026-01-14,ZON-001,bike_taxi,7,5,0.2857142857142857,3.321428571428571,0.4285714285714286
2026-01-14,ZON-091,mini,8,5,0.3750000000000000,3.8604166666666666,0.7500000000000000
2026-01-14,ZON-037,auto,4,3,0.2500000000000000,3.625,0.2500000000000000
2026-01-14,ZON-029,auto,6,5,0E-16,4.11,0.3333333333333333
2026-01-14,ZON-007,bike_taxi,6,4,0.3333333333333333,3.8222222222222224,0.6666666666666667
2026-01-14,ZON-030,mini,8,2,0.6250000000000000,2.961904761904762,0.6250000000000000
2026-01-14,ZON-116,sedan,5,3,0.2000000000000000,5.45,0.6000000000000000
2026-01-14,ZON-041,auto,9,6,0.2222222222222222,3.0145833333333334,0.4444444444444444
2026-01-14,ZON-118,bike_taxi,4,2,0.5000000000000000,4.891666666666667,0.5000000000000000
2026-01-14,ZON-090,mini,5,4,0E-16,4.25,1.0000000000000000
2026-01-14,ZON-111,auto,7,5,0E-16,3.7066666666666666,0.2857142857142857
2026-01-14,ZON-027,mini,4,3,0.2500000000000000,4.508333333333334,0.7500000000000000
2026-01-14,ZON-057,bike_taxi,4,3,0E-16,3.5222222222222226,0.5000000000000000
2026-01-01,ZON-033,bike_taxi,5,3,0.4000000000000000,3.93,0.6000000000000000
2026-01-01,ZON-087,auto,7,5,0.2857142857142857,3.585714285714286,0.5714285714285714
2026-01-01,ZON-110,sedan,2,1,0.5000000000000000,5.116666666666666,0E-16
2026-01-01,ZON-066,mini,3,2,0E-16,3.3,0.6666666666666667
2026-01-01,ZON-035,bike_taxi,5,2,0.6000000000000000,3.5433333333333334,0.8000000000000000
2026-01-01,ZON-108,bike_taxi,3,3,0E-16,3.7944444444444443,0.6666666666666667
2026-01-01,ZON-120,auto,4,3,0.2500000000000000,3.0833333333333335,0.7500000000000000
2026-01-01,ZON-104,bike_taxi,4,4,0E-16,3.4875,0.2500000000000000
2026-01-01,ZON-060,sedan,3,2,0.3333333333333333,5.655555555555555,0.6666666666666667
2026-01-01,ZON-109,sedan,5,2,0.4000000000000000,3.7375,0.6000000000000000
2026-01-01,ZON-043,sedan,4,3,0.2500000000000000,4.554166666666666,0E-16
2026-01-01,ZON-095,bike_taxi,4,3,0.2500000000000000,4.1875,0.2500000000000000
2026-01-01,ZON-101,bike_taxi,3,2,0.3333333333333333,2.9944444444444445,0.6666666666666667
2026-01-01,ZON-115,bike_taxi,4,4,0E-16,4.891666666666667,0.2500000000000000
2026-01-01,ZON-119,bike_taxi,7,4,0.2857142857142857,4.261111111111111,0.7142857142857143
2026-01-01,ZON-023,bike_taxi,6,2,0.5000000000000000,2.933333333333333,0.6666666666666667
2026-01-01,ZON-025,sedan,4,3,0.2500000000000000,2.904166666666667,0.5000000000000000
2026-01-01,ZON-012,sedan,5,4,0E-16,3.720833333333333,0.4000000000000000
2026-01-01,ZON-013,auto,9,8,0.1111111111111111,3.587037037037037,0.6666666666666667
2026-01-01,ZON-086,mini,7,5,0.2857142857142857,3.34047619047619,1.0000000000000000
2026-01-01,ZON-032,bike_taxi,3,2,0E-16,3.2916666666666665,0.3333333333333333
2026-01-02,ZON-075,auto,6,3,0.5000000000000000,3.7416666666666667,0.5000000000000000
2026-01-02,ZON-042,auto,10,5,0.3000000000000000,4.277083333333334,0.7000000000000000
2026-01-02,ZON-071,sedan,6,4,0.3333333333333333,5.280555555555555,0.8333333333333333
2026-01-02,ZON-056,mini,10,4,0.4000000000000000,3.1666666666666665,0.7000000000000000
2026-01-02,ZON-057,mini,10,5,0.3000000000000000,3.502083333333333,0.4000000000000000
2026-01-02,ZON-075,mini,5,1,0.4000000000000000,5.172222222222222,0.8000000000000000
2026-01-02,ZON-066,auto,5,3,0.2000000000000000,4.55,0E-16
2026-01-02,ZON-022,auto,14,11,0.0714285714285714,3.35,0.4285714285714286
2026-01-02,ZON-086,auto,7,5,0.2857142857142857,2.8523809523809525,0.4285714285714286
2026-01-02,ZON-013,auto,5,4,0.2000000000000000,3.0,0.4000000000000000
2026-01-02,ZON-032,bike_taxi,5,4,0E-16,2.966666666666667,0.6000000000000000
2026-01-02,ZON-019,auto,6,5,0.1666666666666667,4.466666666666667,0.5000000000000000
2026-01-02,ZON-064,sedan,4,3,0.2500000000000000,4.570833333333334,1.0000000000000000
2026-01-02,ZON-088,bike_taxi,3,3,0E-16,5.033333333333333,0.6666666666666667
2026-01-02,ZON-028,sedan,1,1,0E-16,6.416666666666667,0E-16
2026-01-02,ZON-076,sedan,1,0,1.0000000000000000,3.6166666666666667,1.0000000000000000
2026-01-02,ZON-031,auto,6,4,0.3333333333333333,3.933333333333333,0.5000000000000000
2026-01-02,ZON-006,auto,4,2,0.2500000000000000,3.5444444444444443,0.7500000000000000
2026-01-02,ZON-055,mini,4,2,0.2500000000000000,4.855555555555555,0.7500000000000000
2026-01-02,ZON-113,bike_taxi,2,0,0.5000000000000000,1.4666666666666666,1.0000000000000000
2026-01-03,ZON-111,sedan,6,4,0.3333333333333333,3.25,0.5000000000000000
2026-01-03,ZON-095,bike_taxi,2,2,0E-16,3.3833333333333333,1.0000000000000000
2026-01-03,ZON-047,bike_taxi,6,3,0.1666666666666667,2.925,0.3333333333333333
2026-01-03,ZON-113,bike_taxi,5,4,0.2000000000000000,2.466666666666667,0.8000000000000000
2026-01-03,ZON-056,auto,11,6,0.2727272727272727,2.987037037037037,0.4545454545454545
2026-01-03,ZON-050,mini,3,3,0E-16,4.422222222222222,0.6666666666666667
2026-01-03,ZON-120,sedan,5,2,0.6000000000000000,3.6266666666666665,0.4000000000000000
2026-01-03,ZON-085,sedan,2,1,0E-16,3.45,0.5000000000000000
2026-01-03,ZON-070,mini,9,8,0.1111111111111111,3.3314814814814815,0.3333333333333333
2026-01-03,ZON-113,auto,7,4,0.4285714285714286,4.088095238095238,0.7142857142857143
2026-01-03,ZON-074,mini,5,2,0.6000000000000000,3.546666666666667,0.2000000000000000
2026-01-03,ZON-044,mini,8,7,0E-16,3.9047619047619047,0.5000000000000000
2026-01-03,ZON-061,mini,8,6,0.1250000000000000,2.0904761904761906,0.7500000000000000
2026-01-03,ZON-012,sedan,5,5,0E-16,3.6300000000000003,0.2000000000000000
2026-01-03,ZON-120,mini,5,4,0.2000000000000000,3.61,0.8000000000000000
2026-01-03,ZON-049,sedan,6,4,0.1666666666666667,2.3066666666666666,0.5000000000000000
2026-01-03,ZON-014,sedan,5,2,0.4000000000000000,5.2625,0.4000000000000000
2026-01-03,ZON-024,bike_taxi,6,4,0.3333333333333333,3.536111111111111,0.5000000000000000
2026-01-03,ZON-062,bike_taxi,5,1,0.6000000000000000,4.8375,0.6000000000000000
2026-01-03,ZON-087,sedan,7,3,0.4285714285714286,2.7027777777777775,0.5714285714285714
2026-01-03,ZON-119,mini,3,2,0.3333333333333333,2.311111111111111,0.3333333333333333
2026-01-02,ZON-097,sedan,1,1,0E-16,6.833333333333333,0E-16
2026-01-03,ZON-053,bike_taxi,4,2,0.2500000000000000,4.083333333333333,0.5000000000000000
2026-01-03,ZON-058,auto,5,3,0.4000000000000000,2.7633333333333336,1.0000000000000000
2026-01-03,ZON-081,sedan,7,6,0.1428571428571429,4.397619047619047,0.5714285714285714
2026-01-03,ZON-108,auto,8,5,0E-16,5.053333333333333,0.5000000000000000
2026-01-03,ZON-112,sedan,1,1,0E-16,1.0,0E-16
2026-01-03,ZON-016,sedan,3,2,0.3333333333333333,4.877777777777778,0.3333333333333333
2026-01-03,ZON-051,auto,2,2,0E-16,1.8583333333333334,1.0000000000000000
2026-01-04,ZON-101,mini,9,7,0.2222222222222222,2.9814814814814814,0.6666666666666667
2026-01-04,ZON-104,bike_taxi,7,5,0.2857142857142857,3.4595238095238097,0.7142857142857143
2026-01-04,ZON-074,mini,7,4,0.1428571428571429,4.433333333333334,0.4285714285714286
2026-01-04,ZON-069,mini,12,6,0.4166666666666667,3.5757575757575757,0.1666666666666667
2026-01-04,ZON-054,auto,7,4,0.2857142857142857,4.211111111111111,0.5714285714285714
2026-01-04,ZON-048,sedan,7,6,0.1428571428571429,3.5357142857142856,0.7142857142857143
2026-01-04,ZON-017,bike_taxi,5,1,0.4000000000000000,3.1222222222222222,0.6000000000000000
2026-01-04,ZON-002,sedan,1,1,0E-16,1.6,0E-16
2026-01-04,ZON-078,bike_taxi,6,2,0.3333333333333333,4.808333333333334,0.5000000000000000
2026-01-04,ZON-014,sedan,6,6,0E-16,2.6055555555555556,0.5000000000000000
2026-01-04,ZON-049,bike_taxi,5,3,0.2000000000000000,3.75,0.4000000000000000
2026-01-04,ZON-107,bike_taxi,6,5,0E-16,3.25,0.3333333333333333
2026-01-04,ZON-046,sedan,4,3,0.2500000000000000,2.3333333333333335,0.7500000000000000
2026-01-05,ZON-037,mini,15,9,0.2666666666666667,4.615384615384615,0.6666666666666667
2026-01-05,ZON-059,mini,8,3,0.2500000000000000,3.6300000000000003,0.2500000000000000
2026-01-05,ZON-075,auto,8,5,0.3750000000000000,3.029166666666667,0.7500000000000000
2026-01-05,ZON-076,auto,7,5,0.1428571428571429,2.8527777777777774,0.5714285714285714
2026-01-05,ZON-009,sedan,5,2,0.6000000000000000,2.9866666666666664,0.4000000000000000
2026-01-05,ZON-102,bike_taxi,6,4,0.3333333333333333,5.088888888888889,0.6666666666666667
2026-01-05,ZON-089,auto,4,3,0.2500000000000000,2.7916666666666665,0.7500000000000000
2026-01-05,ZON-113,bike_taxi,6,3,0.1666666666666667,3.1375,0.1666666666666667
2026-01-05,ZON-120,auto,8,6,0.2500000000000000,2.7645833333333334,0.3750000000000000
2026-01-05,ZON-103,mini,4,4,0E-16,4.016666666666667,0.7500000000000000
2026-01-05,ZON-080,sedan,7,5,0.1428571428571429,2.930555555555556,0.5714285714285714
2026-01-05,ZON-087,auto,4,4,0E-16,3.1625,0.7500000000000000
2026-01-05,ZON-020,bike_taxi,5,5,0E-16,3.283333333333333,0.6000000000000000
2026-01-05,ZON-038,mini,7,2,0.4285714285714286,4.496666666666667,0.4285714285714286
2026-01-05,ZON-092,bike_taxi,8,6,0.2500000000000000,3.029166666666667,0.7500000000000000
2026-01-05,ZON-081,auto,9,4,0.3333333333333333,3.8642857142857143,0.4444444444444444
2026-01-05,ZON-069,sedan,2,2,0E-16,4.15,1.0000000000000000
2026-01-05,ZON-088,sedan,3,2,0.3333333333333333,4.261111111111111,0E-16
2026-01-05,ZON-085,sedan,8,5,0.2500000000000000,4.938095238095238,0.6250000000000000
2026-01-05,ZON-028,sedan,3,1,0.6666666666666667,6.016666666666667,0.6666666666666667
2026-01-05,ZON-037,auto,2,0,0.5000000000000000,6.183333333333334,0.5000000000000000
2026-01-05,ZON-105,bike_taxi,2,2,0E-16,3.816666666666667,0.5000000000000000
2026-01-05,ZON-079,mini,4,4,0E-16,3.808333333333333,0.7500000000000000
2026-01-05,ZON-098,bike_taxi,4,1,0.7500000000000000,2.3875,0.5000000000000000
2026-01-05,ZON-026,bike_taxi,3,2,0.3333333333333333,2.95,1.0000000000000000
2026-01-05,ZON-019,bike_taxi,6,5,0.1666666666666667,3.075,0.5000000000000000
2026-01-06,ZON-012,mini,8,7,0.1250000000000000,2.75,0.5000000000000000
2026-01-06,ZON-072,auto,9,7,0.1111111111111111,3.779166666666667,0.3333333333333333
2026-01-06,ZON-018,sedan,8,5,0.3750000000000000,4.470833333333333,0.7500000000000000
2026-01-06,ZON-047,sedan,8,5,0.1250000000000000,5.161111111111111,0.3750000000000000
2026-01-06,ZON-043,bike_taxi,9,7,0.1111111111111111,3.7645833333333334,0.6666666666666667
2026-01-06,ZON-108,bike_taxi,9,8,0.1111111111111111,2.8333333333333335,0.6666666666666667
2026-01-06,ZON-059,mini,3,1,0.6666666666666667,5.5,0.6666666666666667
2026-01-06,ZON-097,auto,5,4,0.2000000000000000,2.6233333333333335,0.8000000000000000
2026-01-06,ZON-060,bike_taxi,4,4,0E-16,4.658333333333333,0.5000000000000000
2026-01-06,ZON-040,bike_taxi,4,3,0E-16,3.844444444444444,0.5000000000000000
2026-01-06,ZON-019,auto,3,0,0.6666666666666667,3.908333333333333,0.3333333333333333
2026-01-06,ZON-069,sedan,4,3,0E-16,5.222222222222222,0E-16
2026-01-06,ZON-048,sedan,7,2,0.7142857142857143,3.7452380952380953,0.5714285714285714
2026-01-06,ZON-090,sedan,3,2,0E-16,4.066666666666666,0.3333333333333333
2026-01-06,ZON-052,sedan,2,0,1.0000000000000000,3.4916666666666667,0.5000000000000000
2026-01-06,ZON-112,sedan,5,3,0.4000000000000000,4.97,0.4000000000000000
2026-01-06,ZON-020,mini,8,5,0.2500000000000000,4.435714285714286,0.8750000000000000
2026-01-06,ZON-052,mini,8,2,0.3750000000000000,2.993333333333333,0.5000000000000000
2026-01-06,ZON-055,sedan,2,1,0E-16,4.833333333333333,1.0000000000000000
2026-01-06,ZON-032,bike_taxi,4,3,0.2500000000000000,4.391666666666667,0.5000000000000000
2026-01-06,ZON-102,sedan,4,3,0.2500000000000000,3.275,0.7500000000000000
2026-01-06,ZON-037,auto,1,1,0E-16,1.9666666666666666,0E-16
2026-01-06,ZON-033,sedan,4,4,0E-16,4.704166666666667,0.5000000000000000
2026-01-06,ZON-043,mini,2,2,0E-16,2.425,0E-16
2026-01-07,ZON-050,auto,6,4,0.3333333333333333,5.108333333333333,0.5000000000000000
2026-01-07,ZON-047,auto,10,5,0.4000000000000000,3.164814814814815,0.6000000000000000
2026-01-07,ZON-085,auto,5,2,0.4000000000000000,3.6166666666666667,0.8000000000000000
2026-01-07,ZON-116,mini,12,5,0.5000000000000000,3.2,0.6666666666666667
2026-01-07,ZON-097,bike_taxi,4,3,0.2500000000000000,3.720833333333333,0.7500000000000000
2026-01-07,ZON-038,mini,5,4,0.2000000000000000,4.293333333333334,0.6000000000000000
2026-01-07,ZON-072,bike_taxi,5,5,0E-16,3.6966666666666668,0.4000000000000000
2026-01-07,ZON-004,sedan,3,3,0E-16,5.05,0.3333333333333333
2026-01-07,ZON-051,auto,5,3,0.2000000000000000,3.216666666666667,0.8000000000000000
2026-01-07,ZON-107,mini,8,4,0.3750000000000000,3.816666666666667,0.6250000000000000
2026-01-07,ZON-002,sedan,2,0,1.0000000000000000,4.908333333333333,0.5000000000000000
2026-01-07,ZON-111,mini,5,2,0.4000000000000000,5.1625,0.4000000000000000
2026-01-07,ZON-070,sedan,5,4,0.2000000000000000,3.75,0.2000000000000000
2026-01-06,ZON-064,mini,1,1,0E-16,3.4833333333333334,0E-16
2026-01-07,ZON-079,sedan,4,3,0E-16,4.394444444444445,0.5000000000000000
2026-01-08,ZON-111,auto,9,7,0.1111111111111111,4.422916666666667,0.3333333333333333
2026-01-08,ZON-060,bike_taxi,8,5,0.2500000000000000,2.788095238095238,0.8750000000000000
2026-01-08,ZON-004,auto,9,7,0.1111111111111111,3.966666666666667,0.5555555555555556
2026-01-08,ZON-024,auto,8,6,0.2500000000000000,3.8229166666666665,0.8750000000000000
2026-01-08,ZON-032,sedan,7,5,0.1428571428571429,3.4833333333333334,0.5714285714285714
2026-01-08,ZON-058,bike_taxi,6,4,0.1666666666666667,2.49,0.3333333333333333
2026-01-08,ZON-036,sedan,5,2,0.4000000000000000,4.745833333333334,0.4000000000000000
2026-01-08,ZON-116,bike_taxi,5,5,0E-16,3.996666666666667,0.6000000000000000
2026-01-08,ZON-026,mini,12,10,0.0833333333333333,3.1363636363636362,0.6666666666666667
2026-01-08,ZON-051,bike_taxi,6,4,0.3333333333333333,4.533333333333333,0.5000000000000000
2026-01-08,ZON-032,mini,5,2,0.6000000000000000,2.89,0.8000000000000000
2026-01-08,ZON-033,bike_taxi,4,2,0.5000000000000000,4.158333333333333,0.7500000000000000
2026-01-08,ZON-067,sedan,5,4,0E-16,4.075,0.4000000000000000
2026-01-08,ZON-016,sedan,7,5,0.1428571428571429,4.65,0.7142857142857143
2026-01-08,ZON-072,sedan,7,2,0.4285714285714286,4.703333333333333,0.7142857142857143
2026-01-08,ZON-040,bike_taxi,4,3,0E-16,5.588888888888889,0.5000000000000000
2026-01-08,ZON-104,sedan,6,4,0.3333333333333333,4.113888888888889,0.1666666666666667
2026-01-09,ZON-075,auto,8,6,0.1250000000000000,4.352380952380953,0.6250000000000000
2026-01-09,ZON-114,auto,5,4,0.2000000000000000,4.493333333333334,0.8000000000000000
2026-01-09,ZON-104,mini,8,5,0.1250000000000000,3.1777777777777776,0.5000000000000000
2026-01-09,ZON-013,auto,4,3,0E-16,4.466666666666667,0.5000000000000000
2026-01-09,ZON-046,mini,7,7,0E-16,4.421428571428572,0.4285714285714286
2026-01-09,ZON-035,bike_taxi,5,3,0.4000000000000000,2.7766666666666664,0.6000000000000000
2026-01-09,ZON-008,bike_taxi,9,6,0.2222222222222222,3.345833333333333,0.2222222222222222
2026-01-09,ZON-098,mini,6,3,0.1666666666666667,3.4208333333333334,0.3333333333333333
2026-01-09,ZON-050,sedan,4,4,0E-16,3.683333333333333,1.0000000000000000
2026-01-09,ZON-091,mini,5,4,0.2000000000000000,3.8833333333333333,0.4000000000000000
2026-01-09,ZON-092,bike_taxi,4,2,0.5000000000000000,4.65,0.5000000000000000
2026-01-09,ZON-116,mini,5,4,0E-16,5.316666666666666,0.8000000000000000
2026-01-09,ZON-038,bike_taxi,5,4,0.2000000000000000,2.6366666666666663,0.4000000000000000
2026-01-10,ZON-017,mini,9,8,0.1111111111111111,3.1685185185185185,0.4444444444444444
2026-01-10,ZON-113,mini,4,2,0.2500000000000000,2.15,0.7500000000000000
2026-01-10,ZON-018,bike_taxi,4,2,0.5000000000000000,4.75,0.2500000000000000
2026-01-10,ZON-114,auto,6,4,0.1666666666666667,4.5233333333333325,0.8333333333333333
2026-01-10,ZON-035,mini,6,5,0E-16,3.1333333333333333,0.5000000000000000
2026-01-10,ZON-002,bike_taxi,8,4,0.3750000000000000,3.511904761904762,1.0000000000000000
2026-01-10,ZON-113,auto,3,1,0.3333333333333333,1.1916666666666667,0.6666666666666667
2026-01-10,ZON-009,mini,7,5,0.1428571428571429,2.911111111111111,0.4285714285714286
2026-01-10,ZON-039,mini,15,8,0.1333333333333333,3.135,0.8000000000000000
2026-01-10,ZON-104,mini,10,8,0.2000000000000000,3.615,0.5000000000000000
2026-01-10,ZON-117,mini,7,6,0E-16,2.969444444444444,0.7142857142857143
2026-01-10,ZON-054,sedan,3,2,0.3333333333333333,1.0055555555555555,0.3333333333333333
2026-01-10,ZON-067,auto,5,5,0E-16,3.14,0.6000000000000000
2026-01-10,ZON-034,mini,6,4,0.3333333333333333,4.263888888888889,0.6666666666666667
2026-01-10,ZON-043,bike_taxi,4,3,0.2500000000000000,2.9166666666666665,0.5000000000000000
2026-01-10,ZON-109,mini,5,5,0E-16,4.056666666666667,0.6000000000000000
2026-01-10,ZON-007,sedan,2,2,0E-16,3.808333333333333,1.0000000000000000
2026-01-10,ZON-023,auto,4,2,0.5000000000000000,3.504166666666667,0.7500000000000000
2026-01-10,ZON-036,mini,7,5,0.1428571428571429,3.6027777777777774,0.5714285714285714
2026-01-10,ZON-075,bike_taxi,5,3,0.4000000000000000,3.3333333333333335,0.6000000000000000
2026-01-10,ZON-092,mini,4,2,0.2500000000000000,3.844444444444444,1.0000000000000000
2026-01-10,ZON-011,bike_taxi,6,4,0.3333333333333333,3.3277777777777775,0.5000000000000000
2026-01-10,ZON-029,bike_taxi,2,2,0E-16,6.033333333333333,0E-16
2026-01-10,ZON-022,mini,4,3,0E-16,6.127777777777778,0.5000000000000000
2026-01-10,ZON-005,bike_taxi,2,2,0E-16,1.5,0.5000000000000000
2026-01-10,ZON-089,auto,5,4,0E-16,2.4375,0.2000000000000000
2026-01-11,ZON-019,mini,8,6,0.1250000000000000,2.2738095238095237,0.5000000000000000
2026-01-11,ZON-009,sedan,2,0,0E-16,,0.5000000000000000
2026-01-11,ZON-071,bike_taxi,4,3,0.2500000000000000,3.75,0.2500000000000000
2026-01-11,ZON-059,sedan,5,3,0.2000000000000000,3.7125,0.4000000000000000
2026-01-11,ZON-047,auto,9,5,0.2222222222222222,4.161904761904762,0.5555555555555556
2026-01-11,ZON-017,mini,4,4,0E-16,5.258333333333334,0.2500000000000000
2026-01-11,ZON-115,bike_taxi,4,4,0E-16,3.775,0.7500000000000000
2026-01-11,ZON-014,bike_taxi,6,4,0.1666666666666667,4.566666666666666,0.5000000000000000
2026-01-11,ZON-107,auto,7,4,0.4285714285714286,3.721428571428571,0.7142857142857143
2026-01-11,ZON-046,sedan,5,4,0.2000000000000000,4.760000000000001,0.4000000000000000
2026-01-11,ZON-025,mini,8,6,0.2500000000000000,3.46875,0.5000000000000000
2026-01-11,ZON-067,auto,6,3,0.5000000000000000,4.313888888888888,0.5000000000000000
2026-01-11,ZON-101,mini,4,3,0E-16,4.427777777777778,0.5000000000000000
2026-01-11,ZON-026,auto,8,6,0.2500000000000000,3.1375,0.3750000000000000
2026-01-11,ZON-045,mini,14,11,0.2142857142857143,3.1547619047619047,0.4285714285714286
2026-01-11,ZON-091,auto,4,3,0.2500000000000000,3.6083333333333334,0.7500000000000000
2026-01-11,ZON-096,auto,5,5,0E-16,5.656666666666666,1.0000000000000000
2026-01-11,ZON-041,sedan,5,3,0.2000000000000000,3.754166666666667,0.4000000000000000
2026-01-11,ZON-037,auto,6,5,0E-16,3.5933333333333333,0.3333333333333333
2026-01-12,ZON-006,bike_taxi,1,1,0E-16,1.9666666666666666,0E-16
2026-01-12,ZON-097,mini,13,9,0.2307692307692308,3.598611111111111,0.5384615384615385
2026-01-12,ZON-107,sedan,7,4,0.4285714285714286,2.269047619047619,0.4285714285714286
2026-01-12,ZON-050,bike_taxi,5,3,0.2000000000000000,4.116666666666666,0.6000000000000000
2026-01-12,ZON-087,sedan,3,3,0E-16,3.6,0.6666666666666667
2026-01-12,ZON-064,sedan,3,1,0E-16,4.016666666666667,0.3333333333333333
2026-01-12,ZON-034,sedan,6,6,0E-16,4.788888888888889,0.3333333333333333
2026-01-12,ZON-078,sedan,3,2,0.3333333333333333,4.394444444444445,0.3333333333333333
2026-01-12,ZON-083,mini,5,1,0.4000000000000000,3.033333333333333,0.6000000000000000
2026-01-12,ZON-039,mini,4,4,0E-16,3.6333333333333333,0.5000000000000000
2026-01-12,ZON-111,sedan,5,4,0.2000000000000000,4.819999999999999,0.6000000000000000
2026-01-11,ZON-070,sedan,4,2,0.5000000000000000,1.9916666666666667,0.5000000000000000
2026-01-12,ZON-042,mini,4,2,0.2500000000000000,2.65,0.5000000000000000
2026-01-12,ZON-061,bike_taxi,5,4,0E-16,4.404166666666667,0.6000000000000000
2026-01-12,ZON-058,sedan,5,4,0.2000000000000000,3.933333333333333,0.2000000000000000
2026-01-12,ZON-043,bike_taxi,2,2,0E-16,3.0166666666666666,0E-16
2026-01-12,ZON-037,bike_taxi,3,1,0.3333333333333333,4.066666666666666,0.6666666666666667
2026-01-12,ZON-035,auto,13,10,0E-16,3.54,0.6153846153846154
2026-01-12,ZON-112,bike_taxi,4,3,0.2500000000000000,3.7291666666666665,0.5000000000000000
2026-01-12,ZON-110,auto,6,4,0.1666666666666667,4.346666666666667,0.8333333333333333
2026-01-12,ZON-036,sedan,3,0,0.3333333333333333,5.883333333333334,1.0000000000000000
2026-01-12,ZON-025,sedan,4,4,0E-16,2.591666666666667,0.5000000000000000
2026-01-13,ZON-093,bike_taxi,4,3,0.2500000000000000,3.6458333333333335,0.5000000000000000
2026-01-13,ZON-032,mini,6,4,0.1666666666666667,2.606666666666667,0.3333333333333333
2026-01-13,ZON-075,auto,6,2,0.3333333333333333,4.045833333333333,1.0000000000000000
2026-01-13,ZON-040,mini,5,5,0E-16,3.7733333333333334,0.4000000000000000
2026-01-13,ZON-088,auto,5,4,0.2000000000000000,2.39,0.4000000000000000
2026-01-13,ZON-120,bike_taxi,7,4,0.2857142857142857,4.483333333333333,0.5714285714285714
2026-01-13,ZON-053,mini,6,5,0.1666666666666667,3.594444444444444,0.5000000000000000
2026-01-13,ZON-047,bike_taxi,2,1,0.5000000000000000,5.075,0.5000000000000000
2026-01-13,ZON-004,bike_taxi,4,3,0.2500000000000000,1.9625,0.7500000000000000
2026-01-13,ZON-092,sedan,2,1,0.5000000000000000,3.375,0.5000000000000000
2026-01-13,ZON-097,auto,8,6,0.1250000000000000,4.197619047619048,0.7500000000000000
2026-01-13,ZON-113,auto,8,5,0.2500000000000000,4.033333333333333,0.1250000000000000
2026-01-13,ZON-085,bike_taxi,7,6,0E-16,2.7083333333333335,0.5714285714285714
2026-01-13,ZON-009,auto,11,7,0.1818181818181818,4.109259259259259,0.7272727272727273
2026-01-13,ZON-097,mini,11,6,0.3636363636363636,4.581666666666666,0.7272727272727273
2026-01-13,ZON-038,auto,6,3,0.1666666666666667,3.754166666666667,0.1666666666666667
2026-01-13,ZON-068,mini,12,8,0.3333333333333333,3.826388888888889,0.6666666666666667
2026-01-13,ZON-015,auto,6,5,0.1666666666666667,3.3805555555555555,0.1666666666666667
2026-01-13,ZON-103,auto,8,4,0.5000000000000000,2.54375,0.3750000000000000
2026-01-13,ZON-080,auto,3,1,0E-16,1.1833333333333333,0.3333333333333333
2026-01-13,ZON-052,bike_taxi,6,3,0.3333333333333333,5.04,0.5000000000000000
2026-01-13,ZON-086,auto,5,0,0.6000000000000000,3.05,0.6000000000000000
2026-01-13,ZON-078,mini,10,8,0.1000000000000000,3.7055555555555557,1.0000000000000000
2026-01-13,ZON-039,bike_taxi,5,5,0E-16,6.2,0.4000000000000000
2026-01-13,ZON-054,mini,4,3,0.2500000000000000,1.95,0.5000000000000000
2026-01-14,ZON-043,bike_taxi,6,3,0.3333333333333333,4.27,0.3333333333333333
2026-01-14,ZON-100,mini,9,6,0.1111111111111111,3.4738095238095235,0.6666666666666667
2026-01-14,ZON-112,sedan,8,7,0.1250000000000000,4.004166666666666,0.6250000000000000
2026-01-14,ZON-111,bike_taxi,6,4,0.3333333333333333,3.0527777777777776,0.8333333333333333
2026-01-14,ZON-048,sedan,4,4,0E-16,3.566666666666667,0.7500000000000000
2026-01-14,ZON-009,mini,10,6,0.3000000000000000,3.859259259259259,0.8000000000000000
2026-01-14,ZON-065,auto,6,3,0.1666666666666667,5.45,0.8333333333333333
2026-01-14,ZON-093,mini,4,4,0E-16,5.866666666666666,0.2500000000000000
2026-01-14,ZON-096,auto,6,4,0.3333333333333333,4.191666666666666,0.5000000000000000
2026-01-14,ZON-028,bike_taxi,5,3,0.2000000000000000,3.029166666666667,0.8000000000000000
2026-01-14,ZON-070,mini,10,6,0.2000000000000000,2.620833333333333,0.5000000000000000
2026-01-14,ZON-097,auto,5,3,0.2000000000000000,3.8625,0.6000000000000000
2026-01-14,ZON-015,auto,10,7,0.1000000000000000,4.495833333333334,0.6000000000000000
2026-01-14,ZON-049,mini,9,5,0.2222222222222222,4.019047619047619,0.5555555555555556
2026-01-14,ZON-074,mini,7,5,0.1428571428571429,3.0194444444444444,0.7142857142857143
2026-01-13,ZON-026,sedan,1,0,1.0000000000000000,5.5,1.0000000000000000
2026-01-14,ZON-030,sedan,1,1,0E-16,6.1,0E-16
2026-01-01,ZON-078,auto,8,5,0.3750000000000000,3.964583333333333,0.5000000000000000
2026-01-01,ZON-036,mini,7,3,0.5714285714285714,3.592857142857143,0.5714285714285714
2026-01-01,ZON-092,bike_taxi,5,1,0.4000000000000000,3.2055555555555557,0.6000000000000000
2026-01-01,ZON-052,mini,13,8,0.3076923076923077,3.6166666666666667,0.5384615384615385
2026-01-01,ZON-030,bike_taxi,10,5,0.4000000000000000,3.3259259259259255,0.8000000000000000
2026-01-01,ZON-059,sedan,6,2,0.3333333333333333,5.470833333333333,0.1666666666666667
2026-01-01,ZON-104,auto,3,2,0E-16,4.05,0.6666666666666667
2026-01-01,ZON-057,mini,8,6,0.2500000000000000,3.9375,0.8750000000000000
2026-01-01,ZON-083,auto,6,4,0.1666666666666667,2.0533333333333332,0.8333333333333333
2026-01-01,ZON-096,mini,7,4,0.4285714285714286,3.9547619047619045,0.1428571428571429
2026-01-01,ZON-063,bike_taxi,6,3,0.5000000000000000,3.5083333333333333,0.3333333333333333
2026-01-01,ZON-007,bike_taxi,7,5,0E-16,3.006666666666667,0.2857142857142857
2026-01-01,ZON-024,auto,7,4,0.1428571428571429,4.9399999999999995,0.2857142857142857
2026-01-01,ZON-112,mini,5,3,0.2000000000000000,4.279166666666667,0.6000000000000000
2026-01-01,ZON-038,mini,10,6,0.1000000000000000,4.578571428571428,0.8000000000000000
2026-01-01,ZON-055,mini,5,1,0.4000000000000000,3.961111111111111,0.4000000000000000
2026-01-02,ZON-119,auto,5,4,0E-16,5.258333333333334,0.6000000000000000
2026-01-02,ZON-035,mini,4,2,0.2500000000000000,1.7166666666666666,0.5000000000000000
2026-01-02,ZON-077,auto,6,5,0.1666666666666667,4.311111111111112,0.1666666666666667
2026-01-02,ZON-051,bike_taxi,5,3,0.4000000000000000,3.14,0.6000000000000000
2026-01-02,ZON-103,mini,7,5,0.2857142857142857,3.278571428571429,1.0000000000000000
2026-01-02,ZON-001,auto,10,6,0.2000000000000000,3.425,0.3000000000000000
2026-01-02,ZON-056,bike_taxi,7,3,0.1428571428571429,1.6583333333333334,0.4285714285714286
2026-01-02,ZON-051,sedan,5,5,0E-16,4.613333333333333,0.8000000000000000
2026-01-02,ZON-030,mini,7,4,0.4285714285714286,3.580952380952381,0.2857142857142857
2026-01-02,ZON-092,mini,8,6,0.2500000000000000,3.810416666666667,0.1250000000000000
2026-01-02,ZON-067,bike_taxi,7,6,0.1428571428571429,4.021428571428571,0.1428571428571429
2026-01-02,ZON-024,sedan,3,2,0.3333333333333333,3.4277777777777776,0.3333333333333333
2026-01-02,ZON-084,auto,4,2,0.5000000000000000,2.6416666666666666,0.2500000000000000
2026-01-02,ZON-013,sedan,6,3,0.3333333333333333,3.396666666666667,0.5000000000000000
2026-01-02,ZON-090,mini,7,4,0.1428571428571429,4.066666666666666,0.5714285714285714
2026-01-02,ZON-015,auto,4,3,0.2500000000000000,2.8291666666666666,0.5000000000000000
2026-01-02,ZON-088,mini,4,2,0.5000000000000000,3.575,0.7500000000000000
2026-01-02,ZON-021,sedan,1,0,1.0000000000000000,4.45,0E-16
2026-01-02,ZON-018,bike_taxi,2,1,0.5000000000000000,4.608333333333333,0.5000000000000000
2026-01-03,ZON-013,mini,9,5,0.1111111111111111,3.8916666666666666,0.3333333333333333
2026-01-03,ZON-033,sedan,3,2,0.3333333333333333,3.6444444444444444,0.6666666666666667
2026-01-03,ZON-118,auto,8,6,0.1250000000000000,2.5595238095238098,0.6250000000000000
2026-01-03,ZON-100,mini,5,2,0.2000000000000000,4.977777777777778,0.6000000000000000
2026-01-03,ZON-037,mini,3,1,0.3333333333333333,4.716666666666667,0.6666666666666667
2026-01-03,ZON-093,sedan,6,5,0.1666666666666667,3.844444444444444,0.6666666666666667
2026-01-03,ZON-086,mini,8,5,0.1250000000000000,3.180555555555556,0.2500000000000000
2026-01-03,ZON-046,mini,6,3,0E-16,4.272222222222222,0.5000000000000000
2026-01-03,ZON-098,mini,8,4,0.5000000000000000,3.252083333333333,0.7500000000000000
2026-01-02,ZON-047,sedan,1,1,0E-16,4.183333333333334,1.0000000000000000
2026-01-03,ZON-108,sedan,3,2,0.3333333333333333,1.8111111111111111,0.6666666666666667
2026-01-03,ZON-004,auto,5,3,0.4000000000000000,3.39,0.4000000000000000
2026-01-03,ZON-037,sedan,4,1,0.5000000000000000,4.044444444444444,0.7500000000000000
2026-01-03,ZON-066,auto,5,2,0.6000000000000000,3.433333333333333,0.8000000000000000
2026-01-03,ZON-015,sedan,1,1,0E-16,1.1666666666666667,1.0000000000000000
2026-01-04,ZON-106,mini,11,7,0.0909090909090909,3.9833333333333334,0.3636363636363636
2026-01-04,ZON-100,auto,6,4,0.3333333333333333,4.822222222222222,0.6666666666666667
2026-01-04,ZON-120,mini,11,6,0.1818181818181818,4.84375,0.5454545454545455
2026-01-04,ZON-043,mini,12,8,0.3333333333333333,2.6194444444444445,0.4166666666666667
2026-01-04,ZON-064,bike_taxi,8,6,0.2500000000000000,3.4895833333333335,0.6250000000000000
2026-01-04,ZON-014,bike_taxi,4,3,0.2500000000000000,4.991666666666666,0.7500000000000000
2026-01-04,ZON-035,sedan,2,1,0E-16,4.083333333333333,0.5000000000000000
2026-01-04,ZON-025,bike_taxi,5,4,0E-16,3.1458333333333335,0.8000000000000000
2026-01-04,ZON-062,auto,12,7,0.4166666666666667,4.143055555555556,0.3333333333333333
2026-01-04,ZON-082,auto,7,5,0.1428571428571429,3.8305555555555557,0.5714285714285714
2026-01-04,ZON-083,sedan,4,3,0.2500000000000000,3.8333333333333335,0.2500000000000000
2026-01-04,ZON-092,mini,6,3,0.3333333333333333,3.42,0.6666666666666667
2026-01-04,ZON-020,auto,7,5,0.1428571428571429,2.886111111111111,0.1428571428571429
2026-01-04,ZON-072,bike_taxi,6,4,0.1666666666666667,3.8,0.5000000000000000
2026-01-04,ZON-099,bike_taxi,7,4,0.4285714285714286,3.8,0.4285714285714286
2026-01-04,ZON-040,sedan,2,2,0E-16,4.9,0.5000000000000000
2026-01-04,ZON-002,auto,11,6,0.3636363636363636,4.093333333333333,0.5454545454545455
2026-01-04,ZON-100,sedan,5,3,0.4000000000000000,4.72,0.6000000000000000
2026-01-04,ZON-053,auto,11,5,0.3636363636363636,4.188888888888889,0.6363636363636364
2026-01-04,ZON-120,sedan,4,1,0.5000000000000000,4.027777777777778,0.5000000000000000
2026-01-04,ZON-021,sedan,3,2,0.3333333333333333,3.2333333333333334,0.3333333333333333
2026-01-04,ZON-016,auto,10,4,0.5000000000000000,3.8555555555555556,0.4000000000000000
2026-01-04,ZON-028,auto,7,6,0.1428571428571429,3.480952380952381,0.8571428571428571
2026-01-04,ZON-105,sedan,4,1,0.7500000000000000,5.279166666666667,0.2500000000000000
2026-01-04,ZON-026,mini,6,3,0.3333333333333333,3.1533333333333333,0.5000000000000000
2026-01-04,ZON-014,mini,10,6,0.4000000000000000,3.865,0.6000000000000000
2026-01-04,ZON-020,sedan,1,1,0E-16,0.9833333333333333,0E-16
2026-01-04,ZON-046,mini,6,3,0.5000000000000000,2.3666666666666667,0.3333333333333333
2026-01-04,ZON-043,auto,5,4,0.2000000000000000,4.006666666666667,0.6000000000000000
2026-01-05,ZON-112,mini,9,5,0.1111111111111111,2.7,0.5555555555555556
2026-01-05,ZON-023,bike_taxi,6,4,0.3333333333333333,3.6444444444444444,0.6666666666666667
2026-01-05,ZON-098,auto,5,3,0.2000000000000000,3.716666666666667,0.2000000000000000
2026-01-05,ZON-015,auto,10,5,0.3000000000000000,4.360416666666667,0.6000000000000000
2026-01-05,ZON-025,mini,10,3,0.4000000000000000,3.0785714285714287,0.5000000000000000
2026-01-05,ZON-026,auto,9,5,0.4444444444444444,3.551851851851852,0.5555555555555556
2026-01-05,ZON-078,auto,6,2,0.6666666666666667,4.675,0.6666666666666667
2026-01-05,ZON-031,sedan,3,2,0.3333333333333333,2.0055555555555555,0.6666666666666667
2026-01-05,ZON-079,bike_taxi,5,1,0.4000000000000000,0.6222222222222222,0.8000000000000000
2026-01-05,ZON-060,mini,6,2,0.3333333333333333,4.175,0.3333333333333333
2026-01-05,ZON-030,auto,11,6,0.2727272727272727,3.159259259259259,0.2727272727272727
2026-01-05,ZON-070,mini,7,4,0.4285714285714286,2.961904761904762,0.5714285714285714
2026-01-05,ZON-076,mini,5,1,0.6000000000000000,3.7583333333333333,0.4000000000000000
2026-01-05,ZON-084,bike_taxi,7,5,0.2857142857142857,3.452380952380952,0.8571428571428571
2026-01-05,ZON-091,sedan,2,1,0.5000000000000000,4.183333333333334,0E-16
2026-01-05,ZON-076,sedan,2,1,0.5000000000000000,1.8583333333333334,1.0000000000000000
2026-01-05,ZON-080,mini,3,2,0.3333333333333333,2.783333333333333,0.6666666666666667
2026-01-05,ZON-004,auto,6,5,0.1666666666666667,2.638888888888889,0.6666666666666667
2026-01-06,ZON-030,auto,6,6,0E-16,2.85,0.6666666666666667
2026-01-06,ZON-003,mini,6,3,0.3333333333333333,3.643333333333333,0.8333333333333333
2026-01-06,ZON-086,bike_taxi,10,9,0.1000000000000000,4.998333333333333,0.6000000000000000
2026-01-06,ZON-067,sedan,8,7,0.1250000000000000,4.09375,0.2500000000000000
2026-01-06,ZON-115,auto,7,7,0E-16,4.397619047619047,0.5714285714285714
2026-01-06,ZON-100,mini,10,6,0.3000000000000000,4.222222222222222,0.5000000000000000
2026-01-06,ZON-002,sedan,6,4,0E-16,4.2375,0.3333333333333333
2026-01-06,ZON-028,bike_taxi,3,3,0E-16,2.938888888888889,1.0000000000000000
2026-01-06,ZON-076,mini,6,3,0.5000000000000000,4.108333333333333,0.3333333333333333
2026-01-06,ZON-102,bike_taxi,4,2,0.5000000000000000,3.533333333333333,0.2500000000000000
2026-01-06,ZON-110,auto,3,2,0.3333333333333333,2.966666666666667,0E-16
2026-01-06,ZON-047,mini,8,5,0.3750000000000000,3.23125,0.6250000000000000
2026-01-06,ZON-032,mini,6,4,0.3333333333333333,4.122222222222223,0.5000000000000000
2026-01-06,ZON-070,auto,5,2,0.6000000000000000,2.6666666666666665,0.8000000000000000
2026-01-06,ZON-072,sedan,4,3,0E-16,3.288888888888889,0.2500000000000000
2026-01-06,ZON-023,bike_taxi,4,3,0.2500000000000000,2.8291666666666666,0.5000000000000000
2026-01-06,ZON-077,mini,4,4,0E-16,3.5083333333333333,0.2500000000000000
2026-01-07,ZON-023,bike_taxi,6,4,0.3333333333333333,2.5222222222222226,0.6666666666666667
2026-01-07,ZON-087,sedan,4,2,0.5000000000000000,4.283333333333333,0.5000000000000000
2026-01-07,ZON-021,bike_taxi,6,3,0.3333333333333333,2.4566666666666666,0.1666666666666667
2026-01-07,ZON-070,auto,9,3,0.6666666666666667,3.438888888888889,0.4444444444444444
2026-01-07,ZON-024,bike_taxi,4,3,0E-16,4.2555555555555555,0.7500000000000000
2026-01-07,ZON-092,sedan,5,3,0.4000000000000000,4.166666666666667,0.4000000000000000
2026-01-07,ZON-047,bike_taxi,8,4,0.3750000000000000,3.138095238095238,0.6250000000000000
2026-01-07,ZON-106,bike_taxi,3,2,0E-16,4.183333333333334,0.6666666666666667
2026-01-07,ZON-032,sedan,6,4,0E-16,3.5541666666666667,0.8333333333333333
2026-01-07,ZON-059,bike_taxi,2,1,0.5000000000000000,3.183333333333333,0.5000000000000000
2026-01-07,ZON-005,bike_taxi,1,0,1.0000000000000000,3.316666666666667,1.0000000000000000
2026-01-07,ZON-083,sedan,3,2,0.3333333333333333,6.205555555555555,0.6666666666666667
2026-01-06,ZON-059,sedan,3,2,0.3333333333333333,2.6666666666666665,0.3333333333333333
2026-01-08,ZON-100,sedan,5,3,0.2000000000000000,3.7625,0.8000000000000000
2026-01-08,ZON-066,mini,9,5,0.3333333333333333,3.879166666666667,0.4444444444444444
2026-01-08,ZON-071,mini,11,6,0.2727272727272727,4.37962962962963,0.7272727272727273
2026-01-08,ZON-015,auto,6,2,0.5000000000000000,4.816666666666666,0.3333333333333333
2026-01-08,ZON-094,mini,5,2,0.4000000000000000,2.6708333333333334,0.4000000000000000
2026-01-08,ZON-108,mini,7,6,0.1428571428571429,3.1666666666666665,0.7142857142857143
2026-01-08,ZON-014,auto,8,5,0.3750000000000000,2.45,0.8750000000000000
2026-01-08,ZON-012,bike_taxi,4,3,0E-16,3.2277777777777774,0.2500000000000000
2026-01-08,ZON-075,mini,9,5,0.2222222222222222,3.6404761904761904,0.6666666666666667
2026-01-08,ZON-050,auto,9,4,0.4444444444444444,3.3854166666666665,1.0000000000000000
2026-01-08,ZON-003,bike_taxi,8,4,0.3750000000000000,3.895238095238095,0.5000000000000000
2026-01-08,ZON-103,sedan,5,3,0.2000000000000000,4.8125,0.8000000000000000
2026-01-08,ZON-042,mini,4,1,0.2500000000000000,2.1416666666666666,0.5000000000000000
2026-01-08,ZON-077,auto,4,3,0E-16,3.9722222222222223,0.7500000000000000
2026-01-08,ZON-051,auto,8,5,0.2500000000000000,4.861904761904762,0.5000000000000000
2026-01-08,ZON-046,bike_taxi,2,0,1.0000000000000000,3.558333333333333,0E-16
2026-01-09,ZON-005,sedan,7,3,0.1428571428571429,3.0541666666666667,0.4285714285714286
2026-01-09,ZON-016,auto,7,5,0.1428571428571429,2.2916666666666665,0.4285714285714286
2026-01-09,ZON-085,bike_taxi,6,5,0.1666666666666667,3.75,0.6666666666666667
2026-01-09,ZON-118,mini,2,0,0.5000000000000000,6.916666666666667,0.5000000000000000
2026-01-09,ZON-063,bike_taxi,9,9,0E-16,2.5296296296296297,0.6666666666666667
2026-01-09,ZON-042,bike_taxi,4,3,0E-16,3.0277777777777777,0.5000000000000000
2026-01-09,ZON-072,sedan,4,1,0.5000000000000000,2.077777777777778,0.7500000000000000
2026-01-09,ZON-056,auto,8,6,0E-16,3.7666666666666666,0.3750000000000000
2026-01-09,ZON-055,sedan,4,3,0.2500000000000000,3.7125,1.0000000000000000
2026-01-09,ZON-079,sedan,6,3,0.5000000000000000,3.686111111111111,0.3333333333333333
2026-01-09,ZON-070,mini,5,4,0.2000000000000000,3.393333333333333,0.6000000000000000
2026-01-09,ZON-080,bike_taxi,8,5,0.1250000000000000,3.691666666666667,0.7500000000000000
2026-01-09,ZON-038,mini,5,2,0.6000000000000000,2.9266666666666667,0.6000000000000000
2026-01-09,ZON-061,auto,3,1,0.6666666666666667,2.4833333333333334,0.3333333333333333
2026-01-09,ZON-030,bike_taxi,3,3,0E-16,4.622222222222222,1.0000000000000000
2026-01-10,ZON-027,auto,7,5,0.1428571428571429,2.4555555555555557,0.4285714285714286
2026-01-10,ZON-055,mini,4,0,0.5000000000000000,2.4166666666666665,0.5000000000000000
2026-01-10,ZON-064,sedan,4,2,0.2500000000000000,4.661111111111111,0.7500000000000000
2026-01-10,ZON-086,mini,9,7,0.2222222222222222,4.022222222222222,0.7777777777777778
2026-01-10,ZON-069,auto,7,5,0.1428571428571429,2.788888888888889,0.2857142857142857
2026-01-10,ZON-093,sedan,7,5,0E-16,2.42,0.4285714285714286
2026-01-10,ZON-033,mini,9,6,0.1111111111111111,3.888095238095238,0.6666666666666667
2026-01-10,ZON-105,bike_taxi,6,5,0.1666666666666667,3.8805555555555555,0.6666666666666667
2026-01-10,ZON-094,sedan,3,2,0.3333333333333333,4.927777777777778,0.6666666666666667
2026-01-10,ZON-030,bike_taxi,2,1,0.5000000000000000,4.908333333333333,1.0000000000000000
2026-01-10,ZON-039,sedan,6,6,0E-16,4.138888888888889,0.5000000000000000
2026-01-10,ZON-091,mini,5,4,0.2000000000000000,4.403333333333333,0.4000000000000000
2026-01-10,ZON-035,bike_taxi,3,3,0E-16,4.011111111111111,1.0000000000000000
2026-01-10,ZON-045,mini,5,3,0E-16,2.938888888888889,0.6000000000000000
2026-01-10,ZON-002,mini,5,2,0.6000000000000000,2.5633333333333335,0.2000000000000000
2026-01-10,ZON-057,bike_taxi,5,3,0.4000000000000000,2.98,0.4000000000000000
2026-01-10,ZON-102,auto,9,8,0.1111111111111111,3.6259259259259258,0.5555555555555556
2026-01-10,ZON-041,sedan,2,1,0.5000000000000000,4.375,0E-16
2026-01-10,ZON-062,sedan,1,0,1.0000000000000000,2.183333333333333,1.0000000000000000
2026-01-10,ZON-118,bike_taxi,3,2,0.3333333333333333,3.033333333333333,0.6666666666666667
2026-01-10,ZON-008,sedan,3,3,0E-16,2.1722222222222225,0.6666666666666667
2026-01-11,ZON-065,mini,6,4,0.3333333333333333,3.2472222222222222,0.6666666666666667
2026-01-11,ZON-039,auto,9,7,0.1111111111111111,3.4270833333333335,0.3333333333333333
2026-01-11,ZON-039,bike_taxi,7,7,0E-16,3.8238095238095235,0.5714285714285714
2026-01-11,ZON-009,mini,6,3,0.3333333333333333,4.87,0.6666666666666667
2026-01-11,ZON-094,sedan,3,1,0.6666666666666667,3.988888888888889,1.0000000000000000
2026-01-11,ZON-010,auto,7,5,0.2857142857142857,3.8904761904761904,0.7142857142857143
2026-01-11,ZON-061,auto,5,2,0.4000000000000000,3.095833333333333,0.6000000000000000
2026-01-11,ZON-093,bike_taxi,3,0,1.0000000000000000,2.3222222222222224,0E-16
2026-01-11,ZON-070,bike_taxi,7,3,0.4285714285714286,4.25,0.5714285714285714
2026-01-11,ZON-049,auto,7,6,0E-16,3.088888888888889,0.2857142857142857
2026-01-11,ZON-111,auto,9,4,0.3333333333333333,2.9261904761904765,1.0000000000000000
2026-01-11,ZON-078,sedan,4,4,0E-16,3.1333333333333333,0.7500000000000000
2026-01-11,ZON-048,mini,8,5,0.3750000000000000,2.7625,0.5000000000000000
2026-01-11,ZON-039,mini,5,3,0.2000000000000000,4.183333333333334,0.4000000000000000
2026-01-11,ZON-012,sedan,7,6,0E-16,2.808333333333333,0.2857142857142857
2026-01-11,ZON-072,bike_taxi,2,2,0E-16,1.7333333333333334,0.5000000000000000
2026-01-11,ZON-098,sedan,3,0,0.6666666666666667,1.3583333333333334,0.6666666666666667
2026-01-11,ZON-042,sedan,1,0,1.0000000000000000,1.6166666666666667,0E-16
2026-01-12,ZON-014,sedan,7,2,0.5714285714285714,2.8305555555555557,0.2857142857142857
2026-01-12,ZON-004,mini,9,7,0E-16,3.9452380952380954,0.5555555555555556
2026-01-12,ZON-044,auto,7,3,0.4285714285714286,3.7222222222222223,0.5714285714285714
2026-01-12,ZON-053,auto,7,1,0.7142857142857143,3.5444444444444443,0.5714285714285714
2026-01-12,ZON-068,sedan,5,3,0E-16,3.4166666666666665,0.4000000000000000
2026-01-12,ZON-111,mini,5,3,0.2000000000000000,3.808333333333333,0.8000000000000000
2026-01-12,ZON-058,bike_taxi,3,2,0.3333333333333333,2.411111111111111,0.6666666666666667
2026-01-12,ZON-042,bike_taxi,5,3,0.4000000000000000,4.596666666666667,0.8000000000000000
2026-01-12,ZON-016,mini,7,3,0.5714285714285714,3.6666666666666665,0.8571428571428571
2026-01-12,ZON-054,sedan,5,3,0.4000000000000000,4.63,0.8000000000000000
2026-01-12,ZON-041,mini,5,5,0E-16,4.1866666666666665,0.6000000000000000
2026-01-12,ZON-014,auto,13,10,0.0769230769230769,3.5742424242424247,0.6923076923076923
2026-01-12,ZON-020,auto,5,3,0E-16,2.6333333333333333,0.6000000000000000
2026-01-12,ZON-066,bike_taxi,5,5,0E-16,4.2,0.8000000000000000
2026-01-12,ZON-010,sedan,5,3,0.4000000000000000,3.746666666666667,0.6000000000000000
2026-01-12,ZON-101,bike_taxi,5,2,0.2000000000000000,3.194444444444444,0.2000000000000000
2026-01-12,ZON-049,sedan,3,0,1.0000000000000000,4.133333333333334,0.3333333333333333
2026-01-11,ZON-086,sedan,2,1,0.5000000000000000,3.3333333333333335,0E-16
2026-01-13,ZON-051,mini,6,1,0.3333333333333333,4.405555555555555,0.6666666666666667
2026-01-13,ZON-015,sedan,8,6,0.2500000000000000,3.902083333333333,0.6250000000000000
2026-01-13,ZON-092,bike_taxi,5,3,0E-16,4.638888888888888,1.0000000000000000
2026-01-13,ZON-030,sedan,6,2,0.6666666666666667,4.105555555555556,0.6666666666666667
2026-01-13,ZON-053,bike_taxi,5,4,0.2000000000000000,2.9699999999999998,0.8000000000000000
2026-01-13,ZON-081,auto,4,2,0.5000000000000000,4.591666666666667,0.7500000000000000
2026-01-13,ZON-042,bike_taxi,8,5,0.2500000000000000,3.183333333333333,0.3750000000000000
2026-01-13,ZON-114,mini,6,3,0.3333333333333333,3.106666666666667,0.6666666666666667
2026-01-13,ZON-043,sedan,8,4,0.2500000000000000,4.466666666666667,0.7500000000000000
2026-01-13,ZON-103,sedan,3,2,0.3333333333333333,4.605555555555555,1.0000000000000000
2026-01-13,ZON-042,sedan,2,2,0E-16,3.475,0.5000000000000000
2026-01-13,ZON-042,auto,9,5,0.1111111111111111,2.6222222222222222,0.5555555555555556
2026-01-13,ZON-107,sedan,4,3,0.2500000000000000,5.395833333333333,0.5000000000000000
2026-01-13,ZON-045,auto,5,2,0.6000000000000000,3.9266666666666667,0.2000000000000000
2026-01-13,ZON-071,sedan,4,3,0.2500000000000000,3.745833333333333,0.5000000000000000
2026-01-13,ZON-120,mini,6,3,0.1666666666666667,2.975,0.5000000000000000
2026-01-13,ZON-009,bike_taxi,2,1,0E-16,2.533333333333333,0.5000000000000000
2026-01-14,ZON-005,mini,10,7,0.1000000000000000,3.18125,0.4000000000000000
2026-01-14,ZON-012,mini,11,7,0.1818181818181818,4.85,0.4545454545454545
2026-01-14,ZON-045,auto,6,3,0.5000000000000000,2.7305555555555556,0.3333333333333333
2026-01-14,ZON-119,mini,7,2,0.4285714285714286,4.47,0.2857142857142857
2026-01-14,ZON-045,mini,7,5,0.2857142857142857,4.597619047619047,0.7142857142857143
2026-01-14,ZON-047,sedan,5,2,0E-16,4.333333333333333,0.8000000000000000
2026-01-14,ZON-084,auto,7,6,0.1428571428571429,4.616666666666666,0.5714285714285714
2026-01-14,ZON-120,mini,4,4,0E-16,4.545833333333333,0.5000000000000000
2026-01-14,ZON-029,bike_taxi,5,4,0.2000000000000000,3.466666666666667,1.0000000000000000
2026-01-14,ZON-007,mini,7,4,0.1428571428571429,3.3033333333333332,0.7142857142857143
2026-01-14,ZON-044,mini,8,7,0.1250000000000000,4.0375,0.7500000000000000
2026-01-14,ZON-046,sedan,3,3,0E-16,4.5055555555555555,0.3333333333333333
2026-01-14,ZON-097,sedan,6,6,0E-16,4.222222222222222,0.3333333333333333
2026-01-14,ZON-092,sedan,5,3,0.4000000000000000,2.8133333333333335,1.0000000000000000
2026-01-14,ZON-103,sedan,1,0,0E-16,,0E-16
2026-01-01,ZON-105,sedan,5,4,0E-16,3.4541666666666666,1.0000000000000000
2026-01-01,ZON-110,mini,6,3,0.1666666666666667,2.8208333333333333,0.6666666666666667
2026-01-01,ZON-047,auto,12,8,0.3333333333333333,2.8777777777777778,0.6666666666666667
2026-01-01,ZON-028,bike_taxi,4,3,0E-16,2.4277777777777776,0.5000000000000000
2026-01-01,ZON-060,mini,12,11,0.0833333333333333,3.775,0.5833333333333333
2026-01-01,ZON-010,bike_taxi,8,7,0E-16,3.030952380952381,0.1250000000000000
2026-01-01,ZON-034,sedan,5,4,0E-16,2.754166666666667,0.2000000000000000
2026-01-01,ZON-105,mini,8,7,0.1250000000000000,2.96875,0.3750000000000000
2026-01-01,ZON-095,mini,5,3,0.2000000000000000,3.725,0.8000000000000000
2026-01-01,ZON-017,auto,6,3,0.3333333333333333,4.376666666666667,0.3333333333333333
2026-01-01,ZON-046,bike_taxi,4,1,0.5000000000000000,3.2666666666666666,0.2500000000000000
2026-01-01,ZON-060,bike_taxi,2,1,0.5000000000000000,4.416666666666667,0.5000000000000000
2026-01-02,ZON-041,mini,8,6,0.2500000000000000,4.045833333333333,0.7500000000000000
2026-01-02,ZON-056,sedan,7,4,0.2857142857142857,3.158333333333333,0.2857142857142857
2026-01-02,ZON-007,sedan,6,3,0.3333333333333333,2.5733333333333333,0.6666666666666667
2026-01-02,ZON-051,auto,11,7,0.1818181818181818,3.3759259259259258,0.2727272727272727
2026-01-02,ZON-025,sedan,6,2,0.5000000000000000,3.92,0.6666666666666667
2026-01-02,ZON-102,auto,4,1,0.5000000000000000,4.855555555555555,0.2500000000000000
2026-01-02,ZON-076,bike_taxi,4,2,0.2500000000000000,3.338888888888889,0.7500000000000000
2026-01-02,ZON-006,bike_taxi,2,1,0E-16,5.083333333333333,0.5000000000000000
2026-01-02,ZON-009,bike_taxi,3,1,0.3333333333333333,0.9083333333333333,0.6666666666666667
2026-01-02,ZON-091,bike_taxi,5,3,0E-16,2.1722222222222225,0.8000000000000000
2026-01-02,ZON-010,auto,3,1,0.3333333333333333,4.15,0.6666666666666667
2026-01-02,ZON-070,sedan,6,5,0.1666666666666667,3.3,0.3333333333333333
2026-01-02,ZON-086,bike_taxi,7,4,0.4285714285714286,3.126190476190476,0.4285714285714286
2026-01-02,ZON-090,bike_taxi,2,2,0E-16,4.483333333333333,0.5000000000000000
2026-01-02,ZON-093,sedan,3,2,0.3333333333333333,4.861111111111112,0.3333333333333333
2026-01-03,ZON-099,sedan,9,5,0.3333333333333333,4.2,0.1111111111111111
2026-01-03,ZON-113,mini,5,4,0.2000000000000000,3.243333333333333,0.4000000000000000
2026-01-03,ZON-006,bike_taxi,6,4,0.1666666666666667,2.99,0.6666666666666667
2026-01-03,ZON-118,bike_taxi,7,6,0E-16,3.188888888888889,0.4285714285714286
2026-01-03,ZON-072,sedan,4,2,0.2500000000000000,2.638888888888889,0.2500000000000000
2026-01-03,ZON-011,sedan,4,3,0.2500000000000000,4.008333333333334,0.7500000000000000
2026-01-03,ZON-034,sedan,6,4,0.1666666666666667,3.0166666666666666,0.6666666666666667
2026-01-03,ZON-108,mini,10,7,0.2000000000000000,3.6222222222222222,0.8000000000000000
2026-01-03,ZON-018,auto,5,4,0.2000000000000000,4.883333333333334,0.6000000000000000
2026-01-03,ZON-094,auto,8,4,0.2500000000000000,3.6444444444444444,0.7500000000000000
2026-01-03,ZON-071,sedan,4,0,0.7500000000000000,5.65,0.5000000000000000
2026-01-03,ZON-089,sedan,4,4,0E-16,4.991666666666666,0.2500000000000000
2026-01-03,ZON-033,mini,6,5,0.1666666666666667,3.3833333333333333,0.8333333333333333
2026-01-03,ZON-041,bike_taxi,4,3,0.2500000000000000,4.479166666666667,0.5000000000000000
2026-01-03,ZON-107,mini,6,3,0.3333333333333333,3.0133333333333336,0.8333333333333333
2026-01-03,ZON-098,sedan,2,0,1.0000000000000000,3.308333333333333,1.0000000000000000
2026-01-03,ZON-022,mini,8,6,0.1250000000000000,4.133333333333334,0.6250000000000000
2026-01-03,ZON-042,bike_taxi,5,4,0.2000000000000000,3.8699999999999997,0.4000000000000000
2026-01-03,ZON-013,sedan,5,3,0E-16,3.7944444444444443,0.6000000000000000
2026-01-03,ZON-073,sedan,2,1,0.5000000000000000,3.216666666666667,0.5000000000000000
2026-01-04,ZON-063,mini,11,7,0.0909090909090909,4.314583333333333,0.5454545454545455
2026-01-04,ZON-045,auto,4,2,0.5000000000000000,3.691666666666667,0.5000000000000000
2026-01-04,ZON-107,mini,5,3,0.4000000000000000,4.930000000000001,0.2000000000000000
2026-01-04,ZON-021,auto,3,2,0.3333333333333333,2.7944444444444443,0.3333333333333333
2026-01-04,ZON-075,mini,8,4,0.1250000000000000,4.343333333333334,0.6250000000000000
2026-01-04,ZON-067,mini,7,5,0.2857142857142857,3.297619047619048,0.7142857142857143
2026-01-04,ZON-033,sedan,9,5,0.2222222222222222,3.4595238095238097,0.5555555555555556
2026-01-04,ZON-108,bike_taxi,3,2,0.3333333333333333,3.261111111111111,1.0000000000000000
2026-01-04,ZON-041,bike_taxi,4,4,0E-16,2.8958333333333335,0.7500000000000000
2026-01-04,ZON-114,mini,7,6,0E-16,4.1305555555555555,0.7142857142857143
2026-01-04,ZON-091,auto,9,5,0.1111111111111111,3.375,0.5555555555555556
2026-01-04,ZON-086,mini,9,6,0.2222222222222222,2.2020833333333334,0.3333333333333333
2026-01-04,ZON-068,mini,7,4,0.4285714285714286,4.052380952380952,0.4285714285714286
2026-01-04,ZON-004,sedan,4,2,0.5000000000000000,4.020833333333333,0.7500000000000000
2026-01-04,ZON-045,mini,4,2,0.2500000000000000,3.7277777777777774,0.7500000000000000
2026-01-04,ZON-046,bike_taxi,3,0,0.6666666666666667,4.075,1.0000000000000000
2026-01-05,ZON-056,mini,4,3,0.2500000000000000,4.304166666666666,0E-16
2026-01-05,ZON-061,auto,6,5,0.1666666666666667,3.0722222222222224,0.6666666666666667
2026-01-05,ZON-085,auto,7,5,0.1428571428571429,4.0,0.4285714285714286
2026-01-05,ZON-073,mini,10,4,0.2000000000000000,3.3805555555555555,0.7000000000000000
2026-01-05,ZON-040,mini,5,2,0.4000000000000000,3.779166666666667,0.8000000000000000
2026-01-05,ZON-086,auto,7,5,0.1428571428571429,2.805555555555556,0.2857142857142857
2026-01-05,ZON-100,auto,9,5,0.3333333333333333,3.33125,0.4444444444444444
2026-01-05,ZON-120,sedan,6,5,0.1666666666666667,3.686111111111111,0.5000000000000000
2026-01-05,ZON-011,bike_taxi,4,3,0.2500000000000000,2.8583333333333334,0.7500000000000000
2026-01-05,ZON-077,sedan,6,5,0.1666666666666667,5.041666666666667,0.5000000000000000
2026-01-05,ZON-068,bike_taxi,3,3,0E-16,4.461111111111111,0.6666666666666667
2026-01-05,ZON-116,bike_taxi,8,5,0.2500000000000000,3.5,0.7500000000000000
2026-01-05,ZON-112,auto,7,7,0E-16,2.888095238095238,0.4285714285714286
2026-01-04,ZON-072,sedan,2,1,0E-16,3.283333333333333,1.0000000000000000
2026-01-05,ZON-119,sedan,6,3,0.3333333333333333,4.743333333333334,0.6666666666666667
2026-01-05,ZON-049,mini,7,5,0.1428571428571429,2.3944444444444444,0.2857142857142857
2026-01-05,ZON-034,mini,5,3,0.4000000000000000,3.46,0.4000000000000000
2026-01-05,ZON-090,bike_taxi,6,6,0E-16,3.861111111111111,0.3333333333333333
2026-01-05,ZON-058,auto,10,6,0.2000000000000000,4.327083333333333,0.7000000000000000
2026-01-05,ZON-106,bike_taxi,6,5,0.1666666666666667,2.8972222222222226,0.8333333333333333
2026-01-05,ZON-082,auto,1,1,0E-16,3.6,0E-16
2026-01-05,ZON-120,bike_taxi,4,2,0.2500000000000000,2.45,0.7500000000000000
2026-01-06,ZON-075,bike_taxi,6,4,0.1666666666666667,1.8099999999999998,0.1666666666666667
2026-01-06,ZON-108,mini,10,4,0.4000000000000000,3.975,0.7000000000000000
2026-01-06,ZON-106,mini,7,5,0E-16,4.4766666666666675,0.5714285714285714
2026-01-06,ZON-081,mini,9,7,0.1111111111111111,4.470833333333333,0.5555555555555556
2026-01-06,ZON-064,bike_taxi,8,6,0.2500000000000000,4.725,1.0000000000000000
2026-01-06,ZON-029,bike_taxi,5,1,0.4000000000000000,3.161111111111111,0.2000000000000000
2026-01-06,ZON-022,auto,6,4,0.3333333333333333,3.1777777777777776,0.3333333333333333
2026-01-06,ZON-080,sedan,2,1,0.5000000000000000,3.5416666666666665,0E-16
2026-01-06,ZON-092,auto,7,4,0.1428571428571429,3.1966666666666668,0.5714285714285714
2026-01-06,ZON-086,auto,4,2,0.5000000000000000,3.1333333333333333,0.5000000000000000
2026-01-06,ZON-096,auto,6,3,0.3333333333333333,2.603333333333333,0.8333333333333333
2026-01-06,ZON-051,bike_taxi,7,4,0.4285714285714286,3.4404761904761902,0.2857142857142857
2026-01-06,ZON-100,auto,7,7,0E-16,4.2023809523809526,0.4285714285714286
2026-01-06,ZON-079,auto,6,3,0.5000000000000000,2.1694444444444443,0.5000000000000000
2026-01-06,ZON-061,sedan,2,2,0E-16,2.7083333333333335,0.5000000000000000
2026-01-06,ZON-069,auto,4,2,0.2500000000000000,4.566666666666666,0.2500000000000000
2026-01-06,ZON-057,auto,5,3,0.4000000000000000,1.1433333333333333,0.6000000000000000
2026-01-06,ZON-044,bike_taxi,6,6,0E-16,3.1694444444444443,0.3333333333333333
2026-01-06,ZON-080,bike_taxi,4,3,0.2500000000000000,2.55,0.5000000000000000
2026-01-06,ZON-017,bike_taxi,4,1,0.2500000000000000,5.55,0.7500000000000000
2026-01-06,ZON-065,auto,2,2,0E-16,4.408333333333333,0E-16
2026-01-06,ZON-111,sedan,3,2,0E-16,3.2416666666666667,0E-16
2026-01-07,ZON-095,mini,8,3,0.3750000000000000,4.508333333333334,0.7500000000000000
2026-01-07,ZON-034,sedan,6,4,0.1666666666666667,4.406666666666666,0.1666666666666667
2026-01-07,ZON-084,bike_taxi,7,6,0E-16,1.7444444444444445,0.5714285714285714
2026-01-07,ZON-078,bike_taxi,11,10,0.0909090909090909,4.3121212121212125,0.3636363636363636
2026-01-07,ZON-037,auto,8,6,0.1250000000000000,4.180952380952381,0.8750000000000000
2026-01-07,ZON-051,sedan,6,5,0E-16,3.433333333333333,0.5000000000000000
2026-01-07,ZON-083,bike_taxi,3,2,0.3333333333333333,4.238888888888889,0.6666666666666667
2026-01-07,ZON-052,auto,8,4,0.2500000000000000,3.4555555555555557,0.7500000000000000
2026-01-07,ZON-109,bike_taxi,4,2,0.5000000000000000,3.5875,0.2500000000000000
2026-01-07,ZON-055,sedan,3,2,0.3333333333333333,1.9777777777777779,0.3333333333333333
2026-01-07,ZON-028,mini,6,4,0.1666666666666667,4.526666666666667,0.6666666666666667
2026-01-08,ZON-091,sedan,6,5,0E-16,2.65,0.8333333333333333
2026-01-08,ZON-116,mini,9,5,0.2222222222222222,3.8857142857142857,0.6666666666666667
2026-01-08,ZON-001,mini,4,4,0E-16,1.8875,0E-16
2026-01-08,ZON-024,mini,4,2,0.2500000000000000,2.6333333333333333,0.5000000000000000
2026-01-08,ZON-004,bike_taxi,10,5,0.3000000000000000,3.8604166666666666,0.7000000000000000
2026-01-08,ZON-056,sedan,8,6,0E-16,3.7333333333333334,0.7500000000000000
2026-01-08,ZON-106,auto,3,2,0E-16,4.975,0.6666666666666667
2026-01-08,ZON-034,auto,7,7,0E-16,4.814285714285714,0.4285714285714286
2026-01-09,ZON-029,auto,8,4,0.5000000000000000,3.91875,0.8750000000000000
2026-01-09,ZON-061,sedan,7,6,0.1428571428571429,3.1023809523809525,0.5714285714285714
2026-01-09,ZON-111,sedan,1,1,0E-16,5.583333333333333,1.0000000000000000
2026-01-09,ZON-063,mini,4,4,0E-16,3.6625,0.7500000000000000
2026-01-09,ZON-047,bike_taxi,7,4,0.2857142857142857,3.1972222222222224,0.4285714285714286
2026-01-09,ZON-033,bike_taxi,7,3,0.5714285714285714,2.411904761904762,0.4285714285714286
2026-01-09,ZON-039,sedan,7,4,0.1428571428571429,4.323333333333333,0.7142857142857143
2026-01-08,ZON-113,auto,3,3,0E-16,3.9166666666666665,1.0000000000000000
2026-01-09,ZON-010,auto,9,6,0.2222222222222222,4.660416666666666,0.6666666666666667
2026-01-09,ZON-102,sedan,3,2,0E-16,3.2333333333333334,0.3333333333333333
2026-01-09,ZON-116,bike_taxi,6,3,0.3333333333333333,4.283333333333333,0.5000000000000000
2026-01-09,ZON-046,sedan,6,2,0.6666666666666667,3.25,0.3333333333333333
2026-01-09,ZON-117,sedan,5,5,0E-16,1.95,0.8000000000000000
2026-01-09,ZON-117,bike_taxi,10,5,0.3000000000000000,4.008333333333334,0.8000000000000000
2026-01-09,ZON-043,mini,4,4,0E-16,4.854166666666667,0.7500000000000000
2026-01-09,ZON-119,sedan,4,0,0.7500000000000000,3.6333333333333333,0.5000000000000000
2026-01-09,ZON-041,sedan,6,5,0E-16,5.2,0.6666666666666667
2026-01-09,ZON-020,sedan,7,6,0E-16,4.341666666666667,0.4285714285714286
2026-01-09,ZON-017,mini,7,6,0E-16,3.6777777777777776,0.5714285714285714
2026-01-09,ZON-097,sedan,2,2,0E-16,1.075,1.0000000000000000
2026-01-09,ZON-086,sedan,6,3,0.3333333333333333,3.506666666666667,0.5000000000000000
2026-01-10,ZON-070,mini,9,4,0.2222222222222222,5.141666666666667,0.3333333333333333
2026-01-10,ZON-065,sedan,6,4,0.1666666666666667,3.43,0.3333333333333333
2026-01-10,ZON-012,auto,5,2,0.6000000000000000,3.316666666666667,0.8000000000000000
2026-01-10,ZON-031,bike_taxi,5,3,0.2000000000000000,4.825,0.4000000000000000
2026-01-10,ZON-068,bike_taxi,7,4,0.2857142857142857,3.069444444444444,0.5714285714285714
2026-01-10,ZON-053,bike_taxi,5,2,0.6000000000000000,3.243333333333333,0.8000000000000000
2026-01-10,ZON-047,bike_taxi,4,3,0.2500000000000000,2.5416666666666665,0.7500000000000000
2026-01-10,ZON-025,auto,11,10,0E-16,4.2283333333333335,0.3636363636363636
2026-01-10,ZON-027,sedan,3,2,0.3333333333333333,2.944444444444444,0.3333333333333333
2026-01-10,ZON-103,sedan,7,4,0.1428571428571429,4.506666666666666,0.2857142857142857
2026-01-10,ZON-060,mini,8,4,0.2500000000000000,3.9555555555555557,0.2500000000000000
2026-01-10,ZON-013,sedan,3,2,0.3333333333333333,6.083333333333333,0.3333333333333333
2026-01-10,ZON-071,bike_taxi,3,3,0E-16,3.5277777777777777,1.0000000000000000
2026-01-10,ZON-039,auto,3,1,0.6666666666666667,4.338888888888889,0.3333333333333333
2026-01-10,ZON-059,sedan,5,4,0E-16,2.9541666666666666,0.8000000000000000
2026-01-10,ZON-102,mini,8,7,0.1250000000000000,3.9458333333333333,0.7500000000000000
2026-01-10,ZON-106,auto,9,7,0.1111111111111111,3.4833333333333334,0.4444444444444444
2026-01-10,ZON-062,bike_taxi,8,3,0.5000000000000000,3.6476190476190475,0.5000000000000000
2026-01-10,ZON-055,bike_taxi,4,3,0.2500000000000000,3.6333333333333333,0.5000000000000000
2026-01-10,ZON-051,auto,7,5,0.1428571428571429,2.4555555555555557,0.5714285714285714
2026-01-10,ZON-071,mini,3,2,0.3333333333333333,3.6666666666666665,1.0000000000000000
2026-01-10,ZON-009,bike_taxi,3,1,0.6666666666666667,3.305555555555556,0.3333333333333333
2026-01-10,ZON-052,bike_taxi,4,3,0.2500000000000000,2.275,0.5000000000000000
2026-01-10,ZON-070,sedan,2,0,0E-16,,0E-16
2026-01-10,ZON-112,auto,4,4,0E-16,5.329166666666667,0.5000000000000000
2026-01-10,ZON-036,bike_taxi,5,4,0.2000000000000000,5.076666666666667,0.4000000000000000
2026-01-11,ZON-082,sedan,2,1,0E-16,4.466666666666667,1.0000000000000000
2026-01-11,ZON-001,bike_taxi,8,5,0.2500000000000000,3.9261904761904765,0.6250000000000000
2026-01-11,ZON-070,auto,4,4,0E-16,4.441666666666666,0.5000000000000000
2026-01-11,ZON-030,mini,9,6,0.3333333333333333,3.683333333333333,0.6666666666666667
2026-01-11,ZON-023,auto,6,4,0.3333333333333333,5.022222222222222,0.6666666666666667
2026-01-11,ZON-084,bike_taxi,4,2,0.5000000000000000,5.441666666666666,0.5000000000000000
2026-01-11,ZON-037,bike_taxi,6,3,0.5000000000000000,1.8638888888888887,0E-16
2026-01-11,ZON-059,bike_taxi,8,4,0.5000000000000000,3.6666666666666665,0.6250000000000000
2026-01-11,ZON-104,auto,3,1,0.6666666666666667,3.9944444444444445,0E-16
2026-01-11,ZON-016,mini,6,3,0.3333333333333333,3.216666666666667,0.5000000000000000
2026-01-11,ZON-038,bike_taxi,5,4,0.2000000000000000,3.0233333333333334,0.2000000000000000
2026-01-11,ZON-064,auto,7,3,0.4285714285714286,3.986111111111111,0.7142857142857143
2026-01-11,ZON-120,sedan,5,4,0.2000000000000000,3.8800000000000003,0.4000000000000000
2026-01-11,ZON-073,auto,4,1,0.7500000000000000,4.9125,1.0000000000000000
2026-01-11,ZON-025,sedan,2,0,1.0000000000000000,3.75,0.5000000000000000
2026-01-12,ZON-018,bike_taxi,4,2,0.2500000000000000,2.0388888888888888,1.0000000000000000
2026-01-12,ZON-114,auto,5,4,0E-16,0.7666666666666667,0.4000000000000000
2026-01-12,ZON-015,sedan,1,1,0E-16,0.38333333333333336,1.0000000000000000
2026-01-12,ZON-031,sedan,1,0,1.0000000000000000,4.6,0E-16
2026-01-12,ZON-084,bike_taxi,2,1,0.5000000000000000,2.4583333333333335,1.0000000000000000
2026-01-12,ZON-052,bike_taxi,5,3,0.2000000000000000,3.8958333333333335,0.4000000000000000
2026-01-12,ZON-091,auto,9,6,0.3333333333333333,3.8703703703703707,0E-16
2026-01-12,ZON-097,sedan,2,1,0.5000000000000000,4.441666666666666,0.5000000000000000
2026-01-12,ZON-113,mini,5,2,0.4000000000000000,3.9458333333333333,0.6000000000000000
2026-01-12,ZON-054,bike_taxi,4,3,0E-16,2.1055555555555556,0.5000000000000000
2026-01-12,ZON-073,bike_taxi,6,5,0.1666666666666667,3.05,0.8333333333333333
2026-01-12,ZON-037,auto,6,6,0E-16,3.0222222222222226,0.6666666666666667
2026-01-12,ZON-102,bike_taxi,2,2,0E-16,2.783333333333333,1.0000000000000000
2026-01-12,ZON-118,auto,4,2,0.2500000000000000,2.9222222222222225,0.7500000000000000
2026-01-13,ZON-094,mini,10,8,0.1000000000000000,3.338888888888889,0.6000000000000000
2026-01-13,ZON-070,bike_taxi,8,4,0.5000000000000000,4.658333333333333,0.5000000000000000
2026-01-13,ZON-022,sedan,6,3,0.3333333333333333,3.6233333333333335,0.5000000000000000
2026-01-13,ZON-007,mini,11,5,0.1818181818181818,4.692857142857142,0.6363636363636364
2026-01-13,ZON-002,bike_taxi,4,4,0E-16,4.008333333333334,0.5000000000000000
2026-01-13,ZON-046,mini,10,8,0.1000000000000000,2.996296296296296,0.5000000000000000
2026-01-13,ZON-098,mini,6,4,0.1666666666666667,3.2,0.3333333333333333
2026-01-13,ZON-026,bike_taxi,5,4,0.2000000000000000,2.6333333333333333,0.8000000000000000
2026-01-13,ZON-029,auto,5,3,0E-16,2.5277777777777777,0.2000000000000000
2026-01-13,ZON-096,mini,3,2,0E-16,3.825,0.6666666666666667
2026-01-13,ZON-062,bike_taxi,3,3,0E-16,3.488888888888889,0.3333333333333333
2026-01-13,ZON-102,sedan,2,0,0.5000000000000000,6.283333333333333,0.5000000000000000
2026-01-13,ZON-066,bike_taxi,4,2,0.2500000000000000,3.7,0.2500000000000000
2026-01-13,ZON-119,auto,4,4,0E-16,4.75,0.5000000000000000
2026-01-14,ZON-097,mini,11,7,0.1818181818181818,3.3814814814814813,0.7272727272727273
2026-01-14,ZON-039,auto,13,10,0.0769230769230769,3.1439393939393936,0.6923076923076923
2026-01-14,ZON-019,mini,6,5,0.1666666666666667,4.372222222222222,0.6666666666666667
2026-01-14,ZON-009,auto,6,5,0.1666666666666667,5.091666666666667,0.5000000000000000
2026-01-14,ZON-042,mini,6,5,0.1666666666666667,2.930555555555556,0.5000000000000000
2026-01-14,ZON-038,bike_taxi,4,3,0.2500000000000000,2.9208333333333334,0.2500000000000000
2026-01-14,ZON-023,bike_taxi,10,8,0.2000000000000000,3.3483333333333336,0.5000000000000000
2026-01-14,ZON-105,sedan,6,3,0.3333333333333333,3.1366666666666663,0.8333333333333333
2026-01-14,ZON-026,mini,7,5,0.1428571428571429,3.436111111111111,0.5714285714285714
2026-01-14,ZON-001,auto,7,5,0.1428571428571429,3.191666666666667,0.4285714285714286
2026-01-14,ZON-016,auto,6,5,0.1666666666666667,3.1694444444444443,0.5000000000000000
2026-01-14,ZON-081,mini,7,4,0.2857142857142857,4.552777777777778,0.2857142857142857
2026-01-14,ZON-089,bike_taxi,3,2,0.3333333333333333,6.188888888888888,0.6666666666666667
2026-01-14,ZON-045,bike_taxi,4,2,0.2500000000000000,4.838888888888889,0E-16
2026-01-14,ZON-110,sedan,2,0,0.5000000000000000,3.433333333333333,1.0000000000000000
2026-01-14,ZON-001,mini,9,8,0.1111111111111111,3.461111111111111,0.6666666666666667
2026-01-13,ZON-114,bike_taxi,2,1,0.5000000000000000,0.5333333333333333,1.0000000000000000
2026-01-14,ZON-068,sedan,4,4,0E-16,2.95,0.2500000000000000
2026-01-14,ZON-013,bike_taxi,2,1,0E-16,4.883333333333334,1.0000000000000000
2026-01-14,ZON-052,mini,3,2,0.3333333333333333,3.988888888888889,0.3333333333333333
2026-01-14,ZON-035,auto,4,3,0.2500000000000000,2.0791666666666666,0.7500000000000000
2026-01-14,ZON-003,bike_taxi,3,0,1.0000000000000000,5.438888888888888,0.3333333333333333
2026-01-14,ZON-090,sedan,1,1,0E-16,4.85,1.0000000000000000
2026-01-14,ZON-025,sedan,1,1,0E-16,4.55,0E-16
2026-01-01,ZON-002,sedan,2,1,0.5000000000000000,3.625,0E-16
2026-01-01,ZON-047,sedan,4,2,0.5000000000000000,3.6416666666666666,0.2500000000000000
2026-01-01,ZON-118,sedan,3,2,0E-16,5.433333333333334,0.3333333333333333
2026-01-01,ZON-032,mini,5,2,0.4000000000000000,4.783333333333333,0.4000000000000000
2026-01-01,ZON-082,sedan,4,2,0.2500000000000000,4.95,0.5000000000000000
2026-01-01,ZON-107,sedan,3,1,0.3333333333333333,1.55,0.3333333333333333
2026-01-01,ZON-100,mini,5,5,0E-16,4.116666666666666,0.8000000000000000
2026-01-01,ZON-052,sedan,1,0,0E-16,,0E-16
2026-01-01,ZON-029,bike_taxi,3,2,0E-16,3.625,0.3333333333333333
2026-01-01,ZON-110,bike_taxi,3,1,0.6666666666666667,5.516666666666667,0.3333333333333333
2026-01-01,ZON-053,sedan,4,2,0.5000000000000000,3.6625,1.0000000000000000
2026-01-01,ZON-027,mini,6,3,0.1666666666666667,3.7125,0.8333333333333333
2026-01-01,ZON-031,bike_taxi,4,2,0.2500000000000000,2.0833333333333335,0.2500000000000000
2026-01-01,ZON-083,sedan,2,1,0E-16,5.65,1.0000000000000000
2026-01-02,ZON-048,sedan,6,6,0E-16,4.086111111111111,0.5000000000000000
2026-01-02,ZON-044,mini,5,2,0.2000000000000000,4.2444444444444445,0.4000000000000000
2026-01-02,ZON-017,mini,8,5,0.3750000000000000,2.825,0.6250000000000000
2026-01-02,ZON-101,auto,6,5,0.1666666666666667,2.725,0.3333333333333333
2026-01-02,ZON-034,auto,5,2,0.4000000000000000,3.6041666666666665,0.4000000000000000
2026-01-02,ZON-092,auto,9,4,0.4444444444444444,4.235416666666667,0.5555555555555556
2026-01-02,ZON-064,mini,9,7,0.2222222222222222,4.664814814814815,0.3333333333333333
2026-01-02,ZON-010,sedan,4,4,0E-16,4.258333333333334,0.2500000000000000
2026-01-02,ZON-029,sedan,5,4,0.2000000000000000,3.0366666666666666,1.0000000000000000
2026-01-02,ZON-059,sedan,6,6,0E-16,3.691666666666667,0.6666666666666667
2026-01-02,ZON-096,bike_taxi,4,0,0.5000000000000000,3.875,0.7500000000000000
2026-01-02,ZON-065,auto,6,4,0.1666666666666667,2.2666666666666666,0.5000000000000000
2026-01-02,ZON-116,auto,4,2,0.2500000000000000,3.35,0.5000000000000000
2026-01-02,ZON-020,mini,7,3,0.2857142857142857,3.48,0.5714285714285714
2026-01-02,ZON-050,sedan,3,0,0.3333333333333333,5.466666666666667,0.6666666666666667
2026-01-02,ZON-040,bike_taxi,7,4,0.4285714285714286,3.9261904761904765,0.7142857142857143
2026-01-02,ZON-066,sedan,1,1,0E-16,6.966666666666667,0E-16
2026-01-03,ZON-026,bike_taxi,6,1,0.5000000000000000,2.941666666666667,0.6666666666666667
2026-01-03,ZON-071,bike_taxi,8,5,0.2500000000000000,3.9857142857142858,0.5000000000000000
2026-01-03,ZON-088,mini,7,6,0.1428571428571429,4.3809523809523805,0.5714285714285714
2026-01-03,ZON-089,bike_taxi,6,4,0.1666666666666667,3.0933333333333333,0.6666666666666667
2026-01-03,ZON-044,sedan,7,5,0.1428571428571429,3.783333333333333,1.0000000000000000
2026-01-03,ZON-079,mini,9,7,0.2222222222222222,2.8240740740740744,0.7777777777777778
2026-01-03,ZON-054,bike_taxi,6,4,0.1666666666666667,4.783333333333333,0.8333333333333333
2026-01-03,ZON-021,mini,9,8,0.1111111111111111,3.4166666666666665,0.6666666666666667
2026-01-03,ZON-119,sedan,5,4,0E-16,3.566666666666667,0.6000000000000000
2026-01-03,ZON-033,bike_taxi,2,2,0E-16,4.291666666666667,1.0000000000000000
2026-01-03,ZON-048,sedan,3,2,0E-16,1.425,0.6666666666666667
2026-01-03,ZON-078,sedan,4,3,0.2500000000000000,1.3541666666666667,0.2500000000000000
2026-01-03,ZON-051,mini,5,3,0.4000000000000000,4.116666666666666,0.8000000000000000
2026-01-03,ZON-084,auto,6,4,0.1666666666666667,5.026666666666667,0.6666666666666667
2026-01-03,ZON-027,mini,8,4,0.3750000000000000,2.9857142857142858,0.2500000000000000
2026-01-03,ZON-115,auto,6,3,0.5000000000000000,3.6527777777777777,0.6666666666666667
2026-01-03,ZON-063,bike_taxi,5,5,0E-16,3.4166666666666665,0.8000000000000000
2026-01-03,ZON-081,bike_taxi,4,1,0.2500000000000000,3.841666666666667,0E-16
2026-01-03,ZON-013,auto,4,4,0E-16,2.4791666666666665,0.5000000000000000
2026-01-03,ZON-104,bike_taxi,2,1,0E-16,4.5,1.0000000000000000
2026-01-03,ZON-078,mini,4,3,0.2500000000000000,4.025,0.5000000000000000
2026-01-03,ZON-050,bike_taxi,5,3,0.2000000000000000,2.470833333333333,0.4000000000000000
2026-01-03,ZON-117,mini,10,6,0.1000000000000000,3.052380952380952,0.6000000000000000
2026-01-03,ZON-115,mini,8,4,0.2500000000000000,4.908333333333333,0.6250000000000000
2026-01-03,ZON-066,sedan,5,5,0E-16,1.9166666666666667,0.6000000000000000
2026-01-03,ZON-032,bike_taxi,1,1,0E-16,6.566666666666666,0E-16
2026-01-02,ZON-032,sedan,1,1,0E-16,4.55,0E-16
2026-01-03,ZON-116,auto,6,3,0.3333333333333333,4.573333333333333,0.6666666666666667
2026-01-03,ZON-111,mini,4,2,0.2500000000000000,3.2,0.7500000000000000
2026-01-03,ZON-024,mini,2,1,0.5000000000000000,4.141666666666667,1.0000000000000000
2026-01-02,ZON-041,sedan,2,1,0.5000000000000000,5.183333333333334,0E-16
2026-01-03,ZON-039,sedan,3,2,0E-16,2.3916666666666666,0E-16
2026-01-04,ZON-055,bike_taxi,4,3,0E-16,4.05,0.5000000000000000
2026-01-04,ZON-053,mini,3,2,0.3333333333333333,2.933333333333333,0E-16
2026-01-04,ZON-079,mini,9,4,0.2222222222222222,3.816666666666667,0.4444444444444444
2026-01-04,ZON-017,auto,7,3,0.4285714285714286,4.133333333333334,0.5714285714285714
2026-01-04,ZON-118,auto,7,6,0.1428571428571429,3.8928571428571432,0.4285714285714286
2026-01-04,ZON-095,auto,10,7,0.2000000000000000,5.111111111111112,0.2000000000000000
2026-01-04,ZON-075,bike_taxi,5,3,0.2000000000000000,4.7625,0.4000000000000000
2026-01-04,ZON-076,bike_taxi,4,2,0.2500000000000000,3.661111111111111,0.5000000000000000
2026-01-04,ZON-007,auto,9,5,0.2222222222222222,3.05,0.3333333333333333
2026-01-04,ZON-011,sedan,4,3,0E-16,1.3666666666666667,1.0000000000000000
2026-01-04,ZON-110,bike_taxi,8,6,0.2500000000000000,2.8854166666666665,0.5000000000000000
2026-01-04,ZON-010,auto,8,3,0.2500000000000000,2.9,0.7500000000000000
2026-01-04,ZON-051,mini,7,4,0.1428571428571429,3.9099999999999997,1.0000000000000000
2026-01-04,ZON-015,bike_taxi,6,3,0.5000000000000000,2.7083333333333335,0.5000000000000000
2026-01-04,ZON-112,sedan,3,1,0.3333333333333333,5.441666666666666,1.0000000000000000
2026-01-04,ZON-109,auto,7,5,0.1428571428571429,3.363888888888889,0.5714285714285714
2026-01-04,ZON-069,sedan,2,2,0E-16,2.533333333333333,1.0000000000000000
2026-01-05,ZON-063,mini,13,7,0.1538461538461538,4.468518518518518,0.4615384615384615
2026-01-05,ZON-106,sedan,7,3,0.5714285714285714,4.026190476190476,0.8571428571428571
2026-01-05,ZON-049,sedan,9,6,0.2222222222222222,4.54375,0.6666666666666667
2026-01-05,ZON-072,auto,5,3,0.2000000000000000,2.720833333333333,0.8000000000000000
2026-01-05,ZON-116,mini,11,7,0.3636363636363636,3.8181818181818183,0.6363636363636364
2026-01-05,ZON-083,mini,6,3,0.3333333333333333,3.52,0.6666666666666667
2026-01-05,ZON-031,mini,10,6,0.3000000000000000,3.7648148148148146,0.7000000000000000
2026-01-05,ZON-109,mini,3,3,0E-16,4.35,0.3333333333333333
2026-01-05,ZON-019,mini,4,2,0E-16,3.6666666666666665,0.5000000000000000
2026-01-05,ZON-106,mini,8,6,0.1250000000000000,3.1547619047619047,0.3750000000000000
2026-01-05,ZON-050,auto,2,1,0.5000000000000000,1.1333333333333333,0.5000000000000000
2026-01-04,ZON-054,bike_taxi,2,2,0E-16,2.558333333333333,0.5000000000000000
2026-01-05,ZON-008,sedan,3,2,0.3333333333333333,4.033333333333333,0.6666666666666667
2026-01-05,ZON-042,auto,2,2,0E-16,4.608333333333333,1.0000000000000000
2026-01-06,ZON-058,bike_taxi,2,1,0E-16,2.0833333333333335,0.5000000000000000
2026-01-06,ZON-027,auto,5,3,0.4000000000000000,3.3266666666666667,0.8000000000000000
2026-01-06,ZON-084,mini,5,2,0.6000000000000000,3.25,0.2000000000000000
2026-01-06,ZON-061,mini,10,6,0.3000000000000000,3.1222222222222222,0.7000000000000000
2026-01-06,ZON-093,auto,4,4,0E-16,3.4125,0.5000000000000000
2026-01-06,ZON-114,sedan,5,5,0E-16,2.95,0.4000000000000000
2026-01-06,ZON-096,mini,7,4,0.2857142857142857,5.172222222222222,0.7142857142857143
2026-01-06,ZON-075,auto,7,2,0.5714285714285714,3.783333333333333,0.5714285714285714
2026-01-06,ZON-112,bike_taxi,8,4,0.2500000000000000,3.969444444444444,0.6250000000000000
2026-01-06,ZON-086,mini,12,7,0.1666666666666667,3.140740740740741,0.4166666666666667
2026-01-06,ZON-091,bike_taxi,5,1,0E-16,5.933333333333334,0.6000000000000000
2026-01-06,ZON-091,auto,3,2,0E-16,3.725,1.0000000000000000
2026-01-06,ZON-118,bike_taxi,4,1,0.7500000000000000,2.408333333333333,0E-16
2026-01-06,ZON-028,auto,5,3,0.2000000000000000,3.2875,0.4000000000000000
2026-01-06,ZON-118,auto,3,2,0.3333333333333333,1.8777777777777778,0.3333333333333333
2026-01-06,ZON-055,auto,6,6,0E-16,4.105555555555556,0.5000000000000000
2026-01-07,ZON-035,auto,6,3,0.5000000000000000,3.4777777777777774,0.5000000000000000
2026-01-07,ZON-024,mini,7,7,0E-16,3.4,0.5714285714285714
2026-01-07,ZON-107,auto,8,4,0.2500000000000000,3.075,0.3750000000000000
2026-01-07,ZON-081,mini,11,8,0.2727272727272727,3.3136363636363635,0.2727272727272727
2026-01-07,ZON-006,auto,6,4,0.3333333333333333,2.55,0.1666666666666667
2026-01-07,ZON-017,mini,5,3,0E-16,1.8666666666666667,0.6000000000000000
2026-01-07,ZON-100,sedan,6,1,0.6666666666666667,5.0600000000000005,0E-16
2026-01-07,ZON-104,mini,10,7,0.2000000000000000,3.498148148148148,0.5000000000000000
2026-01-07,ZON-101,mini,5,4,0.2000000000000000,4.16,0.4000000000000000
2026-01-07,ZON-012,bike_taxi,5,3,0E-16,2.7944444444444443,0.8000000000000000
2026-01-07,ZON-074,auto,5,5,0E-16,2.02,0.6000000000000000
2026-01-07,ZON-033,mini,6,5,0.1666666666666667,4.452777777777778,0.1666666666666667
2026-01-07,ZON-056,sedan,1,1,0E-16,3.75,0E-16
2026-01-07,ZON-077,sedan,6,5,0.1666666666666667,4.275,0.5000000000000000
2026-01-07,ZON-046,auto,4,1,0.5000000000000000,4.027777777777778,0.7500000000000000
2026-01-07,ZON-066,auto,3,2,0.3333333333333333,4.011111111111111,0.3333333333333333
2026-01-07,ZON-103,mini,5,5,0E-16,3.9366666666666665,0.6000000000000000
2026-01-07,ZON-090,mini,8,3,0.5000000000000000,3.0976190476190477,0.3750000000000000
2026-01-07,ZON-044,bike_taxi,8,5,0.3750000000000000,2.64375,0.6250000000000000
2026-01-07,ZON-057,sedan,3,2,0E-16,6.525,0.6666666666666667
2026-01-07,ZON-026,sedan,6,2,0.6666666666666667,3.288888888888889,0.1666666666666667
2026-01-07,ZON-077,auto,4,3,0.2500000000000000,1.9458333333333333,0.2500000000000000
2026-01-07,ZON-117,auto,11,6,0E-16,4.138888888888889,0.7272727272727273
2026-01-07,ZON-015,sedan,6,4,0.3333333333333333,3.8972222222222226,1.0000000000000000
2026-01-07,ZON-073,auto,2,1,0E-16,4.95,0.5000000000000000
2026-01-07,ZON-025,sedan,3,2,0E-16,3.658333333333333,0.6666666666666667
2026-01-07,ZON-089,sedan,2,2,0E-16,5.275,0.5000000000000000
2026-01-08,ZON-019,sedan,5,4,0E-16,3.4625,0.4000000000000000
2026-01-08,ZON-102,bike_taxi,6,6,0E-16,2.586111111111111,0.5000000000000000
2026-01-08,ZON-035,mini,12,9,0.0833333333333333,3.546666666666667,0.4166666666666667
2026-01-08,ZON-117,mini,4,1,0.7500000000000000,4.033333333333333,0.7500000000000000
2026-01-08,ZON-114,sedan,6,4,0.1666666666666667,3.2666666666666666,0.3333333333333333
2026-01-08,ZON-038,auto,10,6,0.4000000000000000,3.683333333333333,0.3000000000000000
2026-01-08,ZON-006,mini,6,3,0.3333333333333333,4.086666666666667,0.6666666666666667
2026-01-08,ZON-044,mini,7,3,0.4285714285714286,2.816666666666667,0.5714285714285714
2026-01-08,ZON-075,auto,4,3,0.2500000000000000,2.275,0.5000000000000000
2026-01-08,ZON-049,mini,9,8,0.1111111111111111,3.2277777777777774,0.6666666666666667
2026-01-08,ZON-031,mini,4,3,0E-16,3.2277777777777774,0.5000000000000000
2026-01-08,ZON-070,bike_taxi,5,2,0.4000000000000000,3.533333333333333,0.6000000000000000
2026-01-08,ZON-095,bike_taxi,4,1,0.2500000000000000,6.041666666666667,0.5000000000000000
2026-01-08,ZON-028,bike_taxi,2,0,0.5000000000000000,1.0166666666666666,0E-16
2026-01-08,ZON-096,auto,3,0,0.6666666666666667,1.8916666666666666,1.0000000000000000
2026-01-08,ZON-009,sedan,5,4,0.2000000000000000,3.1766666666666667,0.6000000000000000
2026-01-09,ZON-008,mini,8,5,0.2500000000000000,3.9166666666666665,0.6250000000000000
2026-01-09,ZON-001,auto,5,5,0E-16,4.4,0.4000000000000000
2026-01-09,ZON-090,sedan,6,3,0.5000000000000000,3.1444444444444444,0.8333333333333333
2026-01-09,ZON-115,mini,11,9,0.1818181818181818,3.0727272727272728,0.4545454545454545
2026-01-09,ZON-053,sedan,4,3,0.2500000000000000,3.3958333333333335,1.0000000000000000
2026-01-09,ZON-113,mini,10,7,0.3000000000000000,2.83,0.3000000000000000
2026-01-09,ZON-096,bike_taxi,1,0,1.0000000000000000,0.9666666666666667,1.0000000000000000
2026-01-09,ZON-094,sedan,1,0,1.0000000000000000,6.583333333333333,0E-16
2026-01-09,ZON-082,bike_taxi,7,6,0.1428571428571429,2.9166666666666665,0.5714285714285714
2026-01-09,ZON-047,mini,2,2,0E-16,1.9666666666666666,0.5000000000000000
2026-01-09,ZON-044,auto,9,7,0E-16,3.4166666666666665,0.4444444444444444
2026-01-09,ZON-114,sedan,3,1,0.6666666666666667,1.0666666666666667,0.6666666666666667
2026-01-09,ZON-066,bike_taxi,3,2,0.3333333333333333,2.211111111111111,0.3333333333333333
2026-01-09,ZON-045,bike_taxi,3,3,0E-16,3.4166666666666665,0.3333333333333333
2026-01-09,ZON-086,auto,10,8,0.2000000000000000,3.98,0.5000000000000000
2026-01-09,ZON-022,sedan,1,0,1.0000000000000000,1.6,1.0000000000000000
2026-01-09,ZON-048,mini,6,3,0.1666666666666667,2.85,0.3333333333333333
2026-01-09,ZON-072,auto,8,3,0.5000000000000000,4.919047619047619,0.6250000000000000
2026-01-09,ZON-095,auto,5,2,0.6000000000000000,3.546666666666667,0.6000000000000000
2026-01-10,ZON-024,auto,11,7,0.2727272727272727,4.136666666666667,0.4545454545454545
2026-01-10,ZON-076,auto,7,7,0E-16,4.214285714285714,0.7142857142857143
2026-01-10,ZON-116,auto,7,2,0.2857142857142857,3.5,0.4285714285714286
2026-01-10,ZON-004,bike_taxi,9,6,0.2222222222222222,5.0875,0.5555555555555556
2026-01-10,ZON-057,auto,6,3,0.1666666666666667,1.9333333333333333,0.5000000000000000
2026-01-10,ZON-100,sedan,5,1,0.2000000000000000,2.1416666666666666,0.8000000000000000
2026-01-10,ZON-049,mini,8,5,0.3750000000000000,4.435416666666667,0.5000000000000000
2026-01-10,ZON-022,sedan,1,1,0E-16,5.016666666666667,0E-16
2026-01-10,ZON-003,sedan,6,5,0.1666666666666667,3.6722222222222225,0.3333333333333333
2026-01-10,ZON-106,sedan,4,1,0.5000000000000000,3.1222222222222222,0.7500000000000000
2026-01-10,ZON-028,sedan,5,3,0.4000000000000000,2.9733333333333336,0.8000000000000000
2026-01-10,ZON-060,bike_taxi,4,2,0.5000000000000000,4.5875,0.2500000000000000
2026-01-10,ZON-072,auto,4,3,0E-16,4.611111111111112,0.2500000000000000
2026-01-10,ZON-021,mini,3,2,0.3333333333333333,4.2,0.3333333333333333
2026-01-10,ZON-018,sedan,5,4,0.2000000000000000,2.7066666666666666,0.4000000000000000
2026-01-11,ZON-030,bike_taxi,9,8,0E-16,4.225,0.5555555555555556
2026-01-11,ZON-023,bike_taxi,4,3,0.2500000000000000,4.470833333333333,0.5000000000000000
2026-01-11,ZON-004,sedan,7,4,0.1428571428571429,5.11,0.7142857142857143
2026-01-11,ZON-010,mini,6,5,0.1666666666666667,3.1277777777777778,0.5000000000000000
2026-01-11,ZON-034,auto,9,4,0.4444444444444444,3.027083333333333,0.4444444444444444
2026-01-11,ZON-092,auto,5,2,0.2000000000000000,3.088888888888889,0.8000000000000000
2026-01-11,ZON-015,mini,5,1,0.4000000000000000,5.405555555555555,0.6000000000000000
2026-01-11,ZON-023,sedan,7,7,0E-16,3.528571428571429,0.5714285714285714
2026-01-11,ZON-089,mini,9,8,0E-16,3.3625,0.3333333333333333
2026-01-11,ZON-111,bike_taxi,5,2,0.6000000000000000,3.1533333333333333,1.0000000000000000
2026-01-11,ZON-079,sedan,6,2,0.3333333333333333,2.4916666666666667,0.5000000000000000
2026-01-11,ZON-002,auto,6,5,0.1666666666666667,3.3694444444444445,0.3333333333333333
2026-01-11,ZON-045,bike_taxi,4,3,0.2500000000000000,1.275,0.5000000000000000
2026-01-11,ZON-021,mini,9,6,0.2222222222222222,3.54375,0.4444444444444444
2026-01-11,ZON-051,mini,5,3,0.4000000000000000,3.64,0.4000000000000000
2026-01-11,ZON-077,mini,3,2,0.3333333333333333,4.761111111111111,0.3333333333333333
2026-01-11,ZON-105,mini,4,3,0.2500000000000000,4.266666666666667,0.5000000000000000
2026-01-11,ZON-029,sedan,4,3,0.2500000000000000,3.591666666666667,0E-16
2026-01-12,ZON-022,auto,4,2,0.5000000000000000,4.5125,0.7500000000000000
2026-01-12,ZON-073,auto,2,2,0E-16,4.2,1.0000000000000000
2026-01-12,ZON-040,mini,4,1,0.2500000000000000,2.441666666666667,0.5000000000000000
2026-01-12,ZON-036,auto,9,8,0E-16,4.439583333333333,0.6666666666666667
2026-01-12,ZON-093,auto,8,5,0E-16,3.46,0.6250000000000000
2026-01-12,ZON-111,auto,9,7,0.1111111111111111,3.58125,0.3333333333333333
2026-01-12,ZON-073,mini,12,9,0.1666666666666667,4.048484848484849,0.2500000000000000
2026-01-12,ZON-041,bike_taxi,4,3,0E-16,2.9277777777777776,0.5000000000000000
2026-01-12,ZON-103,auto,5,1,0.4000000000000000,3.066666666666667,0.8000000000000000
2026-01-12,ZON-034,auto,6,5,0.1666666666666667,2.511111111111111,0.5000000000000000
2026-01-12,ZON-048,bike_taxi,5,4,0E-16,3.0208333333333335,0.6000000000000000
2026-01-12,ZON-063,sedan,3,2,0.3333333333333333,4.905555555555555,0.6666666666666667
2026-01-12,ZON-120,mini,7,3,0.2857142857142857,3.3866666666666663,0.5714285714285714
2026-01-12,ZON-119,mini,7,3,0.4285714285714286,4.766666666666667,0.5714285714285714
2026-01-12,ZON-004,auto,6,6,0E-16,5.008333333333334,0.6666666666666667
2026-01-12,ZON-017,mini,7,5,0.2857142857142857,2.2476190476190476,0.7142857142857143
2026-01-12,ZON-119,bike_taxi,4,3,0.2500000000000000,4.108333333333333,0.2500000000000000
2026-01-12,ZON-063,bike_taxi,6,5,0.1666666666666667,4.394444444444445,0.6666666666666667
2026-01-12,ZON-014,bike_taxi,6,3,0.1666666666666667,6.141666666666667,0.6666666666666667
2026-01-12,ZON-037,sedan,5,4,0.2000000000000000,2.006666666666667,0.4000000000000000
2026-01-13,ZON-105,auto,5,5,0E-16,3.753333333333333,0.6000000000000000
2026-01-13,ZON-088,bike_taxi,4,3,0.2500000000000000,2.4541666666666666,0.7500000000000000
2026-01-13,ZON-046,sedan,2,2,0E-16,1.6333333333333333,0.5000000000000000
2026-01-13,ZON-074,mini,8,4,0.2500000000000000,3.3972222222222226,0.6250000000000000
2026-01-13,ZON-064,auto,9,6,0.2222222222222222,3.904166666666667,0.4444444444444444
2026-01-13,ZON-027,mini,5,4,0E-16,4.7875,0.8000000000000000
2026-01-13,ZON-118,sedan,5,4,0E-16,4.925,0.4000000000000000
2026-01-13,ZON-084,bike_taxi,8,3,0.3750000000000000,3.05,0.5000000000000000
2026-01-13,ZON-112,auto,4,3,0E-16,3.0833333333333335,0.7500000000000000
2026-01-13,ZON-013,sedan,5,3,0.4000000000000000,3.4266666666666667,0.2000000000000000
2026-01-13,ZON-071,auto,6,5,0E-16,5.193333333333333,0.5000000000000000
2026-01-13,ZON-073,sedan,7,2,0.4285714285714286,3.6866666666666665,0.8571428571428571
2026-01-13,ZON-099,sedan,2,1,0.5000000000000000,4.058333333333334,1.0000000000000000
2026-01-13,ZON-074,sedan,3,0,0.3333333333333333,5.05,0.6666666666666667
2026-01-12,ZON-020,mini,2,2,0E-16,4.191666666666666,0E-16
2026-01-13,ZON-019,bike_taxi,4,3,0E-16,4.555555555555555,0.7500000000000000
2026-01-14,ZON-065,mini,5,3,0E-16,5.027777777777778,0.4000000000000000
2026-01-14,ZON-034,mini,10,6,0.2000000000000000,2.872916666666667,0.5000000000000000
2026-01-14,ZON-102,auto,6,2,0.3333333333333333,4.958333333333333,0.8333333333333333
2026-01-14,ZON-102,mini,10,6,0.4000000000000000,3.58,0.7000000000000000
2026-01-13,ZON-021,bike_taxi,2,1,0.5000000000000000,3.841666666666667,1.0000000000000000
2026-01-14,ZON-034,sedan,6,2,0.5000000000000000,3.2233333333333336,0.8333333333333333
2026-01-14,ZON-041,sedan,2,1,0E-16,2.4,0E-16
2026-01-14,ZON-003,sedan,9,5,0.3333333333333333,4.091666666666667,0.5555555555555556
2026-01-14,ZON-094,bike_taxi,7,5,0.1428571428571429,4.358333333333333,0.5714285714285714
2026-01-14,ZON-053,sedan,3,1,0.6666666666666667,3.7333333333333334,1.0000000000000000
2026-01-14,ZON-035,bike_taxi,5,4,0E-16,5.154166666666667,0.4000000000000000
2026-01-14,ZON-118,mini,8,7,0.1250000000000000,3.3041666666666667,0.8750000000000000
2026-01-14,ZON-058,auto,6,5,0E-16,5.1466666666666665,0.3333333333333333
2026-01-14,ZON-106,bike_taxi,1,0,1.0000000000000000,6.383333333333334,0E-16
2026-01-14,ZON-067,bike_taxi,4,4,0E-16,2.466666666666667,1.0000000000000000
2026-01-14,ZON-057,sedan,1,1,0E-16,6.0,1.0000000000000000
2026-01-01,ZON-025,mini,5,5,0E-16,3.89,0.2000000000000000
2026-01-01,ZON-058,sedan,2,2,0E-16,4.766666666666667,0E-16
2026-01-01,ZON-104,mini,7,6,0.1428571428571429,3.6404761904761904,0.4285714285714286
2026-01-01,ZON-091,mini,8,3,0.3750000000000000,3.5833333333333335,0.7500000000000000
2026-01-01,ZON-015,mini,4,3,0.2500000000000000,2.8916666666666666,0E-16
2026-01-01,ZON-081,sedan,2,1,0.5000000000000000,2.9583333333333335,0.5000000000000000
2026-01-01,ZON-100,auto,3,2,0.3333333333333333,3.8,0E-16
2026-01-01,ZON-051,auto,6,5,0.1666666666666667,2.8277777777777775,0.6666666666666667
2026-01-01,ZON-030,sedan,5,3,0.4000000000000000,2.783333333333333,0.2000000000000000
2026-01-01,ZON-049,bike_taxi,3,2,0.3333333333333333,4.388888888888888,0.6666666666666667
2026-01-01,ZON-043,auto,5,2,0.2000000000000000,4.222222222222222,0.6000000000000000
2026-01-01,ZON-118,bike_taxi,4,4,0E-16,3.216666666666667,0.5000000000000000
2026-01-01,ZON-016,sedan,5,4,0.2000000000000000,3.0166666666666666,0.6000000000000000
2026-01-02,ZON-008,auto,10,8,0E-16,3.683333333333333,0.5000000000000000
2026-01-02,ZON-025,mini,7,3,0.2857142857142857,3.43,0.8571428571428571
2026-01-02,ZON-058,bike_taxi,7,6,0E-16,3.261111111111111,0.5714285714285714
2026-01-02,ZON-066,mini,7,5,0E-16,2.296666666666667,0.1428571428571429
2026-01-02,ZON-037,auto,15,9,0.3333333333333333,3.7916666666666665,0.6000000000000000
2026-01-02,ZON-113,mini,6,4,0.1666666666666667,2.996666666666667,0.6666666666666667
2026-01-02,ZON-002,sedan,4,1,0.5000000000000000,2.1277777777777778,0.7500000000000000
2026-01-02,ZON-068,mini,8,6,0.2500000000000000,2.9854166666666666,0.6250000000000000
2026-01-02,ZON-022,bike_taxi,9,6,0.3333333333333333,3.9722222222222223,0.6666666666666667
2026-01-02,ZON-071,bike_taxi,6,2,0.5000000000000000,2.0366666666666666,0.6666666666666667
2026-01-02,ZON-044,sedan,2,1,0E-16,4.5,0.5000000000000000
2026-01-02,ZON-081,auto,7,3,0.2857142857142857,2.9633333333333334,0.7142857142857143
2026-01-02,ZON-037,sedan,7,6,0.1428571428571429,2.342857142857143,0.4285714285714286
2026-01-02,ZON-103,sedan,4,3,0.2500000000000000,5.341666666666667,0.5000000000000000
2026-01-02,ZON-078,sedan,4,3,0.2500000000000000,1.6958333333333333,0.2500000000000000
2026-01-02,ZON-025,auto,6,4,0.3333333333333333,2.469444444444444,0.5000000000000000
2026-01-02,ZON-083,sedan,2,2,0E-16,5.966666666666667,0.5000000000000000
2026-01-02,ZON-109,bike_taxi,6,2,0.3333333333333333,2.5083333333333333,0E-16
2026-01-02,ZON-053,sedan,5,3,0.4000000000000000,3.546666666666667,0.6000000000000000
2026-01-02,ZON-116,sedan,4,3,0E-16,2.238888888888889,0.2500000000000000
2026-01-02,ZON-104,bike_taxi,6,3,0.5000000000000000,2.1222222222222222,0.8333333333333333
2026-01-02,ZON-036,bike_taxi,4,3,0E-16,3.038888888888889,0.7500000000000000
2026-01-02,ZON-035,bike_taxi,2,1,0.5000000000000000,3.4833333333333334,1.0000000000000000
2026-01-02,ZON-111,mini,5,2,0.4000000000000000,3.8541666666666665,0.2000000000000000
2026-01-02,ZON-085,bike_taxi,6,6,0E-16,3.461111111111111,0.1666666666666667
2026-01-02,ZON-107,auto,4,4,0E-16,0.7875,0.5000000000000000
2026-01-03,ZON-104,mini,7,5,0E-16,5.5233333333333325,0.4285714285714286
2026-01-03,ZON-023,auto,8,7,0.1250000000000000,3.6958333333333333,0.5000000000000000
2026-01-03,ZON-064,auto,5,4,0.2000000000000000,2.6566666666666667,0.4000000000000000
2026-01-03,ZON-070,bike_taxi,4,3,0E-16,4.338888888888889,0.5000000000000000
2026-01-03,ZON-103,mini,13,10,0.2307692307692308,3.8448717948717945,0.5384615384615385
2026-01-03,ZON-047,mini,9,4,0.4444444444444444,3.660416666666667,0.4444444444444444
2026-01-03,ZON-090,mini,4,2,0.5000000000000000,2.8208333333333333,0.5000000000000000
2026-01-03,ZON-114,bike_taxi,10,5,0.2000000000000000,4.069047619047619,0.7000000000000000
2026-01-03,ZON-043,sedan,3,2,0.3333333333333333,4.711111111111111,1.0000000000000000
2026-01-03,ZON-035,mini,6,4,0.3333333333333333,1.952777777777778,0.6666666666666667
2026-01-03,ZON-029,sedan,3,2,0E-16,3.575,0.6666666666666667
2026-01-03,ZON-088,sedan,7,4,0.1428571428571429,2.493333333333333,0.7142857142857143
2026-01-03,ZON-083,mini,11,8,0.1818181818181818,3.7816666666666667,0.5454545454545455
2026-01-03,ZON-075,auto,3,2,0.3333333333333333,4.666666666666667,0.6666666666666667
2026-01-03,ZON-087,mini,10,8,0.2000000000000000,4.083333333333333,0.5000000000000000
2026-01-03,ZON-102,mini,3,2,0E-16,3.3916666666666666,1.0000000000000000
2026-01-03,ZON-097,sedan,4,0,0.2500000000000000,1.05,0.2500000000000000
2026-01-03,ZON-036,sedan,2,2,0E-16,4.608333333333333,1.0000000000000000
2026-01-03,ZON-066,bike_taxi,3,1,0.6666666666666667,4.822222222222222,0E-16
2026-01-03,ZON-074,auto,5,1,0.6000000000000000,5.320833333333334,1.0000000000000000
2026-01-03,ZON-075,bike_taxi,5,3,0.2000000000000000,3.8625,0.6000000000000000
2026-01-03,ZON-086,bike_taxi,2,2,0E-16,4.616666666666666,0.5000000000000000
2026-01-04,ZON-011,bike_taxi,4,2,0.5000000000000000,4.35,0.5000000000000000
2026-01-04,ZON-077,auto,8,6,0.1250000000000000,3.0738095238095235,0.3750000000000000
2026-01-04,ZON-045,bike_taxi,7,6,0E-16,5.663888888888889,0.5714285714285714
2026-01-04,ZON-015,sedan,6,3,0.5000000000000000,3.1666666666666665,0.5000000000000000
2026-01-04,ZON-090,mini,7,5,0.1428571428571429,3.6416666666666666,0.5714285714285714
2026-01-04,ZON-013,bike_taxi,5,4,0.2000000000000000,4.5233333333333325,0.2000000000000000
2026-01-04,ZON-091,sedan,6,2,0.5000000000000000,2.4,0.8333333333333333
2026-01-04,ZON-028,mini,13,5,0.3846153846153846,2.8449999999999998,0.6923076923076923
2026-01-04,ZON-117,sedan,1,1,0E-16,5.416666666666667,1.0000000000000000
2026-01-04,ZON-057,mini,7,6,0.1428571428571429,2.2095238095238097,1.0000000000000000
2026-01-04,ZON-039,mini,13,7,0.3846153846153846,3.05,0.5384615384615385
2026-01-04,ZON-093,bike_taxi,6,2,0.5000000000000000,3.6599999999999997,0.6666666666666667
2026-01-04,ZON-011,auto,6,3,0.1666666666666667,3.4791666666666665,0.8333333333333333
2026-01-04,ZON-099,mini,5,4,0.2000000000000000,4.319999999999999,0.6000000000000000
2026-01-04,ZON-085,mini,9,8,0E-16,3.8,0.5555555555555556
2026-01-04,ZON-099,sedan,1,0,1.0000000000000000,3.6,1.0000000000000000
2026-01-05,ZON-005,bike_taxi,10,5,0.3000000000000000,4.135416666666667,0.6000000000000000
2026-01-05,ZON-119,auto,6,5,0E-16,4.913333333333333,0.5000000000000000
2026-01-04,ZON-025,sedan,3,3,0E-16,2.566666666666667,1.0000000000000000
2026-01-05,ZON-096,auto,12,7,0.2500000000000000,3.3699999999999997,0.3333333333333333
2026-01-05,ZON-117,auto,6,5,0.1666666666666667,3.2694444444444444,0.5000000000000000
2026-01-05,ZON-112,bike_taxi,4,1,0.2500000000000000,5.191666666666666,0.5000000000000000
2026-01-05,ZON-069,mini,9,5,0.2222222222222222,3.316666666666667,0.6666666666666667
2026-01-05,ZON-030,mini,8,6,0.1250000000000000,3.7642857142857142,0.7500000000000000
2026-01-05,ZON-099,sedan,7,3,0.4285714285714286,3.8555555555555556,0.4285714285714286
2026-01-05,ZON-029,bike_taxi,5,2,0.2000000000000000,4.1611111111111105,0.6000000000000000
2026-01-05,ZON-101,mini,12,9,0.0833333333333333,4.8149999999999995,0.4166666666666667
2026-01-05,ZON-048,auto,6,4,0.3333333333333333,3.7666666666666666,0.3333333333333333
2026-01-05,ZON-049,auto,10,5,0.4000000000000000,3.0833333333333335,0.8000000000000000
2026-01-05,ZON-016,sedan,4,2,0.2500000000000000,2.95,0.5000000000000000
2026-01-05,ZON-081,mini,3,2,0.3333333333333333,3.655555555555556,1.0000000000000000
2026-01-05,ZON-024,bike_taxi,9,4,0.3333333333333333,3.571428571428571,0.3333333333333333
2026-01-05,ZON-064,auto,7,4,0.2857142857142857,3.588888888888889,0.4285714285714286
2026-01-05,ZON-015,bike_taxi,2,2,0E-16,2.0166666666666666,0.5000000000000000
2026-01-06,ZON-040,mini,7,5,0.1428571428571429,3.6083333333333334,0.4285714285714286
2026-01-06,ZON-017,mini,8,5,0.2500000000000000,2.9404761904761902,0.6250000000000000
2026-01-06,ZON-008,mini,10,8,0.1000000000000000,4.433333333333334,0.6000000000000000
2026-01-06,ZON-118,mini,9,6,0.2222222222222222,3.1979166666666665,0.2222222222222222
2026-01-06,ZON-021,auto,7,7,0E-16,3.8452380952380953,0.4285714285714286
2026-01-06,ZON-001,bike_taxi,6,3,0.3333333333333333,2.3699999999999997,0.5000000000000000
2026-01-06,ZON-078,mini,5,5,0E-16,3.4466666666666668,0.4000000000000000
2026-01-06,ZON-068,bike_taxi,8,4,0.2500000000000000,3.836111111111111,0.5000000000000000
2026-01-06,ZON-015,sedan,4,3,0E-16,6.033333333333333,0.7500000000000000
2026-01-06,ZON-102,auto,5,3,0.2000000000000000,3.3666666666666667,0.6000000000000000
2026-01-06,ZON-094,bike_taxi,5,3,0.2000000000000000,4.695833333333334,0.2000000000000000
2026-01-06,ZON-094,sedan,3,2,0.3333333333333333,5.333333333333333,0.6666666666666667
2026-01-06,ZON-015,bike_taxi,3,2,0.3333333333333333,3.561111111111111,0.6666666666666667
2026-01-06,ZON-016,sedan,2,2,0E-16,4.05,1.0000000000000000
2026-01-06,ZON-048,auto,2,2,0E-16,2.825,0.5000000000000000
2026-01-07,ZON-080,mini,15,8,0.3333333333333333,4.106410256410256,0.4666666666666667
2026-01-07,ZON-034,bike_taxi,4,3,0E-16,4.322222222222222,0.5000000000000000
2026-01-07,ZON-118,auto,8,8,0E-16,3.8916666666666666,0.5000000000000000
2026-01-07,ZON-059,sedan,5,2,0.4000000000000000,3.9875,0.8000000000000000
2026-01-07,ZON-022,sedan,6,2,0.3333333333333333,4.4125,0.5000000000000000
2026-01-07,ZON-054,mini,6,5,0.1666666666666667,2.763888888888889,0.5000000000000000
2026-01-07,ZON-081,bike_taxi,4,3,0.2500000000000000,1.2583333333333333,0E-16
2026-01-07,ZON-103,sedan,8,4,0.3750000000000000,3.59047619047619,0.5000000000000000
2026-01-07,ZON-112,auto,7,6,0E-16,2.625,0.4285714285714286
2026-01-07,ZON-107,sedan,4,2,0.2500000000000000,5.372222222222222,0.2500000000000000
2026-01-07,ZON-031,mini,3,2,0E-16,1.65,0.6666666666666667
2026-01-07,ZON-086,mini,4,3,0E-16,3.3722222222222222,0.2500000000000000
2026-01-07,ZON-036,auto,5,2,0.6000000000000000,3.58,0.2000000000000000
2026-01-07,ZON-080,bike_taxi,7,3,0.4285714285714286,4.2444444444444445,0.8571428571428571
2026-01-07,ZON-026,bike_taxi,4,4,0E-16,5.2,0.2500000000000000
2026-01-07,ZON-119,bike_taxi,6,5,0.1666666666666667,3.819444444444444,0.5000000000000000
2026-01-07,ZON-057,mini,3,2,0E-16,4.808333333333334,0.3333333333333333
2026-01-08,ZON-019,mini,7,7,0E-16,5.20952380952381,0.5714285714285714
2026-01-08,ZON-099,auto,8,6,0.2500000000000000,3.5625,0.6250000000000000
2026-01-08,ZON-115,mini,10,6,0.2000000000000000,2.425,0.5000000000000000
2026-01-08,ZON-118,sedan,3,2,0.3333333333333333,1.1111111111111112,0.6666666666666667
2026-01-08,ZON-042,sedan,4,2,0.5000000000000000,4.391666666666667,0.5000000000000000
2026-01-08,ZON-039,mini,8,5,0.1250000000000000,3.286111111111111,0.6250000000000000
2026-01-08,ZON-019,auto,8,5,0.3750000000000000,2.6416666666666666,0.8750000000000000
2026-01-08,ZON-106,sedan,4,1,0.7500000000000000,5.733333333333333,0.5000000000000000
2026-01-08,ZON-009,mini,5,4,0E-16,2.1791666666666667,0.4000000000000000
2026-01-08,ZON-034,mini,3,2,0.3333333333333333,3.9,1.0000000000000000
2026-01-08,ZON-040,mini,10,5,0.2000000000000000,3.6476190476190475,0.6000000000000000
2026-01-08,ZON-116,sedan,4,2,0.2500000000000000,4.6,0.2500000000000000
2026-01-08,ZON-083,bike_taxi,3,3,0E-16,0.888888888888889,0.6666666666666667
2026-01-08,ZON-108,auto,4,3,0.2500000000000000,3.8666666666666667,0.5000000000000000
2026-01-08,ZON-039,sedan,5,5,0E-16,2.7766666666666664,0.6000000000000000
2026-01-08,ZON-104,bike_taxi,3,2,0.3333333333333333,3.511111111111111,0E-16
2026-01-08,ZON-092,bike_taxi,8,5,0.3750000000000000,2.9291666666666667,0.3750000000000000
2026-01-08,ZON-023,auto,7,5,0.1428571428571429,3.930555555555556,0.4285714285714286
2026-01-08,ZON-001,sedan,6,4,0.1666666666666667,3.533333333333333,0.3333333333333333
2026-01-08,ZON-026,sedan,6,3,0.3333333333333333,4.066666666666666,0.6666666666666667
2026-01-08,ZON-068,bike_taxi,2,2,0E-16,1.8583333333333334,0E-16
2026-01-09,ZON-051,bike_taxi,3,2,0.3333333333333333,3.9833333333333334,0.3333333333333333
2026-01-09,ZON-058,mini,5,3,0.2000000000000000,3.220833333333333,0.4000000000000000
2026-01-09,ZON-090,bike_taxi,5,4,0E-16,2.3208333333333333,0.4000000000000000
2026-01-09,ZON-027,bike_taxi,6,5,0.1666666666666667,4.027777777777778,0.5000000000000000
2026-01-09,ZON-019,mini,5,5,0E-16,2.2,0.4000000000000000
2026-01-09,ZON-108,bike_taxi,6,2,0.3333333333333333,3.0708333333333333,0.5000000000000000
2026-01-09,ZON-101,sedan,6,5,0E-16,4.13,0.3333333333333333
2026-01-09,ZON-075,mini,5,4,0E-16,3.675,0.8000000000000000
2026-01-09,ZON-067,sedan,6,4,0.1666666666666667,5.233333333333333,0.3333333333333333
2026-01-09,ZON-120,bike_taxi,5,4,0.2000000000000000,3.0866666666666664,0.6000000000000000
2026-01-09,ZON-097,bike_taxi,3,0,0.3333333333333333,6.133333333333334,0.6666666666666667
2026-01-09,ZON-071,mini,6,3,0.3333333333333333,1.9400000000000002,0.5000000000000000
2026-01-09,ZON-067,auto,6,4,0.1666666666666667,3.27,0.1666666666666667
2026-01-09,ZON-081,sedan,8,6,0.1250000000000000,2.9023809523809523,0.2500000000000000
2026-01-09,ZON-093,mini,4,3,0.2500000000000000,3.1458333333333335,0.5000000000000000
2026-01-09,ZON-049,mini,4,3,0.2500000000000000,3.283333333333333,0.7500000000000000
2026-01-09,ZON-026,bike_taxi,2,2,0E-16,2.966666666666667,1.0000000000000000
2026-01-10,ZON-098,mini,6,3,0.3333333333333333,3.893333333333333,0.6666666666666667
2026-01-10,ZON-079,bike_taxi,5,2,0.4000000000000000,3.566666666666667,0.6000000000000000
2026-01-10,ZON-010,mini,9,4,0.3333333333333333,4.188095238095238,0.4444444444444444
2026-01-10,ZON-051,mini,11,4,0.3636363636363636,3.4166666666666665,0.4545454545454545
2026-01-10,ZON-089,mini,5,4,0E-16,3.120833333333333,0.4000000000000000
2026-01-10,ZON-043,mini,9,6,0E-16,4.491666666666666,0.7777777777777778
2026-01-10,ZON-107,sedan,3,1,0.6666666666666667,3.6166666666666667,1.0000000000000000
2026-01-10,ZON-114,sedan,3,1,0.3333333333333333,4.825,0.6666666666666667
2026-01-10,ZON-064,mini,9,7,0.2222222222222222,2.9777777777777774,0.4444444444444444
2026-01-10,ZON-048,sedan,5,3,0E-16,4.705555555555555,0.6000000000000000
2026-01-10,ZON-111,auto,6,4,0E-16,2.5166666666666666,0.8333333333333333
2026-01-10,ZON-114,mini,8,5,0.2500000000000000,3.797619047619048,0.6250000000000000
2026-01-10,ZON-024,mini,11,7,0.2727272727272727,4.316666666666666,0.5454545454545455
2026-01-10,ZON-040,sedan,4,1,0.5000000000000000,2.8833333333333333,0.2500000000000000
2026-01-10,ZON-091,auto,6,2,0.5000000000000000,1.4733333333333334,0.6666666666666667
2026-01-10,ZON-053,auto,5,2,0.4000000000000000,2.995833333333333,0.6000000000000000
2026-01-10,ZON-115,sedan,3,1,0.3333333333333333,1.2083333333333333,0.6666666666666667
2026-01-10,ZON-082,bike_taxi,4,3,0E-16,2.8333333333333335,0.5000000000000000
2026-01-10,ZON-035,auto,3,1,0.6666666666666667,4.5,1.0000000000000000
2026-01-10,ZON-083,sedan,3,2,0E-16,5.95,0.3333333333333333
2026-01-11,ZON-046,bike_taxi,8,8,0E-16,3.8375,0.7500000000000000
2026-01-11,ZON-083,sedan,5,4,0.2000000000000000,2.0633333333333335,0.8000000000000000
2026-01-11,ZON-035,mini,7,5,0.1428571428571429,3.1666666666666665,0.7142857142857143
2026-01-11,ZON-054,bike_taxi,4,1,0.7500000000000000,3.7708333333333335,0.5000000000000000
2026-01-11,ZON-015,sedan,4,3,0E-16,4.655555555555555,0.2500000000000000
2026-01-11,ZON-118,bike_taxi,8,6,0.2500000000000000,3.73125,0.2500000000000000
2026-01-11,ZON-083,bike_taxi,7,5,0.2857142857142857,4.4,0.5714285714285714
2026-01-11,ZON-106,bike_taxi,4,3,0.2500000000000000,4.1,0.5000000000000000
2026-01-11,ZON-014,auto,6,4,0.3333333333333333,2.011111111111111,0.6666666666666667
2026-01-11,ZON-120,auto,7,4,0.2857142857142857,4.208333333333333,0.2857142857142857
2026-01-11,ZON-014,mini,4,4,0E-16,3.7666666666666666,0.5000000000000000
2026-01-11,ZON-061,sedan,7,4,0.1428571428571429,2.3366666666666664,0.5714285714285714
2026-01-11,ZON-015,auto,2,2,0E-16,1.7083333333333333,1.0000000000000000
2026-01-11,ZON-069,mini,4,4,0E-16,3.470833333333333,0.5000000000000000
2026-01-11,ZON-060,auto,7,4,0.2857142857142857,2.6194444444444445,0.4285714285714286
2026-01-11,ZON-116,bike_taxi,5,2,0.6000000000000000,4.47,0.8000000000000000
2026-01-11,ZON-062,bike_taxi,6,3,0.1666666666666667,2.8583333333333334,0.3333333333333333
2026-01-11,ZON-076,sedan,1,0,1.0000000000000000,6.216666666666667,0E-16
2026-01-11,ZON-112,sedan,1,1,0E-16,4.633333333333334,0E-16
2026-01-11,ZON-107,bike_taxi,2,2,0E-16,1.85,0.5000000000000000
2026-01-11,ZON-003,sedan,3,3,0E-16,2.8333333333333335,0.6666666666666667
2026-01-12,ZON-049,bike_taxi,4,2,0.5000000000000000,3.4375,0.5000000000000000
2026-01-12,ZON-096,bike_taxi,9,6,0.3333333333333333,2.962962962962963,0.8888888888888889
2026-01-12,ZON-028,bike_taxi,6,5,0.1666666666666667,3.7916666666666665,0.8333333333333333
2026-01-12,ZON-062,bike_taxi,5,4,0.2000000000000000,5.423333333333333,1.0000000000000000
2026-01-12,ZON-035,mini,8,3,0.6250000000000000,4.7625,0.3750000000000000
2026-01-12,ZON-019,mini,4,3,0.2500000000000000,2.9458333333333333,0.5000000000000000
2026-01-12,ZON-065,sedan,4,4,0E-16,3.2333333333333334,0.2500000000000000
2026-01-12,ZON-072,auto,6,4,0.1666666666666667,4.553333333333333,0.3333333333333333
2026-01-12,ZON-018,sedan,6,5,0E-16,3.4133333333333336,0.1666666666666667
2026-01-12,ZON-022,sedan,5,4,0E-16,3.816666666666667,0E-16
2026-01-12,ZON-008,auto,6,3,0.3333333333333333,3.02,0.5000000000000000
2026-01-12,ZON-069,sedan,2,1,0E-16,6.666666666666667,0E-16
2026-01-12,ZON-064,bike_taxi,4,2,0.5000000000000000,4.979166666666667,0.7500000000000000
2026-01-12,ZON-004,sedan,4,2,0.5000000000000000,1.5958333333333334,0.7500000000000000
2026-01-12,ZON-035,sedan,6,3,0.5000000000000000,4.575,0.3333333333333333
2026-01-12,ZON-001,mini,2,1,0.5000000000000000,6.566666666666666,0.5000000000000000
2026-01-12,ZON-099,mini,4,1,0.2500000000000000,2.2333333333333334,0.7500000000000000
2026-01-12,ZON-067,mini,4,3,0E-16,3.2333333333333334,0.2500000000000000
2026-01-12,ZON-083,sedan,1,0,1.0000000000000000,3.216666666666667,0E-16
2026-01-12,ZON-043,mini,9,5,0.1111111111111111,3.361111111111111,0.3333333333333333
2026-01-12,ZON-001,bike_taxi,1,1,0E-16,6.716666666666667,1.0000000000000000
2026-01-12,ZON-012,bike_taxi,3,3,0E-16,3.138888888888889,0.6666666666666667
2026-01-13,ZON-017,bike_taxi,8,7,0.1250000000000000,2.9625,0.5000000000000000
2026-01-13,ZON-008,bike_taxi,7,5,0.1428571428571429,4.591666666666667,0.4285714285714286
2026-01-13,ZON-093,auto,9,6,0.3333333333333333,4.211111111111111,0.5555555555555556
2026-01-13,ZON-030,mini,12,8,0.3333333333333333,2.7291666666666665,0.5000000000000000
2026-01-13,ZON-015,bike_taxi,6,4,0.3333333333333333,4.444444444444445,0E-16
2026-01-13,ZON-101,auto,11,8,0.1818181818181818,4.548333333333333,0.4545454545454545
2026-01-13,ZON-080,sedan,11,8,0.2727272727272727,2.777272727272727,0.3636363636363636
2026-01-13,ZON-095,bike_taxi,4,3,0E-16,5.288888888888889,0.5000000000000000
2026-01-13,ZON-017,auto,11,6,0.3636363636363636,3.756666666666667,0.6363636363636364
2026-01-13,ZON-028,auto,8,5,0.3750000000000000,4.247916666666667,0.3750000000000000
2026-01-13,ZON-040,sedan,6,4,0E-16,3.6041666666666665,0.5000000000000000
2026-01-13,ZON-103,bike_taxi,1,1,0E-16,4.766666666666667,0E-16
2026-01-13,ZON-068,bike_taxi,4,1,0.7500000000000000,3.129166666666667,0.5000000000000000
2026-01-13,ZON-019,mini,9,4,0.3333333333333333,4.216666666666667,0.3333333333333333
2026-01-13,ZON-029,bike_taxi,3,2,0.3333333333333333,3.033333333333333,0.3333333333333333
2026-01-13,ZON-064,sedan,3,1,0.6666666666666667,2.988888888888889,0.6666666666666667
2026-01-13,ZON-098,auto,2,1,0.5000000000000000,3.6333333333333333,0.5000000000000000
2026-01-13,ZON-065,sedan,2,1,0.5000000000000000,5.466666666666667,0E-16
2026-01-14,ZON-092,auto,12,8,0.3333333333333333,3.225,0.7500000000000000
2026-01-14,ZON-105,bike_taxi,5,4,0.2000000000000000,1.84,0.6000000000000000
2026-01-14,ZON-056,auto,4,2,0.5000000000000000,3.55,0.5000000000000000
2026-01-14,ZON-015,mini,6,5,0.1666666666666667,4.830555555555555,0.6666666666666667
2026-01-14,ZON-100,auto,8,7,0E-16,3.552380952380952,0.7500000000000000
2026-01-14,ZON-063,mini,15,11,0.1333333333333333,3.373076923076923,0.6000000000000000
2026-01-14,ZON-069,sedan,3,1,0.3333333333333333,2.966666666666667,0.6666666666666667
2026-01-14,ZON-021,mini,8,5,0.2500000000000000,3.542857142857143,0.3750000000000000
2026-01-14,ZON-012,auto,7,4,0.2857142857142857,5.294444444444445,0.5714285714285714
2026-01-14,ZON-086,sedan,5,2,0.4000000000000000,3.3833333333333333,0.6000000000000000
2026-01-14,ZON-048,auto,12,7,0.2500000000000000,4.065,0.5000000000000000
2026-01-14,ZON-112,bike_taxi,5,4,0E-16,4.216666666666667,0.4000000000000000
2026-01-14,ZON-109,auto,3,2,0.3333333333333333,5.261111111111111,0E-16
2026-01-14,ZON-052,sedan,3,0,0.6666666666666667,5.15,0.6666666666666667
2026-01-14,ZON-066,sedan,3,2,0.3333333333333333,2.15,0.6666666666666667
2026-01-14,ZON-074,sedan,1,1,0E-16,6.15,1.0000000000000000
2026-01-14,ZON-115,sedan,2,0,0.5000000000000000,5.333333333333333,0.5000000000000000
2026-01-14,ZON-055,mini,1,1,0E-16,1.2333333333333334,0E-16
2026-01-01,ZON-089,mini,7,3,0.4285714285714286,4.297222222222222,0.2857142857142857
2026-01-01,ZON-024,mini,9,3,0.5555555555555556,4.414583333333334,0.7777777777777778
2026-01-01,ZON-022,auto,7,6,0.1428571428571429,4.0095238095238095,0.5714285714285714
2026-01-01,ZON-043,mini,3,2,0.3333333333333333,3.7444444444444445,1.0000000000000000
2026-01-01,ZON-074,auto,6,2,0.5000000000000000,2.4733333333333336,0.8333333333333333
2026-01-01,ZON-117,sedan,3,1,0.6666666666666667,2.966666666666667,0.6666666666666667
2026-01-01,ZON-097,bike_taxi,3,1,0.6666666666666667,2.4555555555555557,0.6666666666666667
2026-01-01,ZON-079,bike_taxi,4,3,0.2500000000000000,1.8625,0.2500000000000000
2026-01-01,ZON-079,sedan,8,5,0.2500000000000000,2.9857142857142858,0.3750000000000000
2026-01-01,ZON-068,bike_taxi,7,6,0.1428571428571429,3.9785714285714286,0.4285714285714286
2026-01-01,ZON-027,auto,6,5,0.1666666666666667,4.805555555555555,0.6666666666666667
2026-01-01,ZON-082,mini,9,6,0.2222222222222222,2.3666666666666667,0.6666666666666667
2026-01-01,ZON-072,auto,5,3,0.2000000000000000,2.4375,0.8000000000000000
2026-01-01,ZON-046,auto,10,7,0.2000000000000000,3.759259259259259,0.3000000000000000
2026-01-01,ZON-040,bike_taxi,3,3,0E-16,3.8222222222222224,0E-16
2026-01-01,ZON-073,bike_taxi,5,3,0.2000000000000000,5.308333333333334,0.6000000000000000
2026-01-01,ZON-051,bike_taxi,4,4,0E-16,4.179166666666666,0.2500000000000000
2026-01-01,ZON-071,bike_taxi,3,2,0E-16,1.0416666666666667,0.6666666666666667
2026-01-01,ZON-023,mini,2,1,0.5000000000000000,4.625,0.5000000000000000
2026-01-02,ZON-086,mini,9,7,0.2222222222222222,3.4555555555555557,0.5555555555555556
2026-01-02,ZON-023,mini,7,6,0E-16,2.886111111111111,0.1428571428571429
2026-01-02,ZON-118,auto,10,4,0.1000000000000000,3.6533333333333333,0.8000000000000000
2026-01-02,ZON-079,bike_taxi,8,3,0.6250000000000000,4.072916666666667,0.3750000000000000
2026-01-02,ZON-003,mini,4,2,0E-16,3.175,0.5000000000000000
2026-01-02,ZON-028,bike_taxi,1,1,0E-16,0.48333333333333334,1.0000000000000000
2026-01-02,ZON-058,mini,6,5,0E-16,4.180000000000001,0.1666666666666667
2026-01-02,ZON-095,sedan,3,2,0.3333333333333333,4.0777777777777775,0E-16
2026-01-02,ZON-074,bike_taxi,3,2,0.3333333333333333,3.6666666666666665,0.6666666666666667
2026-01-02,ZON-084,sedan,5,3,0.2000000000000000,3.2708333333333335,0.8000000000000000
2026-01-02,ZON-114,auto,5,2,0.6000000000000000,3.6133333333333337,0.6000000000000000
2026-01-02,ZON-046,sedan,6,2,0.5000000000000000,3.43,0.8333333333333333
2026-01-03,ZON-023,mini,9,8,0.1111111111111111,3.438888888888889,0.3333333333333333
2026-01-03,ZON-069,mini,10,7,0.3000000000000000,3.1783333333333332,0.7000000000000000
2026-01-03,ZON-073,bike_taxi,12,8,0.2500000000000000,4.016666666666667,0.6666666666666667
2026-01-03,ZON-007,auto,9,5,0.2222222222222222,4.826190476190476,0.4444444444444444
2026-01-03,ZON-057,mini,7,4,0.1428571428571429,2.9133333333333336,0.7142857142857143
2026-01-03,ZON-003,bike_taxi,10,7,0.3000000000000000,3.32,0.6000000000000000
2026-01-03,ZON-004,sedan,7,5,0E-16,2.5,0.4285714285714286
2026-01-03,ZON-047,sedan,5,5,0E-16,4.13,0.2000000000000000
2026-01-03,ZON-110,auto,7,4,0.4285714285714286,4.185714285714286,0.7142857142857143
2026-01-03,ZON-052,bike_taxi,9,5,0.2222222222222222,3.552380952380952,0.4444444444444444
2026-01-03,ZON-020,auto,4,4,0E-16,2.3041666666666667,1.0000000000000000
2026-01-03,ZON-112,auto,7,6,0.1428571428571429,5.066666666666666,0.5714285714285714
2026-01-03,ZON-056,mini,5,3,0.2000000000000000,2.9791666666666665,0.6000000000000000
2026-01-03,ZON-074,bike_taxi,9,6,0.2222222222222222,3.560416666666667,0.6666666666666667
2026-01-03,ZON-017,sedan,5,4,0.2000000000000000,4.506666666666666,0.6000000000000000
2026-01-03,ZON-077,sedan,4,3,0E-16,2.805555555555556,0.7500000000000000
2026-01-03,ZON-040,sedan,7,4,0.4285714285714286,3.530952380952381,0.8571428571428571
2026-01-04,ZON-024,sedan,3,2,0E-16,2.55,0.3333333333333333
2026-01-04,ZON-078,auto,9,4,0.3333333333333333,3.778571428571429,0.7777777777777778
2026-01-04,ZON-030,auto,9,6,0.3333333333333333,2.7981481481481483,0.5555555555555556
2026-01-04,ZON-064,auto,6,4,0.3333333333333333,4.5055555555555555,0.3333333333333333
2026-01-04,ZON-033,auto,7,4,0.1428571428571429,4.71,0.7142857142857143
2026-01-04,ZON-047,bike_taxi,7,3,0.2857142857142857,3.3033333333333332,0.4285714285714286
2026-01-04,ZON-077,bike_taxi,8,5,0.1250000000000000,6.363888888888889,0.5000000000000000
2026-01-04,ZON-042,sedan,6,2,0.5000000000000000,1.9733333333333334,0.1666666666666667
2026-01-04,ZON-011,mini,3,3,0E-16,2.183333333333333,1.0000000000000000
2026-01-04,ZON-070,auto,8,7,0.1250000000000000,3.3375,0.7500000000000000
2026-01-04,ZON-003,bike_taxi,2,2,0E-16,2.408333333333333,0.5000000000000000
2026-01-04,ZON-075,auto,4,1,0.5000000000000000,5.061111111111112,0.2500000000000000
2026-01-04,ZON-076,auto,3,1,0E-16,4.416666666666667,0.6666666666666667
2026-01-04,ZON-080,bike_taxi,2,1,0.5000000000000000,4.233333333333333,1.0000000000000000
2026-01-04,ZON-035,auto,2,2,0E-16,4.608333333333333,0.5000000000000000
2026-01-04,ZON-023,bike_taxi,4,3,0.2500000000000000,4.733333333333333,0.7500000000000000
2026-01-05,ZON-019,auto,7,4,0.4285714285714286,3.1523809523809523,0.4285714285714286
2026-01-05,ZON-117,mini,11,6,0.4545454545454545,3.607575757575758,0.7272727272727273
2026-01-05,ZON-098,mini,11,7,0.1818181818181818,3.446296296296296,0.5454545454545455
2026-01-05,ZON-115,sedan,5,2,0.4000000000000000,5.129166666666666,1.0000000000000000
2026-01-05,ZON-107,mini,8,6,0.1250000000000000,4.988095238095238,0.6250000000000000
2026-01-05,ZON-017,sedan,5,3,0E-16,3.2222222222222223,0.8000000000000000
2026-01-05,ZON-066,mini,9,5,0.1111111111111111,3.8694444444444445,0.2222222222222222
2026-01-05,ZON-084,sedan,3,1,0E-16,1.5833333333333333,0.3333333333333333
2026-01-05,ZON-036,auto,9,6,0.2222222222222222,3.825,0.7777777777777778
2026-01-05,ZON-115,mini,12,10,0.1666666666666667,3.8694444444444445,0.6666666666666667
2026-01-05,ZON-040,auto,3,1,0.3333333333333333,1.2,0.3333333333333333
2026-01-05,ZON-100,sedan,5,4,0.2000000000000000,3.6933333333333334,0.8000000000000000
2026-01-05,ZON-046,bike_taxi,7,5,0.1428571428571429,3.438888888888889,0.8571428571428571
2026-01-05,ZON-074,mini,7,3,0.5714285714285714,4.816666666666666,0.7142857142857143
2026-01-05,ZON-006,sedan,7,4,0.4285714285714286,3.9785714285714286,0.4285714285714286
2026-01-05,ZON-108,sedan,5,4,0.2000000000000000,3.33,0.4000000000000000
2026-01-05,ZON-005,mini,3,2,0E-16,4.125,0.6666666666666667
2026-01-05,ZON-092,sedan,2,1,0.5000000000000000,3.066666666666667,1.0000000000000000
2026-01-05,ZON-065,sedan,1,1,0E-16,3.1333333333333333,1.0000000000000000
2026-01-05,ZON-089,sedan,2,2,0E-16,2.2583333333333333,0.5000000000000000
2026-01-04,ZON-047,auto,2,1,0.5000000000000000,3.808333333333333,0.5000000000000000
2026-01-05,ZON-039,bike_taxi,2,2,0E-16,3.341666666666667,1.0000000000000000
2026-01-06,ZON-061,auto,7,6,0.1428571428571429,3.4642857142857144,0.5714285714285714
2026-01-06,ZON-101,auto,6,4,0.1666666666666667,4.636666666666667,0.5000000000000000
2026-01-06,ZON-020,bike_taxi,4,2,0.5000000000000000,4.225,0.5000000000000000
2026-01-06,ZON-072,bike_taxi,5,3,0.4000000000000000,3.8633333333333337,0.4000000000000000
2026-01-06,ZON-022,sedan,9,3,0.3333333333333333,2.863888888888889,0.4444444444444444
2026-01-06,ZON-023,auto,8,4,0.2500000000000000,3.55,1.0000000000000000
2026-01-06,ZON-092,mini,6,3,0.3333333333333333,3.9099999999999997,0.3333333333333333
2026-01-06,ZON-067,auto,7,4,0.2857142857142857,3.5194444444444444,0.2857142857142857
2026-01-06,ZON-013,sedan,2,1,0.5000000000000000,4.583333333333333,0.5000000000000000
2026-01-06,ZON-031,auto,8,3,0.6250000000000000,2.8833333333333333,1.0000000000000000
2026-01-06,ZON-043,sedan,4,2,0.2500000000000000,4.116666666666666,0.5000000000000000
2026-01-06,ZON-111,bike_taxi,5,4,0.2000000000000000,3.606666666666667,0.6000000000000000
2026-01-06,ZON-006,sedan,5,2,0.6000000000000000,3.4733333333333336,0.6000000000000000
2026-01-06,ZON-087,bike_taxi,3,3,0E-16,3.688888888888889,0.6666666666666667
2026-01-06,ZON-034,mini,8,4,0.3750000000000000,3.778571428571429,0.5000000000000000
2026-01-06,ZON-071,bike_taxi,3,2,0E-16,3.675,0.6666666666666667
2026-01-06,ZON-056,sedan,3,1,0.3333333333333333,6.333333333333333,0.3333333333333333
2026-01-06,ZON-019,mini,3,1,0.6666666666666667,1.2555555555555555,1.0000000000000000
2026-01-07,ZON-007,auto,7,5,0.2857142857142857,4.676190476190476,0E-16
2026-01-07,ZON-014,sedan,4,3,0E-16,5.616666666666666,0.2500000000000000
2026-01-07,ZON-060,bike_taxi,5,4,0.2000000000000000,4.1433333333333335,0.8000000000000000
2026-01-07,ZON-050,mini,5,4,0.2000000000000000,3.243333333333333,0.6000000000000000
2026-01-07,ZON-048,bike_taxi,7,3,0.4285714285714286,4.327777777777778,0.7142857142857143
2026-01-07,ZON-050,sedan,6,4,0.3333333333333333,2.6277777777777778,0.3333333333333333
2026-01-07,ZON-098,mini,9,7,0.1111111111111111,4.675,0.5555555555555556
2026-01-07,ZON-027,bike_taxi,4,3,0.2500000000000000,4.791666666666667,0.7500000000000000
2026-01-07,ZON-075,mini,5,3,0.4000000000000000,3.5366666666666666,0.2000000000000000
2026-01-07,ZON-033,sedan,6,0,0.5000000000000000,2.9777777777777774,0.3333333333333333
2026-01-07,ZON-003,bike_taxi,3,3,0E-16,5.788888888888889,0.6666666666666667
2026-01-07,ZON-047,mini,6,4,0.1666666666666667,3.6933333333333334,0.6666666666666667
2026-01-07,ZON-019,sedan,4,4,0E-16,2.9541666666666666,0.7500000000000000
2026-01-07,ZON-005,sedan,5,2,0.4000000000000000,4.675,0.8000000000000000
2026-01-07,ZON-014,mini,4,2,0.5000000000000000,6.216666666666667,0.5000000000000000
2026-01-07,ZON-030,sedan,4,4,0E-16,3.725,0E-16
2026-01-07,ZON-017,bike_taxi,5,2,0.6000000000000000,5.2,0.4000000000000000
2026-01-08,ZON-067,auto,8,5,0.2500000000000000,2.8595238095238096,0.7500000000000000
2026-01-08,ZON-041,bike_taxi,8,5,0.3750000000000000,3.9854166666666666,0.6250000000000000
2026-01-08,ZON-059,mini,7,3,0.4285714285714286,5.061111111111112,0.2857142857142857
2026-01-08,ZON-055,mini,11,8,0.1818181818181818,3.7633333333333336,0.3636363636363636
2026-01-08,ZON-027,auto,8,6,0.1250000000000000,4.461904761904762,0.7500000000000000
2026-01-08,ZON-112,bike_taxi,8,7,0.1250000000000000,3.8958333333333335,0.5000000000000000
2026-01-08,ZON-030,mini,10,9,0.1000000000000000,3.5966666666666667,0.4000000000000000
2026-01-08,ZON-018,mini,4,2,0E-16,1.575,0E-16
2026-01-08,ZON-062,auto,7,5,0.2857142857142857,4.357142857142858,0.7142857142857143
2026-01-08,ZON-021,bike_taxi,5,2,0.4000000000000000,3.779166666666667,0.8000000000000000
2026-01-08,ZON-084,sedan,2,2,0E-16,5.85,1.0000000000000000
2026-01-08,ZON-020,auto,10,5,0.1000000000000000,4.122222222222223,0.3000000000000000
2026-01-08,ZON-014,bike_taxi,7,3,0.1428571428571429,4.358333333333333,0.5714285714285714
2026-01-08,ZON-098,bike_taxi,3,2,0.3333333333333333,2.9,1.0000000000000000
2026-01-09,ZON-065,sedan,7,5,0.2857142857142857,3.230952380952381,0.4285714285714286
2026-01-09,ZON-024,bike_taxi,8,3,0.3750000000000000,3.680555555555556,0.7500000000000000
2026-01-09,ZON-096,auto,6,5,0.1666666666666667,3.361111111111111,0.3333333333333333
2026-01-09,ZON-108,mini,6,3,0.3333333333333333,4.423333333333333,0.5000000000000000
2026-01-09,ZON-099,bike_taxi,4,3,0E-16,2.738888888888889,0.2500000000000000
2026-01-09,ZON-082,mini,5,2,0.6000000000000000,3.1766666666666667,0.8000000000000000
2026-01-09,ZON-037,mini,5,4,0.2000000000000000,3.4066666666666667,0.4000000000000000
2026-01-09,ZON-032,sedan,4,2,0.5000000000000000,4.0375,0.7500000000000000
2026-01-09,ZON-106,mini,8,4,0.2500000000000000,3.375,0.3750000000000000
2026-01-09,ZON-100,auto,7,4,0.2857142857142857,3.3472222222222223,0.4285714285714286
2026-01-09,ZON-023,bike_taxi,9,4,0.4444444444444444,3.558333333333333,0.8888888888888889
2026-01-09,ZON-084,mini,6,3,0.1666666666666667,4.120833333333334,0.3333333333333333
2026-01-09,ZON-044,sedan,5,4,0.2000000000000000,4.586666666666667,0.8000000000000000
2026-01-09,ZON-053,auto,6,5,0.1666666666666667,2.433333333333333,0.3333333333333333
2026-01-09,ZON-104,sedan,7,5,0.1428571428571429,3.25,0.7142857142857143
2026-01-09,ZON-015,bike_taxi,6,3,0.3333333333333333,3.4833333333333334,0.3333333333333333
2026-01-09,ZON-048,auto,8,5,0.2500000000000000,3.2857142857142856,0.6250000000000000
2026-01-09,ZON-095,sedan,2,2,0E-16,1.9,0E-16
2026-01-09,ZON-110,mini,4,4,0E-16,3.6375,0.7500000000000000
2026-01-09,ZON-034,bike_taxi,2,1,0.5000000000000000,2.3916666666666666,0.5000000000000000
2026-01-09,ZON-051,sedan,4,2,0.2500000000000000,4.783333333333333,0.7500000000000000
2026-01-09,ZON-092,sedan,5,3,0.2000000000000000,3.4625,0.4000000000000000
2026-01-08,ZON-107,auto,3,2,0E-16,4.908333333333333,0.3333333333333333
2026-01-10,ZON-099,bike_taxi,7,5,0.2857142857142857,4.257142857142857,0.4285714285714286
2026-01-10,ZON-038,auto,9,6,0E-16,3.85,0.7777777777777778
2026-01-10,ZON-109,auto,7,5,0.2857142857142857,3.9738095238095235,0.2857142857142857
2026-01-10,ZON-090,bike_taxi,7,5,0.1428571428571429,3.425,0.5714285714285714
2026-01-10,ZON-065,auto,10,7,0.3000000000000000,3.54,0.7000000000000000
2026-01-10,ZON-045,bike_taxi,2,1,0E-16,1.4333333333333333,0E-16
2026-01-10,ZON-030,mini,8,6,0.2500000000000000,3.064583333333333,0.5000000000000000
2026-01-10,ZON-033,sedan,4,3,0E-16,4.811111111111112,0.5000000000000000
2026-01-10,ZON-054,bike_taxi,3,2,0E-16,1.775,0.6666666666666667
2026-01-10,ZON-111,sedan,5,3,0.2000000000000000,4.65,0.8000000000000000
2026-01-10,ZON-011,sedan,2,2,0E-16,5.566666666666666,1.0000000000000000
2026-01-10,ZON-041,mini,7,6,0.1428571428571429,3.552380952380952,0.5714285714285714
2026-01-10,ZON-069,mini,8,3,0.6250000000000000,5.36875,0.5000000000000000
2026-01-10,ZON-087,mini,5,2,0.2000000000000000,0.9111111111111111,0.6000000000000000
2026-01-10,ZON-070,bike_taxi,3,3,0E-16,3.933333333333333,0.3333333333333333
2026-01-10,ZON-050,bike_taxi,6,5,0.1666666666666667,3.6472222222222226,0.8333333333333333
2026-01-10,ZON-108,bike_taxi,1,0,0E-16,,0E-16
2026-01-11,ZON-079,bike_taxi,6,3,0.1666666666666667,5.3,0.6666666666666667
2026-01-11,ZON-053,bike_taxi,7,5,0.2857142857142857,3.119047619047619,0.5714285714285714
2026-01-11,ZON-071,mini,11,8,0.1818181818181818,3.4266666666666667,0.4545454545454545
2026-01-11,ZON-024,bike_taxi,4,3,0.2500000000000000,3.0625,0.5000000000000000
2026-01-11,ZON-038,mini,8,5,0.2500000000000000,2.75952380952381,0.5000000000000000
2026-01-11,ZON-066,mini,4,1,0.5000000000000000,3.7277777777777774,0.7500000000000000
2026-01-11,ZON-100,mini,9,8,0.1111111111111111,3.698148148148148,0.6666666666666667
2026-01-11,ZON-033,bike_taxi,6,4,0E-16,3.904166666666667,0.6666666666666667
2026-01-11,ZON-044,auto,4,3,0.2500000000000000,4.158333333333333,1.0000000000000000
2026-01-11,ZON-034,bike_taxi,5,2,0.2000000000000000,4.75,0.4000000000000000
2026-01-11,ZON-044,mini,12,9,0.1666666666666667,4.184848484848485,0.3333333333333333
2026-01-11,ZON-030,sedan,3,1,0E-16,2.6,0.6666666666666667
2026-01-11,ZON-086,auto,5,3,0.4000000000000000,2.8666666666666667,0.6000000000000000
2026-01-11,ZON-089,sedan,4,1,0.7500000000000000,4.433333333333334,0.2500000000000000
2026-01-11,ZON-085,mini,3,3,0E-16,4.5055555555555555,0.6666666666666667
2026-01-11,ZON-021,auto,6,2,0.5000000000000000,2.68,0.8333333333333333
2026-01-11,ZON-117,mini,9,8,0E-16,1.925,0.5555555555555556
2026-01-11,ZON-065,auto,4,1,0.7500000000000000,3.7958333333333334,0.5000000000000000
2026-01-11,ZON-097,bike_taxi,3,2,0.3333333333333333,5.383333333333334,0.6666666666666667
2026-01-11,ZON-031,sedan,2,2,0E-16,4.016666666666667,0E-16
2026-01-12,ZON-120,auto,6,3,0.1666666666666667,3.7041666666666666,0.5000000000000000
2026-01-12,ZON-013,bike_taxi,7,4,0.2857142857142857,4.175,0.4285714285714286
2026-01-12,ZON-074,bike_taxi,5,3,0.4000000000000000,3.51,0.2000000000000000
2026-01-12,ZON-072,mini,9,8,0.1111111111111111,4.868518518518518,0.5555555555555556
2026-01-12,ZON-089,mini,3,2,0.3333333333333333,2.2722222222222226,0.6666666666666667
2026-01-12,ZON-023,bike_taxi,4,3,0E-16,4.411111111111111,0.5000000000000000
2026-01-12,ZON-025,mini,11,5,0.4545454545454545,3.3983333333333334,0.3636363636363636
2026-01-12,ZON-094,auto,7,5,0.1428571428571429,3.844444444444444,0.7142857142857143
2026-01-12,ZON-065,bike_taxi,5,3,0.2000000000000000,3.4166666666666665,0.4000000000000000
2026-01-12,ZON-074,mini,7,4,0.4285714285714286,3.1333333333333333,0.5714285714285714
2026-01-12,ZON-046,bike_taxi,8,7,0E-16,3.5142857142857142,0.7500000000000000
2026-01-12,ZON-056,bike_taxi,5,4,0E-16,4.225,0.6000000000000000
2026-01-12,ZON-083,auto,6,5,0E-16,4.9,0.5000000000000000
2026-01-12,ZON-060,auto,2,0,1.0000000000000000,2.216666666666667,0.5000000000000000
2026-01-12,ZON-005,auto,3,2,0.3333333333333333,4.127777777777777,0.6666666666666667
2026-01-12,ZON-051,auto,6,3,0.3333333333333333,3.31,0.6666666666666667
2026-01-12,ZON-083,bike_taxi,9,2,0.6666666666666667,3.1,0.2222222222222222
2026-01-12,ZON-050,auto,12,7,0.4166666666666667,3.2708333333333335,0.8333333333333333
2026-01-12,ZON-071,sedan,4,1,0.2500000000000000,4.991666666666666,0.7500000000000000
2026-01-12,ZON-085,sedan,4,3,0.2500000000000000,4.1625,0.7500000000000000
2026-01-13,ZON-032,auto,1,1,0E-16,6.216666666666667,1.0000000000000000
2026-01-13,ZON-051,bike_taxi,7,4,0.1428571428571429,4.796666666666667,0.5714285714285714
2026-01-13,ZON-096,bike_taxi,6,5,0.1666666666666667,3.8666666666666667,0.5000000000000000
2026-01-13,ZON-044,bike_taxi,6,4,0E-16,2.1041666666666665,0.6666666666666667
2026-01-13,ZON-054,auto,4,2,0.5000000000000000,3.3541666666666665,0.5000000000000000
2026-01-13,ZON-005,auto,4,4,0E-16,3.9166666666666665,1.0000000000000000
2026-01-13,ZON-027,sedan,4,4,0E-16,2.7958333333333334,0.7500000000000000
2026-01-13,ZON-069,sedan,6,6,0E-16,2.275,0.5000000000000000
2026-01-13,ZON-045,bike_taxi,4,2,0.5000000000000000,3.3541666666666665,0.5000000000000000
2026-01-13,ZON-029,mini,13,11,0.0769230769230769,3.7222222222222223,0.6923076923076923
2026-01-13,ZON-061,sedan,7,5,0E-16,4.09,0.2857142857142857
2026-01-13,ZON-073,bike_taxi,8,4,0.2500000000000000,4.947222222222222,0.5000000000000000
2026-01-13,ZON-075,sedan,3,0,0.3333333333333333,6.5,1.0000000000000000
2026-01-13,ZON-012,bike_taxi,4,3,0.2500000000000000,2.3,0.7500000000000000
2026-01-13,ZON-008,mini,3,2,0.3333333333333333,3.588888888888889,0.3333333333333333
2026-01-13,ZON-114,auto,5,5,0E-16,3.18,0.6000000000000000
2026-01-13,ZON-082,auto,2,2,0E-16,1.4416666666666667,1.0000000000000000
2026-01-13,ZON-108,sedan,3,3,0E-16,4.9,0.6666666666666667
2026-01-14,ZON-071,sedan,4,3,0E-16,4.672222222222222,1.0000000000000000
2026-01-14,ZON-016,bike_taxi,4,2,0.5000000000000000,1.1666666666666667,0.5000000000000000
2026-01-14,ZON-072,auto,12,10,0.1666666666666667,4.469444444444445,0.5833333333333333
2026-01-14,ZON-054,sedan,8,5,0.2500000000000000,3.4738095238095235,0.6250000000000000
2026-01-14,ZON-082,auto,9,5,0.1111111111111111,2.5027777777777778,0.4444444444444444
2026-01-14,ZON-120,auto,7,6,0.1428571428571429,3.3047619047619046,0.5714285714285714
2026-01-14,ZON-086,bike_taxi,5,4,0E-16,3.058333333333333,0.2000000000000000
2026-01-14,ZON-069,bike_taxi,6,2,0.5000000000000000,4.456666666666666,0.5000000000000000
2026-01-14,ZON-063,auto,4,2,0.5000000000000000,5.125,1.0000000000000000
2026-01-14,ZON-036,bike_taxi,4,1,0.2500000000000000,3.3833333333333333,0E-16
2026-01-14,ZON-049,auto,8,3,0.5000000000000000,4.083333333333333,0.2500000000000000
2026-01-14,ZON-014,auto,9,6,0.3333333333333333,4.109259259259259,0.5555555555555556
2026-01-14,ZON-003,mini,5,4,0E-16,4.075,0.8000000000000000
2026-01-14,ZON-098,mini,10,5,0.4000000000000000,3.538888888888889,0.6000000000000000
2026-01-14,ZON-078,bike_taxi,4,4,0E-16,3.379166666666667,0.5000000000000000
2026-01-14,ZON-045,sedan,3,2,0.3333333333333333,5.583333333333333,1.0000000000000000
2026-01-14,ZON-120,bike_taxi,4,3,0.2500000000000000,4.620833333333334,1.0000000000000000
2026-01-14,ZON-055,bike_taxi,6,3,0.3333333333333333,3.4833333333333334,0.5000000000000000
2026-01-14,ZON-040,auto,9,7,0.1111111111111111,4.2875,0.7777777777777778
2026-01-14,ZON-007,auto,7,3,0.4285714285714286,3.8972222222222226,0.7142857142857143
2026-01-14,ZON-057,auto,4,2,0E-16,3.966666666666667,0E-16
2026-01-14,ZON-040,bike_taxi,6,4,0.1666666666666667,3.353333333333333,0.5000000000000000
2026-01-14,ZON-092,mini,2,2,0E-16,3.175,0.5000000000000000
2026-01-14,ZON-058,mini,7,4,0.1428571428571429,4.456666666666666,0.8571428571428571
2026-01-14,ZON-076,bike_taxi,4,3,0.2500000000000000,3.279166666666667,0.7500000000000000
2026-01-01,ZON-106,bike_taxi,3,2,0.3333333333333333,3.194444444444444,0E-16
2026-01-01,ZON-077,auto,5,3,0.4000000000000000,2.6266666666666665,0.4000000000000000
2026-01-01,ZON-076,bike_taxi,3,1,0.6666666666666667,3.588888888888889,0.6666666666666667
2026-01-01,ZON-052,bike_taxi,7,5,0.1428571428571429,3.4916666666666667,0.7142857142857143
2026-01-01,ZON-077,sedan,8,5,0.2500000000000000,4.576190476190476,0.1250000000000000
2026-01-01,ZON-051,sedan,3,3,0E-16,1.672222222222222,0.6666666666666667
2026-01-01,ZON-019,mini,8,4,0.2500000000000000,3.936111111111111,0.7500000000000000
2026-01-01,ZON-054,sedan,5,5,0E-16,3.5933333333333333,0.2000000000000000
2026-01-01,ZON-094,bike_taxi,3,2,0E-16,2.3833333333333333,0.6666666666666667
2026-01-01,ZON-041,auto,6,6,0E-16,3.6972222222222224,0.5000000000000000
2026-01-01,ZON-037,bike_taxi,6,4,0.3333333333333333,4.188888888888889,0.3333333333333333
2026-01-01,ZON-004,auto,4,4,0E-16,4.433333333333334,0E-16
2026-01-01,ZON-056,mini,9,8,0.1111111111111111,5.246296296296296,0.6666666666666667
2026-01-01,ZON-065,mini,13,9,0.1538461538461538,3.783333333333333,0.3846153846153846
2026-01-01,ZON-083,mini,5,3,0.2000000000000000,4.5875,0.6000000000000000
2026-01-01,ZON-058,bike_taxi,4,2,0E-16,2.35,0.7500000000000000
2026-01-01,ZON-080,bike_taxi,4,2,0E-16,1.875,0.2500000000000000
2026-01-01,ZON-010,sedan,3,1,0.6666666666666667,4.555555555555555,1.0000000000000000
2026-01-01,ZON-019,bike_taxi,3,1,0.3333333333333333,3.85,0.6666666666666667
2026-01-01,ZON-044,sedan,5,5,0E-16,3.1933333333333334,1.0000000000000000
2026-01-01,ZON-095,sedan,2,2,0E-16,1.7666666666666666,0.5000000000000000
2026-01-01,ZON-050,bike_taxi,2,0,1.0000000000000000,3.283333333333333,0E-16
2026-01-02,ZON-056,auto,9,7,0.1111111111111111,2.8375,0.6666666666666667
2026-01-02,ZON-069,sedan,4,3,0E-16,4.216666666666667,0.7500000000000000
2026-01-02,ZON-107,bike_taxi,7,2,0.4285714285714286,2.4733333333333336,0.4285714285714286
2026-01-02,ZON-005,mini,5,4,0.2000000000000000,3.493333333333333,0.2000000000000000
2026-01-02,ZON-100,auto,10,5,0.1000000000000000,3.058333333333333,0.4000000000000000
2026-01-02,ZON-001,mini,12,10,0.1666666666666667,4.620833333333334,0.5833333333333333
2026-01-02,ZON-015,bike_taxi,4,3,0.2500000000000000,3.975,0.5000000000000000
2026-01-02,ZON-108,bike_taxi,7,5,0.2857142857142857,3.5166666666666666,0.5714285714285714
2026-01-02,ZON-013,mini,7,7,0E-16,3.838095238095238,0.5714285714285714
2026-01-02,ZON-054,mini,4,1,0.5000000000000000,1.7888888888888888,1.0000000000000000
2026-01-02,ZON-108,auto,10,7,0.2000000000000000,3.9166666666666665,0.6000000000000000
2026-01-02,ZON-076,mini,13,9,0.1538461538461538,5.253030303030303,0.6153846153846154
2026-01-02,ZON-026,bike_taxi,1,1,0E-16,3.4,1.0000000000000000
2026-01-02,ZON-059,bike_taxi,2,1,0E-16,1.2166666666666666,0.5000000000000000
2026-01-02,ZON-094,bike_taxi,3,1,0.3333333333333333,5.666666666666667,0.3333333333333333
2026-01-03,ZON-065,bike_taxi,7,4,0.1428571428571429,3.0900000000000003,0.5714285714285714
2026-01-03,ZON-062,mini,5,2,0.2000000000000000,2.9222222222222225,0.6000000000000000
2026-01-03,ZON-109,auto,8,4,0.5000000000000000,3.560416666666667,0.5000000000000000
2026-01-03,ZON-054,auto,7,3,0.5714285714285714,2.552380952380952,0.4285714285714286
2026-01-03,ZON-008,sedan,7,5,0.2857142857142857,3.969047619047619,0.4285714285714286
2026-01-03,ZON-022,bike_taxi,6,2,0.3333333333333333,3.7625,0.6666666666666667
2026-01-03,ZON-119,auto,3,1,0E-16,6.85,0.3333333333333333
2026-01-03,ZON-063,sedan,9,6,0.3333333333333333,3.987037037037037,0.6666666666666667
2026-01-03,ZON-009,bike_taxi,9,6,0.1111111111111111,4.09047619047619,0.6666666666666667
2026-01-03,ZON-034,mini,9,6,0.2222222222222222,4.122916666666667,0.5555555555555556
2026-01-03,ZON-041,mini,10,6,0.4000000000000000,3.17,0.8000000000000000
2026-01-03,ZON-023,bike_taxi,6,4,0.1666666666666667,2.953333333333333,0.5000000000000000
2026-01-02,ZON-060,mini,1,1,0E-16,3.85,0E-16
2026-01-03,ZON-072,mini,9,6,0.3333333333333333,3.053703703703704,0.4444444444444444
2026-01-03,ZON-093,auto,4,1,0.7500000000000000,3.375,0.7500000000000000
2026-01-03,ZON-105,mini,7,6,0E-16,4.811111111111112,0.5714285714285714
2026-01-03,ZON-054,sedan,3,3,0E-16,4.816666666666666,1.0000000000000000
2026-01-03,ZON-068,sedan,1,1,0E-16,6.033333333333333,1.0000000000000000
2026-01-03,ZON-006,sedan,6,5,0.1666666666666667,3.461111111111111,0.6666666666666667
2026-01-04,ZON-111,mini,7,4,0.4285714285714286,3.6214285714285714,0.8571428571428571
2026-01-04,ZON-022,auto,6,3,0.5000000000000000,3.4722222222222223,0.1666666666666667
2026-01-04,ZON-114,bike_taxi,11,8,0.1818181818181818,3.8266666666666667,0.7272727272727273
2026-01-04,ZON-042,auto,3,3,0E-16,3.45,1.0000000000000000
2026-01-03,ZON-006,auto,3,2,0E-16,3.775,0.3333333333333333
2026-01-04,ZON-001,auto,4,2,0.5000000000000000,2.6,0.7500000000000000
2026-01-04,ZON-049,sedan,6,4,0.3333333333333333,3.8555555555555556,0.6666666666666667
2026-01-04,ZON-095,bike_taxi,4,3,0.2500000000000000,3.2708333333333335,0.2500000000000000
2026-01-04,ZON-069,bike_taxi,4,3,0.2500000000000000,3.3666666666666667,0.7500000000000000
2026-01-04,ZON-094,auto,6,5,0.1666666666666667,4.433333333333334,0.6666666666666667
2026-01-04,ZON-094,sedan,5,5,0E-16,4.133333333333334,0.4000000000000000
2026-01-04,ZON-013,mini,9,6,0.3333333333333333,3.337037037037037,0.3333333333333333
2026-01-04,ZON-092,bike_taxi,7,5,0.2857142857142857,3.211904761904762,0.4285714285714286
2026-01-04,ZON-029,mini,5,5,0E-16,3.9066666666666667,0.6000000000000000
2026-01-04,ZON-108,sedan,5,5,0E-16,4.466666666666667,0.8000000000000000
2026-01-04,ZON-056,bike_taxi,5,2,0.6000000000000000,2.6566666666666667,0.6000000000000000
2026-01-03,ZON-083,sedan,1,1,0E-16,0.6833333333333333,1.0000000000000000
2026-01-05,ZON-050,mini,4,4,0E-16,4.4125,1.0000000000000000
2026-01-05,ZON-033,auto,10,5,0.5000000000000000,3.4683333333333333,0.4000000000000000
2026-01-05,ZON-045,mini,8,4,0.2500000000000000,3.363888888888889,0.8750000000000000
2026-01-05,ZON-078,mini,8,6,0.2500000000000000,4.016666666666667,0.6250000000000000
2026-01-05,ZON-051,auto,8,5,0.2500000000000000,3.585714285714286,0.5000000000000000
2026-01-05,ZON-107,auto,7,5,0.2857142857142857,2.8142857142857145,0.5714285714285714
2026-01-05,ZON-118,auto,8,7,0.1250000000000000,4.73125,0.7500000000000000
2026-01-05,ZON-031,bike_taxi,4,3,0.2500000000000000,3.6083333333333334,0.5000000000000000
2026-01-05,ZON-012,auto,6,3,0.5000000000000000,4.191666666666666,0.6666666666666667
2026-01-05,ZON-041,sedan,4,1,0.2500000000000000,4.425,0.5000000000000000
2026-01-05,ZON-095,sedan,3,2,0E-16,4.15,0.3333333333333333
2026-01-05,ZON-096,sedan,2,2,0E-16,5.316666666666666,0.5000000000000000
2026-01-05,ZON-044,auto,6,3,0.1666666666666667,3.45,0.3333333333333333
2026-01-05,ZON-113,auto,4,2,0.5000000000000000,4.454166666666667,0.7500000000000000
2026-01-05,ZON-015,sedan,2,1,0.5000000000000000,5.891666666666667,0.5000000000000000
2026-01-05,ZON-034,bike_taxi,3,0,0E-16,,0.6666666666666667
2026-01-05,ZON-084,auto,4,4,0E-16,3.754166666666667,0.7500000000000000
2026-01-05,ZON-008,bike_taxi,4,0,0.7500000000000000,3.888888888888889,0.2500000000000000
2026-01-05,ZON-004,sedan,3,3,0E-16,4.894444444444445,0.3333333333333333
2026-01-05,ZON-086,sedan,3,1,0.3333333333333333,3.6166666666666667,0.3333333333333333
2026-01-05,ZON-024,mini,5,3,0.4000000000000000,2.893333333333333,0.6000000000000000
2026-01-05,ZON-044,bike_taxi,3,1,0.3333333333333333,4.266666666666667,0E-16
2026-01-06,ZON-025,auto,7,4,0.2857142857142857,3.4472222222222224,0.2857142857142857
2026-01-06,ZON-031,mini,7,5,0.2857142857142857,4.43095238095238,0.5714285714285714
2026-01-06,ZON-011,auto,10,5,0.3000000000000000,3.8520833333333333,0.7000000000000000
2026-01-06,ZON-076,auto,11,7,0.0909090909090909,3.1166666666666667,0.6363636363636364
2026-01-06,ZON-038,sedan,4,4,0E-16,1.9708333333333334,0.2500000000000000
2026-01-06,ZON-073,sedan,4,1,0.2500000000000000,3.15,0.5000000000000000
2026-01-06,ZON-098,auto,9,6,0.3333333333333333,4.433333333333334,0.6666666666666667
2026-01-06,ZON-031,bike_taxi,3,3,0E-16,3.711111111111111,0.3333333333333333
2026-01-06,ZON-069,bike_taxi,6,3,0.1666666666666667,3.595833333333333,0.6666666666666667
2026-01-06,ZON-037,mini,4,3,0.2500000000000000,2.504166666666667,1.0000000000000000
2026-01-06,ZON-036,mini,8,5,0.3750000000000000,4.535416666666666,0.8750000000000000
2026-01-06,ZON-091,sedan,2,1,0E-16,6.8,0.5000000000000000
2026-01-06,ZON-016,auto,10,6,0.3000000000000000,3.5759259259259255,0.4000000000000000
2026-01-06,ZON-119,bike_taxi,3,2,0.3333333333333333,4.238888888888889,0.6666666666666667
2026-01-06,ZON-041,mini,3,0,0.6666666666666667,4.266666666666667,0.3333333333333333
2026-01-06,ZON-035,sedan,5,4,0E-16,4.45,0.8000000000000000
2026-01-05,ZON-041,bike_taxi,3,3,0E-16,2.988888888888889,0.6666666666666667
2026-01-06,ZON-036,auto,5,4,0.2000000000000000,4.963333333333334,0.6000000000000000
2026-01-06,ZON-060,mini,10,5,0.3000000000000000,4.754166666666666,0.5000000000000000
2026-01-06,ZON-104,bike_taxi,3,2,0E-16,4.558333333333334,0.6666666666666667
2026-01-06,ZON-045,sedan,2,1,0.5000000000000000,5.591666666666667,0E-16
2026-01-06,ZON-011,sedan,2,2,0E-16,5.025,1.0000000000000000
2026-01-06,ZON-050,sedan,2,0,1.0000000000000000,4.525,0.5000000000000000
2026-01-05,ZON-101,bike_taxi,1,1,0E-16,0.6666666666666666,1.0000000000000000
2026-01-07,ZON-013,mini,8,6,0.1250000000000000,4.016666666666667,0.2500000000000000
2026-01-07,ZON-069,mini,9,5,0.3333333333333333,3.1708333333333334,0.1111111111111111
2026-01-07,ZON-120,auto,9,3,0.5555555555555556,4.21875,0.4444444444444444
2026-01-07,ZON-006,bike_taxi,6,5,0.1666666666666667,2.4472222222222224,0.8333333333333333
2026-01-07,ZON-011,bike_taxi,4,4,0E-16,1.4041666666666666,0.7500000000000000
2026-01-07,ZON-039,mini,10,5,0.1000000000000000,4.0,0.3000000000000000
2026-01-07,ZON-108,auto,6,5,0E-16,3.25,0.5000000000000000
2026-01-07,ZON-119,mini,10,5,0.4000000000000000,4.609259259259259,0.5000000000000000
2026-01-07,ZON-080,auto,8,5,0.2500000000000000,3.230952380952381,0.6250000000000000
2026-01-07,ZON-022,auto,4,2,0.2500000000000000,5.022222222222222,1.0000000000000000
2026-01-07,ZON-032,bike_taxi,6,4,0.1666666666666667,3.256666666666667,0.6666666666666667
2026-01-07,ZON-042,mini,7,5,0.1428571428571429,3.7222222222222223,0.7142857142857143
2026-01-07,ZON-001,auto,6,5,0E-16,4.176666666666667,0.8333333333333333
2026-01-07,ZON-102,bike_taxi,4,2,0.5000000000000000,3.6375,1.0000000000000000
2026-01-07,ZON-084,sedan,5,4,0.2000000000000000,3.533333333333333,0.6000000000000000
2026-01-08,ZON-023,bike_taxi,2,2,0E-16,4.075,0E-16
2026-01-08,ZON-063,sedan,5,3,0.2000000000000000,3.654166666666667,0.4000000000000000
2026-01-08,ZON-043,sedan,11,7,0.0909090909090909,3.65625,0.5454545454545455
2026-01-08,ZON-068,auto,10,8,0.2000000000000000,3.9683333333333333,0.7000000000000000
2026-01-08,ZON-090,mini,6,6,0E-16,3.2722222222222226,0.3333333333333333
2026-01-08,ZON-115,sedan,5,3,0.4000000000000000,3.19,0.4000000000000000
2026-01-08,ZON-107,bike_taxi,3,3,0E-16,3.561111111111111,0.6666666666666667
2026-01-08,ZON-070,mini,6,4,0.3333333333333333,3.3305555555555557,0.8333333333333333
2026-01-08,ZON-051,sedan,3,2,0E-16,3.433333333333333,0.3333333333333333
2026-01-08,ZON-057,bike_taxi,5,5,0E-16,4.48,0.2000000000000000
2026-01-08,ZON-120,bike_taxi,4,2,0.2500000000000000,4.044444444444444,0.2500000000000000
2026-01-08,ZON-025,sedan,3,3,0E-16,2.9777777777777774,0.3333333333333333
2026-01-08,ZON-049,sedan,3,2,0E-16,5.158333333333333,0.3333333333333333
2026-01-08,ZON-055,sedan,2,2,0E-16,3.9833333333333334,0.5000000000000000
2026-01-09,ZON-028,auto,12,7,0.3333333333333333,3.631818181818182,0.6666666666666667
2026-01-09,ZON-111,mini,6,5,0.1666666666666667,3.85,0.3333333333333333
2026-01-09,ZON-109,mini,8,5,0.3750000000000000,3.65625,0.1250000000000000
2026-01-09,ZON-088,auto,5,4,0.2000000000000000,3.23,0.6000000000000000
2026-01-09,ZON-031,sedan,5,2,0.2000000000000000,2.8722222222222222,0.4000000000000000
2026-01-09,ZON-091,bike_taxi,4,3,0.2500000000000000,4.0375,0.2500000000000000
2026-01-09,ZON-002,mini,7,7,0E-16,4.185714285714286,0.7142857142857143
2026-01-09,ZON-114,bike_taxi,6,1,0.6666666666666667,3.7199999999999998,0.5000000000000000
2026-01-09,ZON-074,mini,4,3,0.2500000000000000,2.220833333333333,0.2500000000000000
2026-01-09,ZON-077,mini,7,4,0.4285714285714286,3.7857142857142856,0.4285714285714286
2026-01-09,ZON-088,sedan,3,1,0.3333333333333333,0.65,0.3333333333333333
2026-01-09,ZON-112,mini,7,4,0.1428571428571429,4.036666666666666,0.2857142857142857
2026-01-09,ZON-002,sedan,4,3,0.2500000000000000,4.45,1.0000000000000000
2026-01-09,ZON-018,sedan,2,1,0.5000000000000000,3.716666666666667,0E-16
2026-01-09,ZON-102,mini,5,4,0.2000000000000000,4.096666666666667,0.4000000000000000
2026-01-09,ZON-083,bike_taxi,5,2,0E-16,4.266666666666667,0.4000000000000000
2026-01-10,ZON-058,auto,9,7,0.1111111111111111,3.21875,0.5555555555555556
2026-01-10,ZON-040,mini,9,6,0.3333333333333333,3.3537037037037036,0.3333333333333333
2026-01-10,ZON-020,auto,7,4,0.2857142857142857,2.9555555555555557,0.4285714285714286
2026-01-10,ZON-061,sedan,11,6,0.4545454545454545,3.5575757575757576,0.4545454545454545
2026-01-10,ZON-056,auto,9,6,0.2222222222222222,4.758333333333334,0.3333333333333333
2026-01-10,ZON-086,auto,7,5,0.2857142857142857,4.223809523809524,0.5714285714285714
2026-01-10,ZON-068,auto,8,6,0E-16,3.125,0.6250000000000000
2026-01-10,ZON-020,mini,8,6,0.2500000000000000,3.8958333333333335,0.5000000000000000
2026-01-10,ZON-083,bike_taxi,6,5,0.1666666666666667,5.394444444444445,0.5000000000000000
2026-01-10,ZON-077,mini,5,2,0.4000000000000000,1.6625,0.4000000000000000
2026-01-10,ZON-060,auto,3,1,0.3333333333333333,6.083333333333333,0.3333333333333333
2026-01-10,ZON-120,bike_taxi,4,3,0.2500000000000000,5.579166666666667,0.2500000000000000
2026-01-10,ZON-076,sedan,3,2,0E-16,1.8583333333333334,0.6666666666666667
2026-01-10,ZON-106,mini,3,3,0E-16,3.1777777777777776,0E-16
2026-01-10,ZON-087,sedan,2,1,0.5000000000000000,3.9583333333333335,1.0000000000000000
2026-01-10,ZON-049,bike_taxi,6,4,0.1666666666666667,3.4033333333333333,0.5000000000000000
2026-01-11,ZON-006,bike_taxi,6,5,0.1666666666666667,4.138888888888889,0.5000000000000000
2026-01-11,ZON-101,bike_taxi,8,5,0E-16,2.4766666666666666,0.7500000000000000
2026-01-11,ZON-103,bike_taxi,4,2,0E-16,2.025,0.5000000000000000
2026-01-11,ZON-106,mini,7,3,0.4285714285714286,2.4916666666666667,0.5714285714285714
2026-01-11,ZON-006,sedan,7,5,0.2857142857142857,3.911904761904762,0.7142857142857143
2026-01-11,ZON-092,mini,9,7,0.1111111111111111,3.966666666666667,0.4444444444444444
2026-01-11,ZON-112,bike_taxi,5,2,0.4000000000000000,4.283333333333333,0.2000000000000000
2026-01-11,ZON-026,sedan,5,5,0E-16,3.76,0.2000000000000000
2026-01-11,ZON-043,sedan,2,1,0.5000000000000000,2.875,0.5000000000000000
2026-01-11,ZON-032,bike_taxi,4,3,0.2500000000000000,1.9583333333333333,0.5000000000000000
2026-01-11,ZON-082,bike_taxi,3,1,0.3333333333333333,1.4083333333333334,0E-16
2026-01-11,ZON-022,bike_taxi,3,3,0E-16,3.111111111111111,0.6666666666666667
2026-01-11,ZON-102,sedan,5,4,0.2000000000000000,4.37,0.6000000000000000
2026-01-11,ZON-080,mini,6,5,0E-16,2.96,0.5000000000000000
2026-01-11,ZON-067,mini,5,3,0.4000000000000000,2.9099999999999997,0.8000000000000000
2026-01-11,ZON-088,mini,5,4,0E-16,4.95,0.4000000000000000
2026-01-11,ZON-061,bike_taxi,2,2,0E-16,5.216666666666667,1.0000000000000000
2026-01-12,ZON-017,bike_taxi,4,3,0.2500000000000000,3.525,0.5000000000000000
2026-01-12,ZON-104,auto,7,4,0.4285714285714286,2.211904761904762,0.5714285714285714
2026-01-12,ZON-025,auto,6,2,0.1666666666666667,2.7666666666666666,0.6666666666666667
2026-01-12,ZON-057,mini,8,4,0.2500000000000000,4.138888888888889,0.7500000000000000
2026-01-12,ZON-104,sedan,11,10,0.0909090909090909,4.456060606060606,0.8181818181818182
2026-01-12,ZON-098,mini,6,4,0.1666666666666667,2.99,0.5000000000000000
2026-01-12,ZON-107,mini,5,3,0.4000000000000000,4.036666666666666,0.6000000000000000
2026-01-12,ZON-086,sedan,4,2,0.5000000000000000,2.9875,0.5000000000000000
2026-01-12,ZON-088,mini,10,7,0.2000000000000000,2.6240740740740742,0.7000000000000000
2026-01-12,ZON-017,auto,4,4,0E-16,5.620833333333334,0.2500000000000000
2026-01-12,ZON-082,auto,8,4,0.1250000000000000,4.166666666666667,0.3750000000000000
2026-01-12,ZON-047,mini,5,3,0.4000000000000000,2.5566666666666666,0.4000000000000000
2026-01-12,ZON-003,bike_taxi,6,4,0.3333333333333333,2.125,0.8333333333333333
2026-01-12,ZON-011,auto,6,4,0E-16,3.5375,0.3333333333333333
2026-01-12,ZON-120,sedan,4,2,0.2500000000000000,2.9944444444444445,0.2500000000000000
2026-01-12,ZON-091,bike_taxi,6,3,0.3333333333333333,3.54,0.5000000000000000
2026-01-12,ZON-028,mini,3,3,0E-16,4.222222222222222,1.0000000000000000
2026-01-12,ZON-053,sedan,2,2,0E-16,3.1666666666666665,0.5000000000000000
2026-01-12,ZON-094,sedan,4,3,0E-16,3.45,0.2500000000000000
2026-01-12,ZON-010,bike_taxi,3,2,0.3333333333333333,3.4722222222222223,0.6666666666666667
2026-01-12,ZON-051,bike_taxi,4,2,0E-16,4.208333333333333,0.5000000000000000
2026-01-13,ZON-088,sedan,4,2,0.2500000000000000,2.7666666666666666,0.2500000000000000
2026-01-13,ZON-089,bike_taxi,4,2,0.5000000000000000,4.279166666666667,0.5000000000000000
2026-01-13,ZON-036,sedan,3,1,0E-16,2.0,1.0000000000000000
2026-01-13,ZON-040,auto,11,9,0.1818181818181818,3.0,0.5454545454545455
2026-01-13,ZON-029,sedan,6,6,0E-16,2.158333333333333,0.3333333333333333
2026-01-13,ZON-020,bike_taxi,9,4,0.4444444444444444,4.225,0.3333333333333333
2026-01-13,ZON-042,mini,6,4,0E-16,5.283333333333333,0.6666666666666667
2026-01-13,ZON-078,bike_taxi,6,4,0.1666666666666667,2.7233333333333336,0.6666666666666667
2026-01-13,ZON-048,auto,13,8,0.3846153846153846,3.562820512820513,0.6923076923076923
2026-01-13,ZON-024,sedan,3,1,0E-16,3.9833333333333334,0.6666666666666667
2026-01-13,ZON-035,mini,9,6,0.1111111111111111,4.51904761904762,0.7777777777777778
2026-01-13,ZON-104,bike_taxi,3,3,0E-16,3.2555555555555555,0.6666666666666667
2026-01-13,ZON-051,sedan,5,3,0.4000000000000000,2.283333333333333,0.4000000000000000
2026-01-13,ZON-091,bike_taxi,3,2,0.3333333333333333,2.65,0.6666666666666667
2026-01-13,ZON-036,auto,6,3,0.3333333333333333,2.8133333333333335,0.3333333333333333
2026-01-13,ZON-003,bike_taxi,3,1,0.6666666666666667,2.6055555555555556,0.3333333333333333
2026-01-13,ZON-118,bike_taxi,7,3,0.4285714285714286,3.238888888888889,0.5714285714285714
2026-01-13,ZON-019,auto,6,5,0.1666666666666667,3.566666666666667,0.3333333333333333
2026-01-13,ZON-014,sedan,4,3,0E-16,2.1777777777777776,0.2500000000000000
2026-01-13,ZON-003,sedan,3,2,0.3333333333333333,3.3833333333333333,0.3333333333333333
2026-01-13,ZON-113,bike_taxi,1,1,0E-16,1.75,0E-16
2026-01-14,ZON-054,mini,7,4,0.4285714285714286,3.4357142857142855,0.4285714285714286
2026-01-14,ZON-016,sedan,6,6,0E-16,4.677777777777778,0.3333333333333333
2026-01-14,ZON-017,bike_taxi,6,4,0.1666666666666667,5.093333333333334,0.6666666666666667
2026-01-14,ZON-096,sedan,3,3,0E-16,4.194444444444445,0E-16
2026-01-14,ZON-101,auto,4,4,0E-16,4.1,0.7500000000000000
2026-01-14,ZON-038,auto,6,2,0.5000000000000000,4.253333333333333,0.1666666666666667
2026-01-14,ZON-042,bike_taxi,8,4,0.3750000000000000,3.75,0.7500000000000000
2026-01-14,ZON-090,bike_taxi,6,4,0.3333333333333333,4.947222222222222,0.5000000000000000
2026-01-14,ZON-083,bike_taxi,5,2,0.2000000000000000,2.861111111111111,0.2000000000000000
2026-01-14,ZON-002,bike_taxi,4,3,0.2500000000000000,3.925,0.5000000000000000
2026-01-14,ZON-082,bike_taxi,9,7,0.2222222222222222,2.4537037037037037,0.3333333333333333
2026-01-14,ZON-093,auto,10,4,0.2000000000000000,3.341666666666667,0.6000000000000000
2026-01-14,ZON-067,sedan,3,2,0E-16,4.475,0.6666666666666667
2026-01-14,ZON-030,auto,5,2,0.2000000000000000,3.438888888888889,0.8000000000000000
2026-01-14,ZON-022,mini,9,6,0.3333333333333333,4.314814814814815,0.4444444444444444
2026-01-14,ZON-087,auto,5,4,0E-16,5.0375,1.0000000000000000
2026-01-14,ZON-042,sedan,4,4,0E-16,2.075,0.5000000000000000
2026-01-14,ZON-108,bike_taxi,3,0,0.6666666666666667,4.491666666666666,1.0000000000000000
2026-01-14,ZON-024,sedan,5,2,0.2000000000000000,4.527777777777778,0.4000000000000000
2026-01-14,ZON-084,sedan,4,1,0.2500000000000000,1.0916666666666666,0.2500000000000000
2026-01-14,ZON-059,mini,6,4,0E-16,3.8875,0.5000000000000000
2026-01-01,ZON-050,mini,10,7,0.2000000000000000,3.774074074074074,0.4000000000000000
2026-01-01,ZON-008,sedan,4,2,0.5000000000000000,2.425,0.2500000000000000
2026-01-01,ZON-067,auto,3,3,0E-16,2.261111111111111,0.3333333333333333
2026-01-01,ZON-089,auto,11,8,0.1818181818181818,3.1666666666666665,0.5454545454545455
2026-01-01,ZON-059,mini,9,8,0E-16,3.8125,0.4444444444444444
2026-01-01,ZON-038,bike_taxi,6,2,0.6666666666666667,3.2944444444444443,0.1666666666666667
2026-01-01,ZON-071,auto,9,6,0.2222222222222222,4.545833333333333,0.7777777777777778
2026-01-01,ZON-040,sedan,7,3,0.2857142857142857,4.46,0.7142857142857143
2026-01-01,ZON-096,bike_taxi,7,4,0.1428571428571429,4.510000000000001,0.8571428571428571
2026-01-01,ZON-026,mini,11,6,0.3636363636363636,3.5283333333333333,0.4545454545454545
2026-01-01,ZON-005,bike_taxi,6,4,0.1666666666666667,2.5433333333333334,0.6666666666666667
2026-01-01,ZON-106,mini,4,3,0.2500000000000000,4.008333333333334,0.2500000000000000
2026-01-01,ZON-077,bike_taxi,4,2,0E-16,2.341666666666667,0.5000000000000000
2026-01-01,ZON-021,auto,2,1,0E-16,1.5666666666666667,0.5000000000000000
2026-01-01,ZON-101,sedan,1,1,0E-16,2.3666666666666667,0E-16
2026-01-01,ZON-015,sedan,4,3,0.2500000000000000,4.695833333333334,0.2500000000000000
2026-01-01,ZON-013,bike_taxi,3,1,0.6666666666666667,2.211111111111111,0.3333333333333333
2026-01-01,ZON-083,bike_taxi,8,6,0.2500000000000000,4.8875,0.6250000000000000
2026-01-01,ZON-014,sedan,6,2,0.5000000000000000,4.35,0.8333333333333333
2026-01-01,ZON-049,sedan,5,4,0.2000000000000000,4.756666666666666,0.2000000000000000
2026-01-01,ZON-074,mini,7,4,0.2857142857142857,4.763888888888888,0.2857142857142857
2026-01-01,ZON-111,mini,5,4,0.2000000000000000,4.293333333333334,0.4000000000000000
2026-01-01,ZON-097,mini,8,6,0.2500000000000000,3.19375,0.6250000000000000
2026-01-01,ZON-061,sedan,2,0,1.0000000000000000,4.4,0.5000000000000000
2026-01-01,ZON-115,sedan,4,3,0.2500000000000000,1.75,0.5000000000000000
2026-01-01,ZON-062,bike_taxi,3,1,0.6666666666666667,4.738888888888889,0.6666666666666667
2026-01-02,ZON-011,mini,11,6,0.2727272727272727,3.433333333333333,0.4545454545454545
2026-01-02,ZON-014,sedan,8,7,0.1250000000000000,3.6791666666666667,0.3750000000000000
2026-01-02,ZON-073,mini,5,5,0E-16,3.683333333333333,0.4000000000000000
2026-01-02,ZON-032,mini,3,2,0.3333333333333333,2.8833333333333333,0.3333333333333333
2026-01-02,ZON-098,mini,6,3,0.5000000000000000,4.0472222222222225,0.5000000000000000
2026-01-02,ZON-044,bike_taxi,6,3,0.3333333333333333,3.2766666666666664,0.6666666666666667
2026-01-02,ZON-007,auto,8,5,0.3750000000000000,4.775,0.7500000000000000
2026-01-02,ZON-020,sedan,3,1,0E-16,5.033333333333333,1.0000000000000000
2026-01-02,ZON-027,bike_taxi,5,3,0E-16,2.4722222222222223,0.6000000000000000
2026-01-02,ZON-095,bike_taxi,4,3,0.2500000000000000,3.2125,0.7500000000000000
2026-01-02,ZON-050,bike_taxi,9,6,0.3333333333333333,3.3,0.4444444444444444
2026-01-02,ZON-048,bike_taxi,8,5,0.2500000000000000,3.711904761904762,0.3750000000000000
2026-01-02,ZON-100,mini,7,6,0E-16,4.0888888888888895,0.7142857142857143
2026-01-02,ZON-117,sedan,4,3,0.2500000000000000,5.683333333333334,0.2500000000000000
2026-01-02,ZON-107,sedan,5,4,0.2000000000000000,3.756666666666667,0.4000000000000000
2026-01-02,ZON-009,sedan,5,3,0.2000000000000000,5.983333333333333,0.4000000000000000
2026-01-02,ZON-059,auto,6,2,0.5000000000000000,3.8333333333333335,0.6666666666666667
2026-01-02,ZON-004,sedan,1,1,0E-16,3.1666666666666665,0E-16
2026-01-02,ZON-012,sedan,2,2,0E-16,3.216666666666667,1.0000000000000000
2026-01-02,ZON-096,sedan,6,4,0.1666666666666667,4.443333333333333,0.6666666666666667
2026-01-02,ZON-063,mini,1,0,1.0000000000000000,4.716666666666667,1.0000000000000000
2026-01-02,ZON-118,bike_taxi,2,1,0E-16,0.38333333333333336,0.5000000000000000
2026-01-02,ZON-068,bike_taxi,1,1,0E-16,1.1333333333333333,1.0000000000000000
2026-01-03,ZON-081,auto,8,5,0.2500000000000000,4.019047619047619,0.5000000000000000
2026-01-03,ZON-018,mini,5,3,0E-16,4.644444444444445,0.6000000000000000
2026-01-03,ZON-070,auto,5,4,0.2000000000000000,3.33,0.8000000000000000
2026-01-03,ZON-107,auto,10,7,0.1000000000000000,2.997916666666667,0.6000000000000000
2026-01-03,ZON-115,sedan,5,4,0.2000000000000000,2.7199999999999998,0.6000000000000000
2026-01-03,ZON-096,mini,8,5,0.2500000000000000,2.316666666666667,0.6250000000000000
2026-01-03,ZON-014,bike_taxi,3,1,0E-16,3.15,0.3333333333333333
2026-01-03,ZON-092,bike_taxi,1,0,1.0000000000000000,3.75,1.0000000000000000
2026-01-03,ZON-012,auto,6,5,0.1666666666666667,3.094444444444444,1.0000000000000000
2026-01-03,ZON-070,sedan,4,2,0E-16,3.15,0.7500000000000000
2026-01-03,ZON-015,mini,7,5,0.1428571428571429,4.166666666666667,0.7142857142857143
2026-01-03,ZON-098,auto,7,5,0.2857142857142857,3.5047619047619047,1.0000000000000000
2026-01-03,ZON-064,sedan,3,2,0E-16,5.175,1.0000000000000000
2026-01-03,ZON-003,mini,8,5,0.2500000000000000,3.3285714285714287,0.3750000000000000
2026-01-03,ZON-091,auto,10,8,0.1000000000000000,5.57037037037037,0.4000000000000000
2026-01-03,ZON-096,bike_taxi,5,1,0.4000000000000000,1.7444444444444445,0.6000000000000000
2026-01-03,ZON-031,sedan,4,4,0E-16,4.425,0.2500000000000000
2026-01-03,ZON-076,sedan,5,4,0.2000000000000000,2.0833333333333335,0.4000000000000000
2026-01-03,ZON-005,bike_taxi,5,4,0E-16,2.6458333333333335,0.8000000000000000
2026-01-03,ZON-016,mini,5,4,0.2000000000000000,2.856666666666667,0.4000000000000000
2026-01-03,ZON-048,auto,5,2,0.4000000000000000,2.2708333333333335,0.6000000000000000
2026-01-04,ZON-062,bike_taxi,7,5,0.1428571428571429,2.969444444444444,0.7142857142857143
2026-01-04,ZON-030,bike_taxi,7,6,0.1428571428571429,5.076190476190476,0.5714285714285714
2026-01-04,ZON-057,auto,4,3,0.2500000000000000,3.658333333333333,1.0000000000000000
2026-01-04,ZON-015,mini,6,4,0.1666666666666667,4.3533333333333335,0.3333333333333333
2026-01-04,ZON-116,bike_taxi,7,4,0.4285714285714286,4.095238095238096,0.5714285714285714
2026-01-04,ZON-063,sedan,2,1,0.5000000000000000,3.2416666666666667,0E-16
2026-01-04,ZON-032,mini,6,6,0E-16,4.663888888888889,0.8333333333333333
2026-01-04,ZON-074,auto,6,5,0.1666666666666667,3.125,0.3333333333333333
2026-01-04,ZON-097,auto,11,5,0E-16,4.54,0.4545454545454545
2026-01-04,ZON-075,sedan,4,3,0E-16,2.6722222222222225,1.0000000000000000
2026-01-04,ZON-027,bike_taxi,6,3,0.3333333333333333,1.9466666666666665,0.6666666666666667
2026-01-04,ZON-119,mini,4,3,0.2500000000000000,2.7291666666666665,0.5000000000000000
2026-01-04,ZON-092,auto,4,2,0.2500000000000000,4.933333333333334,0.5000000000000000
2026-01-04,ZON-044,bike_taxi,4,1,0.5000000000000000,3.7,0.5000000000000000
2026-01-04,ZON-039,sedan,7,3,0.2857142857142857,4.4,0.5714285714285714
2026-01-04,ZON-094,mini,7,4,0.2857142857142857,4.472222222222222,0.7142857142857143
2026-01-04,ZON-010,bike_taxi,7,6,0.1428571428571429,3.7738095238095237,0.5714285714285714
2026-01-04,ZON-064,mini,6,3,0.3333333333333333,3.19,0.5000000000000000
2026-01-04,ZON-060,auto,6,1,0.5000000000000000,2.5708333333333333,0.6666666666666667
2026-01-04,ZON-058,bike_taxi,2,2,0E-16,4.108333333333333,1.0000000000000000
2026-01-04,ZON-083,auto,5,3,0.2000000000000000,2.279166666666667,0.4000000000000000
2026-01-04,ZON-103,sedan,4,4,0E-16,4.954166666666667,0.2500000000000000
2026-01-05,ZON-109,auto,5,2,0.4000000000000000,3.6,0.6000000000000000
2026-01-05,ZON-008,auto,7,4,0.4285714285714286,3.8666666666666667,0.4285714285714286
2026-01-05,ZON-002,bike_taxi,6,3,0.3333333333333333,2.503333333333333,0.5000000000000000
2026-01-05,ZON-007,auto,5,3,0.2000000000000000,3.8666666666666667,0.4000000000000000
2026-01-05,ZON-095,bike_taxi,9,5,0.3333333333333333,3.341666666666667,0.3333333333333333
2026-01-05,ZON-119,mini,13,10,0.0769230769230769,3.1742424242424243,0.6923076923076923
2026-01-05,ZON-090,auto,7,7,0E-16,4.164285714285715,0.4285714285714286
2026-01-05,ZON-089,bike_taxi,4,3,0.2500000000000000,5.558333333333334,0.5000000000000000
2026-01-05,ZON-114,sedan,5,3,0.2000000000000000,2.7083333333333335,0.6000000000000000
2026-01-05,ZON-001,sedan,5,4,0.2000000000000000,4.180000000000001,0.4000000000000000
2026-01-05,ZON-001,mini,11,8,0.2727272727272727,4.5606060606060606,0.4545454545454545
2026-01-04,ZON-009,sedan,1,1,0E-16,1.9666666666666666,0E-16
2026-01-05,ZON-063,auto,10,10,0E-16,2.9066666666666667,0.4000000000000000
2026-01-05,ZON-057,sedan,5,2,0.4000000000000000,2.2708333333333335,0.6000000000000000
2026-01-05,ZON-074,sedan,4,4,0E-16,5.05,0.2500000000000000
2026-01-05,ZON-021,sedan,4,2,0E-16,4.058333333333334,0.2500000000000000
2026-01-05,ZON-032,bike_taxi,2,1,0.5000000000000000,4.35,0.5000000000000000
2026-01-05,ZON-068,mini,3,2,0E-16,5.216666666666667,1.0000000000000000
2026-01-06,ZON-024,mini,8,6,0.2500000000000000,4.8375,0.3750000000000000
2026-01-06,ZON-059,auto,9,4,0.3333333333333333,4.257142857142857,0.4444444444444444
2026-01-06,ZON-025,mini,6,5,0.1666666666666667,4.575,0.1666666666666667
2026-01-06,ZON-088,mini,8,6,0.2500000000000000,3.439583333333333,0.5000000000000000
2026-01-06,ZON-108,sedan,6,6,0E-16,3.163888888888889,0.3333333333333333
2026-01-06,ZON-100,sedan,10,7,0.2000000000000000,4.42962962962963,0.5000000000000000
2026-01-06,ZON-094,mini,7,5,0.1428571428571429,4.913888888888889,0.8571428571428571
2026-01-06,ZON-103,mini,11,8,0.1818181818181818,2.9833333333333334,0.7272727272727273
2026-01-06,ZON-020,sedan,5,3,0.4000000000000000,4.54,0.8000000000000000
2026-01-06,ZON-080,auto,9,7,0.1111111111111111,4.072916666666667,0.5555555555555556
2026-01-06,ZON-002,auto,4,4,0E-16,3.5375,0.5000000000000000
2026-01-06,ZON-065,bike_taxi,3,3,0E-16,2.8833333333333333,0E-16
2026-01-06,ZON-076,sedan,7,7,0E-16,2.8666666666666667,0.5714285714285714
2026-01-06,ZON-047,auto,9,7,0.1111111111111111,4.3875,0.5555555555555556
2026-01-06,ZON-114,auto,6,3,0.5000000000000000,2.944444444444444,0.5000000000000000
2026-01-06,ZON-004,auto,6,2,0.3333333333333333,3.6125,0.5000000000000000
2026-01-06,ZON-083,sedan,6,2,0.1666666666666667,2.55,0.5000000000000000
2026-01-06,ZON-032,auto,5,4,0.2000000000000000,3.0300000000000002,0.4000000000000000
2026-01-06,ZON-076,bike_taxi,5,4,0.2000000000000000,4.456666666666666,0.4000000000000000
2026-01-06,ZON-089,mini,5,3,0.2000000000000000,4.529166666666667,0.8000000000000000
2026-01-06,ZON-070,mini,5,1,0.8000000000000000,2.7866666666666666,0.4000000000000000
2026-01-06,ZON-056,bike_taxi,4,1,0.5000000000000000,4.188888888888889,0.2500000000000000
2026-01-07,ZON-049,bike_taxi,8,6,0E-16,3.3916666666666666,0.5000000000000000
2026-01-07,ZON-018,auto,7,5,0.1428571428571429,4.3805555555555555,0.5714285714285714
2026-01-07,ZON-118,mini,10,9,0.1000000000000000,4.194999999999999,0.8000000000000000
2026-01-07,ZON-043,bike_taxi,4,4,0E-16,2.6666666666666665,0.5000000000000000
2026-01-07,ZON-015,auto,3,2,0.3333333333333333,3.4777777777777774,0.3333333333333333
2026-01-07,ZON-041,sedan,10,8,0.1000000000000000,4.0,0.6000000000000000
2026-01-07,ZON-115,sedan,8,3,0.3750000000000000,3.3916666666666666,0.7500000000000000
2026-01-07,ZON-074,bike_taxi,5,4,0.2000000000000000,3.743333333333333,0.2000000000000000
2026-01-07,ZON-042,bike_taxi,4,3,0E-16,3.305555555555556,0.2500000000000000
2026-01-07,ZON-082,sedan,5,3,0.4000000000000000,3.606666666666667,0.8000000000000000
2026-01-07,ZON-057,bike_taxi,9,7,0.2222222222222222,3.6055555555555556,0.3333333333333333
2026-01-07,ZON-069,auto,8,5,0.1250000000000000,4.727777777777778,0.2500000000000000
2026-01-07,ZON-019,bike_taxi,5,5,0E-16,4.963333333333334,0.6000000000000000
2026-01-07,ZON-064,mini,6,4,0E-16,4.383333333333334,0.5000000000000000
2026-01-07,ZON-086,bike_taxi,5,4,0.2000000000000000,4.156666666666667,1.0000000000000000
2026-01-07,ZON-026,mini,7,2,0.4285714285714286,2.6233333333333335,0.4285714285714286
2026-01-07,ZON-066,mini,5,4,0E-16,3.375,0.6000000000000000
2026-01-07,ZON-093,bike_taxi,3,3,0E-16,3.655555555555556,0.6666666666666667
2026-01-06,ZON-109,auto,1,0,1.0000000000000000,2.566666666666667,1.0000000000000000
2026-01-08,ZON-028,mini,6,4,0.1666666666666667,3.2666666666666666,1.0000000000000000
2026-01-08,ZON-011,auto,4,3,0.2500000000000000,3.3666666666666667,0.7500000000000000
2026-01-08,ZON-075,bike_taxi,6,6,0E-16,3.625,0.5000000000000000
2026-01-08,ZON-078,bike_taxi,4,1,0.5000000000000000,3.961111111111111,1.0000000000000000
2026-01-08,ZON-031,auto,7,5,0.1428571428571429,5.027777777777778,0.5714285714285714
2026-01-08,ZON-023,mini,11,9,0.1818181818181818,4.703030303030303,0.5454545454545455
2026-01-08,ZON-043,mini,9,6,0.3333333333333333,3.781481481481481,0.6666666666666667
2026-01-08,ZON-076,auto,5,2,0.6000000000000000,2.65,0.4000000000000000
2026-01-08,ZON-104,auto,5,3,0.4000000000000000,2.9866666666666664,0.8000000000000000
2026-01-08,ZON-063,bike_taxi,5,1,0.8000000000000000,3.8066666666666666,0.2000000000000000
2026-01-08,ZON-102,sedan,3,2,0E-16,4.275,0.6666666666666667
2026-01-08,ZON-035,auto,7,5,0.1428571428571429,4.252777777777777,0.7142857142857143
2026-01-08,ZON-082,sedan,4,2,0.5000000000000000,3.9166666666666665,0.7500000000000000
2026-01-08,ZON-005,auto,7,5,0.1428571428571429,3.475,0.5714285714285714
2026-01-08,ZON-098,sedan,4,2,0.2500000000000000,2.6777777777777776,0.2500000000000000
2026-01-08,ZON-072,auto,4,2,0.2500000000000000,4.083333333333333,0.5000000000000000
2026-01-08,ZON-072,bike_taxi,2,1,0.5000000000000000,4.916666666666667,0E-16
2026-01-09,ZON-048,bike_taxi,6,6,0E-16,4.013888888888889,0.5000000000000000
2026-01-09,ZON-017,auto,10,6,0.2000000000000000,3.88125,0.6000000000000000
2026-01-09,ZON-072,bike_taxi,9,5,0E-16,4.076666666666666,0.4444444444444444
2026-01-09,ZON-091,sedan,3,2,0.3333333333333333,2.783333333333333,0.6666666666666667
2026-01-09,ZON-105,auto,8,7,0.1250000000000000,3.75,0.5000000000000000
2026-01-09,ZON-076,bike_taxi,5,5,0E-16,2.7766666666666664,0.6000000000000000
2026-01-09,ZON-078,bike_taxi,2,2,0E-16,2.95,0.5000000000000000
2026-01-09,ZON-020,auto,4,2,0.5000000000000000,2.8,0.2500000000000000
2026-01-09,ZON-065,mini,5,2,0.4000000000000000,3.5208333333333335,0.2000000000000000
2026-01-09,ZON-024,auto,9,6,0.2222222222222222,3.654166666666667,0.5555555555555556
2026-01-09,ZON-042,auto,5,3,0.4000000000000000,3.3833333333333333,0.8000000000000000
2026-01-09,ZON-014,bike_taxi,6,6,0E-16,5.044444444444445,0.1666666666666667
2026-01-09,ZON-017,sedan,6,4,0.3333333333333333,4.855555555555555,0.5000000000000000
2026-01-09,ZON-007,bike_taxi,5,3,0.2000000000000000,2.9125,0.4000000000000000
2026-01-09,ZON-057,bike_taxi,5,3,0.2000000000000000,4.466666666666667,0.6000000000000000
2026-01-10,ZON-069,sedan,4,2,0.5000000000000000,3.9833333333333334,0.7500000000000000
2026-01-10,ZON-014,sedan,4,4,0E-16,3.3875,0.5000000000000000
2026-01-10,ZON-055,sedan,2,2,0E-16,3.275,0.5000000000000000
2026-01-10,ZON-023,mini,12,9,0.0833333333333333,4.1066666666666665,0.5000000000000000
2026-01-10,ZON-026,auto,11,7,0.1818181818181818,2.8685185185185187,0.3636363636363636
2026-01-10,ZON-026,mini,8,5,0.2500000000000000,2.604761904761905,0.7500000000000000
2026-01-10,ZON-009,sedan,4,1,0.5000000000000000,2.5277777777777777,0.5000000000000000
2026-01-10,ZON-002,auto,6,3,0.3333333333333333,3.966666666666667,0.3333333333333333
2026-01-10,ZON-015,bike_taxi,4,2,0.2500000000000000,1.55,1.0000000000000000
2026-01-10,ZON-027,mini,8,5,0.2500000000000000,3.4857142857142858,0.2500000000000000
2026-01-10,ZON-078,mini,11,6,0.3636363636363636,2.6866666666666665,0.1818181818181818
2026-01-10,ZON-063,auto,3,2,0.3333333333333333,5.35,0.6666666666666667
2026-01-10,ZON-050,sedan,8,5,0.1250000000000000,2.4472222222222224,0.6250000000000000
2026-01-10,ZON-110,sedan,7,5,0.2857142857142857,3.052380952380952,0.5714285714285714
2026-01-10,ZON-044,bike_taxi,8,3,0.2500000000000000,2.3699999999999997,0.2500000000000000
2026-01-10,ZON-101,bike_taxi,4,2,0.5000000000000000,2.9208333333333334,1.0000000000000000
2026-01-10,ZON-084,bike_taxi,4,4,0E-16,4.633333333333334,0.7500000000000000
2026-01-10,ZON-001,auto,6,3,0.1666666666666667,3.2666666666666666,0.8333333333333333
2026-01-10,ZON-013,bike_taxi,5,3,0.4000000000000000,3.683333333333333,0.2000000000000000
2026-01-10,ZON-080,auto,5,4,0.2000000000000000,3.106666666666667,0.6000000000000000
2026-01-10,ZON-027,bike_taxi,4,3,0.2500000000000000,4.366666666666666,1.0000000000000000
2026-01-10,ZON-042,bike_taxi,5,4,0E-16,2.7416666666666667,0.6000000000000000
2026-01-10,ZON-071,sedan,4,2,0.5000000000000000,5.9375,0.7500000000000000
2026-01-10,ZON-096,bike_taxi,5,3,0.4000000000000000,3.1300000000000003,0.8000000000000000
2026-01-10,ZON-016,bike_taxi,3,2,0.3333333333333333,3.4833333333333334,0.6666666666666667
2026-01-09,ZON-069,sedan,2,1,0.5000000000000000,4.241666666666666,0.5000000000000000
2026-01-10,ZON-023,sedan,1,1,0E-16,2.6166666666666667,1.0000000000000000
2026-01-11,ZON-008,auto,6,5,0.1666666666666667,2.75,0.8333333333333333
2026-01-11,ZON-056,bike_taxi,6,3,0.5000000000000000,3.1527777777777777,0.6666666666666667
2026-01-11,ZON-075,mini,5,3,0.4000000000000000,4.593333333333334,1.0000000000000000
2026-01-11,ZON-078,auto,9,5,0.3333333333333333,3.8208333333333333,0.4444444444444444
2026-01-11,ZON-003,auto,13,9,0.2307692307692308,4.038888888888889,0.6153846153846154
2026-01-11,ZON-099,mini,6,2,0.1666666666666667,3.25,0.8333333333333333
2026-01-11,ZON-015,bike_taxi,3,1,0.6666666666666667,4.055555555555555,1.0000000000000000
2026-01-11,ZON-058,mini,6,4,0E-16,3.441666666666667,0.5000000000000000
2026-01-11,ZON-018,auto,8,5,0.2500000000000000,2.335714285714286,0.2500000000000000
2026-01-10,ZON-074,sedan,3,2,0.3333333333333333,4.927777777777778,0.3333333333333333
2026-01-11,ZON-059,mini,7,3,0.4285714285714286,2.6527777777777777,0.4285714285714286
2026-01-11,ZON-031,mini,6,4,0.3333333333333333,5.4944444444444445,0.5000000000000000
2026-01-11,ZON-090,mini,6,5,0E-16,2.75,0.5000000000000000
2026-01-11,ZON-055,auto,4,1,0.5000000000000000,1.827777777777778,0.5000000000000000
2026-01-10,ZON-063,sedan,2,2,0E-16,3.316666666666667,0.5000000000000000
2026-01-12,ZON-069,mini,4,3,0.2500000000000000,2.6041666666666665,0.7500000000000000
2026-01-12,ZON-092,auto,7,4,0.2857142857142857,5.069444444444445,0.4285714285714286
2026-01-12,ZON-093,mini,7,5,0.1428571428571429,3.0222222222222226,0.2857142857142857
2026-01-12,ZON-055,mini,7,3,0.1428571428571429,2.775,0.5714285714285714
2026-01-12,ZON-074,auto,5,2,0.4000000000000000,3.716666666666667,0.6000000000000000
2026-01-12,ZON-053,bike_taxi,6,3,0.1666666666666667,3.6416666666666666,0.3333333333333333
2026-01-12,ZON-008,bike_taxi,8,6,0.1250000000000000,3.50952380952381,0.6250000000000000
2026-01-12,ZON-045,auto,7,5,0.2857142857142857,3.969047619047619,0.2857142857142857
2026-01-12,ZON-057,bike_taxi,3,3,0E-16,2.155555555555556,0.6666666666666667
2026-01-12,ZON-066,sedan,4,4,0E-16,2.7333333333333334,0.2500000000000000
2026-01-12,ZON-045,sedan,1,0,0E-16,,1.0000000000000000
2026-01-13,ZON-063,bike_taxi,7,5,0E-16,4.266666666666667,0.5714285714285714
2026-01-13,ZON-109,sedan,3,3,0E-16,3.35,1.0000000000000000
2026-01-13,ZON-063,auto,9,6,0E-16,3.5805555555555557,0.5555555555555556
2026-01-13,ZON-101,mini,5,3,0.2000000000000000,5.095833333333333,0.8000000000000000
2026-01-13,ZON-025,mini,8,3,0.2500000000000000,2.9466666666666668,0.5000000000000000
2026-01-13,ZON-060,bike_taxi,4,1,0.7500000000000000,3.1083333333333334,0E-16
2026-01-13,ZON-094,sedan,3,2,0.3333333333333333,4.75,1.0000000000000000
2026-01-13,ZON-068,auto,6,4,0.3333333333333333,4.483333333333333,0.5000000000000000
2026-01-13,ZON-002,sedan,4,3,0.2500000000000000,4.595833333333333,0.7500000000000000
2026-01-13,ZON-041,bike_taxi,6,5,0E-16,3.533333333333333,0.5000000000000000
2026-01-13,ZON-027,bike_taxi,5,3,0.2000000000000000,4.875,0.6000000000000000
2026-01-13,ZON-057,sedan,2,1,0.5000000000000000,4.45,0.5000000000000000
2026-01-13,ZON-026,auto,6,4,0.1666666666666667,3.683333333333333,0.6666666666666667
2026-01-12,ZON-077,sedan,3,1,0.6666666666666667,4.1,0.3333333333333333
2026-01-13,ZON-016,sedan,6,5,0E-16,3.46,0.3333333333333333
2026-01-14,ZON-004,sedan,7,3,0.2857142857142857,3.356666666666667,0.5714285714285714
2026-01-14,ZON-033,auto,6,4,0.3333333333333333,4.261111111111111,0.8333333333333333
2026-01-14,ZON-042,auto,15,9,0.2666666666666667,4.134615384615384,0.7333333333333333
2026-01-14,ZON-030,bike_taxi,11,10,0.0909090909090909,3.7393939393939397,0.2727272727272727
2026-01-14,ZON-035,sedan,5,3,0.4000000000000000,3.3,0.6000000000000000
2026-01-14,ZON-110,auto,12,6,0.5000000000000000,3.736111111111111,0.5000000000000000
2026-01-14,ZON-114,mini,8,2,0.5000000000000000,3.761111111111111,0.6250000000000000
2026-01-14,ZON-031,auto,3,3,0E-16,4.572222222222222,0.3333333333333333
2026-01-14,ZON-102,bike_taxi,3,3,0E-16,4.538888888888889,0.3333333333333333
2026-01-14,ZON-031,mini,12,6,0.2500000000000000,4.874074074074074,0.5833333333333333
2026-01-14,ZON-118,sedan,6,0,0.6666666666666667,4.004166666666666,0.6666666666666667
2026-01-14,ZON-008,sedan,6,4,0E-16,3.7041666666666666,0.3333333333333333
2026-01-14,ZON-081,sedan,7,5,0.1428571428571429,3.138888888888889,0.4285714285714286
2026-01-14,ZON-115,bike_taxi,3,1,0.6666666666666667,4.616666666666666,0E-16
2026-01-14,ZON-098,bike_taxi,8,6,0.2500000000000000,3.2125,0.3750000000000000
2026-01-14,ZON-066,auto,4,3,0.2500000000000000,2.175,0E-16
2026-01-14,ZON-049,bike_taxi,5,4,0.2000000000000000,3.256666666666667,0.6000000000000000
2026-01-14,ZON-024,bike_taxi,6,4,0.1666666666666667,4.35,0.3333333333333333
2026-01-14,ZON-085,auto,6,4,0.3333333333333333,3.5222222222222226,0.6666666666666667
2026-01-14,ZON-104,auto,5,3,0.4000000000000000,4.466666666666667,0.6000000000000000
2026-01-14,ZON-053,auto,3,3,0E-16,5.161111111111111,0.3333333333333333
2026-01-01,ZON-087,bike_taxi,5,3,0.2000000000000000,2.55,0.6000000000000000
2026-01-01,ZON-042,auto,8,5,0.2500000000000000,4.376190476190476,0.5000000000000000
2026-01-01,ZON-020,bike_taxi,9,7,0.2222222222222222,3.811111111111111,0.6666666666666667
2026-01-01,ZON-008,mini,3,3,0E-16,4.566666666666666,0.3333333333333333
2026-01-01,ZON-002,auto,7,7,0E-16,5.033333333333333,0.1428571428571429
2026-01-01,ZON-084,mini,10,8,0.2000000000000000,3.7849999999999997,0.7000000000000000
2026-01-01,ZON-116,mini,10,6,0.3000000000000000,2.498148148148148,0.5000000000000000
2026-01-01,ZON-055,bike_taxi,7,2,0.5714285714285714,3.4027777777777777,0.4285714285714286
2026-01-01,ZON-058,auto,6,5,0E-16,4.3966666666666665,0.3333333333333333
2026-01-01,ZON-065,sedan,6,3,0.1666666666666667,2.3833333333333333,0.6666666666666667
2026-01-01,ZON-011,auto,10,7,0.2000000000000000,3.6351851851851853,0.5000000000000000
2026-01-01,ZON-021,mini,4,2,0.2500000000000000,2.611111111111111,0.5000000000000000
2026-01-01,ZON-032,auto,10,8,0.2000000000000000,3.945,0.5000000000000000
2026-01-01,ZON-005,mini,3,2,0.3333333333333333,3.411111111111111,0.3333333333333333
2026-01-01,ZON-096,sedan,7,5,0.2857142857142857,3.807142857142857,0.5714285714285714
2026-01-01,ZON-011,sedan,2,2,0E-16,5.516666666666667,0.5000000000000000
2026-01-02,ZON-095,auto,7,6,0E-16,2.0194444444444444,0.7142857142857143
2026-01-02,ZON-038,auto,10,7,0.3000000000000000,4.016666666666667,0.6000000000000000
2026-01-02,ZON-091,auto,4,4,0E-16,2.9791666666666665,0.2500000000000000
2026-01-02,ZON-115,bike_taxi,7,4,0.4285714285714286,4.419047619047619,0.5714285714285714
2026-01-02,ZON-083,auto,7,5,0.2857142857142857,3.8595238095238096,0.8571428571428571
2026-01-02,ZON-072,auto,6,5,0.1666666666666667,3.7527777777777778,0.3333333333333333
2026-01-02,ZON-120,bike_taxi,4,2,0.5000000000000000,4.583333333333333,0E-16
2026-01-02,ZON-012,mini,7,5,0.2857142857142857,3.3238095238095235,0.5714285714285714
2026-01-02,ZON-071,auto,6,4,0.1666666666666667,3.0300000000000002,0.3333333333333333
2026-01-02,ZON-062,sedan,7,5,0.2857142857142857,2.069047619047619,0.4285714285714286
2026-01-02,ZON-034,mini,7,3,0.4285714285714286,4.127777777777777,0.4285714285714286
2026-01-02,ZON-077,sedan,7,3,0.4285714285714286,3.05,0.8571428571428571
2026-01-02,ZON-115,sedan,3,2,0E-16,4.716666666666667,0.6666666666666667
2026-01-02,ZON-013,bike_taxi,4,4,0E-16,3.475,0.2500000000000000
2026-01-02,ZON-094,mini,7,5,0.1428571428571429,3.8583333333333334,0.8571428571428571
2026-01-02,ZON-111,bike_taxi,6,5,0E-16,4.376666666666667,0.8333333333333333
2026-01-02,ZON-088,auto,8,7,0.1250000000000000,3.85625,0.5000000000000000
2026-01-02,ZON-074,auto,4,4,0E-16,1.7125,0.2500000000000000
2026-01-02,ZON-098,sedan,4,3,0.2500000000000000,1.8041666666666667,0.2500000000000000
2026-01-02,ZON-017,sedan,3,1,0.6666666666666667,3.566666666666667,0.3333333333333333
2026-01-03,ZON-080,sedan,6,5,0.1666666666666667,4.330555555555555,0.5000000000000000
2026-01-03,ZON-077,auto,8,7,0.1250000000000000,4.277083333333334,0.5000000000000000
2026-01-03,ZON-065,mini,9,8,0.1111111111111111,3.6703703703703705,0.6666666666666667
2026-01-03,ZON-043,auto,8,5,0.1250000000000000,3.6416666666666666,0.6250000000000000
2026-01-03,ZON-073,auto,5,2,0.6000000000000000,3.106666666666667,0.8000000000000000
2026-01-03,ZON-014,auto,3,2,0E-16,2.65,0.6666666666666667
2026-01-03,ZON-050,sedan,6,6,0E-16,4.416666666666667,0.8333333333333333
2026-01-03,ZON-103,auto,10,8,0.1000000000000000,3.601851851851852,0.6000000000000000
2026-01-03,ZON-119,bike_taxi,6,6,0E-16,3.6416666666666666,0.6666666666666667
2026-01-03,ZON-025,bike_taxi,4,3,0.2500000000000000,5.529166666666667,0.5000000000000000
2026-01-03,ZON-032,auto,12,5,0.4166666666666667,3.9033333333333333,0.3333333333333333
2026-01-03,ZON-096,auto,7,4,0.2857142857142857,2.9722222222222223,0.5714285714285714
2026-01-03,ZON-005,auto,5,3,0.4000000000000000,3.106666666666667,0.4000000000000000
2026-01-03,ZON-109,sedan,5,3,0.4000000000000000,2.1366666666666663,0.6000000000000000
2026-01-03,ZON-062,auto,8,4,0.2500000000000000,3.441666666666667,0.3750000000000000
2026-01-03,ZON-091,mini,4,3,0.2500000000000000,3.3333333333333335,0.7500000000000000
2026-01-03,ZON-016,bike_taxi,4,3,0E-16,3.6722222222222225,0.5000000000000000
2026-01-03,ZON-068,bike_taxi,7,6,0.1428571428571429,3.8904761904761904,0.4285714285714286
2026-01-03,ZON-026,mini,3,2,0E-16,4.325,0.6666666666666667
2026-01-02,ZON-088,sedan,2,1,0.5000000000000000,1.9416666666666667,0.5000000000000000
2026-01-03,ZON-062,sedan,3,3,0E-16,5.666666666666667,1.0000000000000000
2026-01-04,ZON-022,sedan,3,2,0.3333333333333333,4.222222222222222,0.6666666666666667
2026-01-04,ZON-042,bike_taxi,8,7,0E-16,2.3,0.5000000000000000
2026-01-04,ZON-081,auto,5,1,0.6000000000000000,4.841666666666667,0.8000000000000000
2026-01-04,ZON-117,bike_taxi,5,2,0.2000000000000000,2.9777777777777774,0.6000000000000000
2026-01-04,ZON-056,sedan,7,4,0.4285714285714286,3.2452380952380953,0.7142857142857143
2026-01-04,ZON-067,bike_taxi,6,4,0.3333333333333333,2.7944444444444443,0.1666666666666667
2026-01-04,ZON-063,auto,3,3,0E-16,3.8833333333333333,0.6666666666666667
2026-01-04,ZON-089,bike_taxi,5,2,0.2000000000000000,4.644444444444445,0.6000000000000000
2026-01-04,ZON-022,bike_taxi,5,1,0.6000000000000000,3.254166666666667,0.6000000000000000
2026-01-04,ZON-008,mini,8,5,0.2500000000000000,3.571428571428571,0.3750000000000000
2026-01-04,ZON-076,sedan,4,3,0E-16,4.655555555555555,0.2500000000000000
2026-01-04,ZON-005,sedan,3,3,0E-16,5.661111111111111,0E-16
2026-01-04,ZON-114,sedan,5,5,0E-16,2.4699999999999998,0.4000000000000000
2026-01-04,ZON-120,bike_taxi,2,1,0E-16,6.333333333333333,0.5000000000000000
2026-01-04,ZON-064,sedan,8,5,0.1250000000000000,4.25,0.6250000000000000
2026-01-04,ZON-057,bike_taxi,7,6,0E-16,3.4833333333333334,0.5714285714285714
2026-01-04,ZON-113,sedan,3,1,0.6666666666666667,4.0,0.6666666666666667
2026-01-04,ZON-118,sedan,4,3,0.2500000000000000,2.1791666666666667,0.2500000000000000
2026-01-04,ZON-058,sedan,4,4,0E-16,5.354166666666667,0.5000000000000000
2026-01-04,ZON-038,bike_taxi,5,1,0.8000000000000000,3.4733333333333336,0.8000000000000000
2026-01-04,ZON-085,bike_taxi,2,2,0E-16,3.7583333333333333,0.5000000000000000
2026-01-04,ZON-048,mini,1,1,0E-16,4.4,0E-16
2026-01-05,ZON-045,bike_taxi,8,7,0.1250000000000000,3.11875,0E-16
2026-01-05,ZON-050,bike_taxi,5,2,0.6000000000000000,3.643333333333333,0.6000000000000000
2026-01-05,ZON-090,mini,10,7,0E-16,3.019047619047619,0.5000000000000000
2026-01-05,ZON-083,auto,5,4,0E-16,4.208333333333333,0.2000000000000000
2026-01-05,ZON-082,mini,4,3,0.2500000000000000,3.1125,0.7500000000000000
2026-01-05,ZON-072,mini,7,6,0.1428571428571429,3.6333333333333333,0.2857142857142857
2026-01-05,ZON-083,sedan,2,1,0.5000000000000000,2.525,1.0000000000000000
2026-01-05,ZON-013,auto,5,1,0.6000000000000000,3.029166666666667,0.2000000000000000
2026-01-05,ZON-018,bike_taxi,3,2,0E-16,4.983333333333333,1.0000000000000000
2026-01-05,ZON-038,bike_taxi,5,4,0E-16,3.308333333333333,0.6000000000000000
2026-01-05,ZON-103,auto,5,2,0.6000000000000000,2.49,0.6000000000000000
2026-01-05,ZON-051,sedan,3,3,0E-16,3.561111111111111,0.3333333333333333
2026-01-05,ZON-053,sedan,5,2,0.6000000000000000,3.9,0.6000000000000000
2026-01-05,ZON-014,sedan,3,1,0.6666666666666667,4.461111111111111,0.6666666666666667
2026-01-05,ZON-097,auto,7,6,0E-16,3.686111111111111,0.2857142857142857
2026-01-05,ZON-072,sedan,3,3,0E-16,2.3555555555555556,0.3333333333333333
2026-01-05,ZON-005,sedan,5,1,0.2000000000000000,3.316666666666667,0.8000000000000000
2026-01-06,ZON-067,mini,14,11,0.1428571428571429,2.4346153846153844,0.5000000000000000
2026-01-06,ZON-084,sedan,8,5,0.1250000000000000,3.6027777777777774,0.7500000000000000
2026-01-06,ZON-073,auto,7,7,0E-16,3.6476190476190475,0.5714285714285714
2026-01-06,ZON-104,mini,7,4,0.1428571428571429,4.023333333333333,0.8571428571428571
2026-01-06,ZON-011,mini,6,5,0.1666666666666667,4.655555555555555,0.1666666666666667
2026-01-06,ZON-046,auto,5,4,0E-16,3.970833333333333,0.2000000000000000
2026-01-06,ZON-025,sedan,4,2,0E-16,3.3833333333333333,0E-16
2026-01-06,ZON-017,auto,10,8,0.1000000000000000,4.125925925925926,0.5000000000000000
2026-01-06,ZON-018,auto,7,2,0.2857142857142857,2.283333333333333,0.2857142857142857
2026-01-06,ZON-114,mini,5,4,0.2000000000000000,3.25,0.6000000000000000
2026-01-06,ZON-008,sedan,3,0,0.6666666666666667,4.258333333333334,0.3333333333333333
2026-01-06,ZON-064,sedan,2,1,0.5000000000000000,1.225,0E-16
2026-01-06,ZON-030,sedan,5,1,0.6000000000000000,4.170833333333333,1.0000000000000000
2026-01-06,ZON-041,sedan,5,1,0.4000000000000000,3.488888888888889,0.8000000000000000
2026-01-07,ZON-070,mini,5,4,0E-16,4.704166666666667,0.4000000000000000
2026-01-07,ZON-110,auto,7,6,0.1428571428571429,4.20952380952381,1.0000000000000000
2026-01-07,ZON-106,mini,7,4,0.2857142857142857,4.666666666666667,0.7142857142857143
2026-01-07,ZON-113,auto,7,4,0.2857142857142857,3.3916666666666666,0.7142857142857143
2026-01-07,ZON-008,mini,7,3,0.1428571428571429,5.175,0.4285714285714286
2026-01-07,ZON-043,auto,8,3,0.2500000000000000,3.7066666666666666,0.3750000000000000
2026-01-07,ZON-049,mini,9,5,0.4444444444444444,4.264814814814815,0.4444444444444444
2026-01-07,ZON-082,auto,9,5,0.2222222222222222,2.8785714285714286,0.3333333333333333
2026-01-07,ZON-077,mini,9,4,0.3333333333333333,3.2333333333333334,0.4444444444444444
2026-01-07,ZON-009,sedan,4,3,0.2500000000000000,4.6125,0.2500000000000000
2026-01-07,ZON-004,auto,7,6,0.1428571428571429,3.8333333333333335,0.4285714285714286
2026-01-07,ZON-048,mini,10,8,0.1000000000000000,4.044444444444444,0.5000000000000000
2026-01-07,ZON-001,mini,3,2,0.3333333333333333,4.033333333333333,0.6666666666666667
2026-01-07,ZON-054,auto,7,4,0.2857142857142857,3.775,0.5714285714285714
2026-01-07,ZON-084,mini,9,4,0.3333333333333333,3.1333333333333333,0.3333333333333333
2026-01-07,ZON-061,sedan,4,1,0.5000000000000000,3.6722222222222225,0.2500000000000000
2026-01-07,ZON-113,bike_taxi,1,1,0E-16,6.2,1.0000000000000000
2026-01-07,ZON-104,auto,6,4,0.1666666666666667,3.51,0.6666666666666667
2026-01-07,ZON-035,sedan,5,3,0.2000000000000000,5.004166666666666,0.6000000000000000
2026-01-07,ZON-009,bike_taxi,7,6,0.1428571428571429,2.007142857142857,0.7142857142857143
2026-01-07,ZON-087,auto,8,5,0.3750000000000000,3.7354166666666666,0.3750000000000000
2026-01-07,ZON-013,bike_taxi,6,3,0.3333333333333333,5.653333333333333,0.8333333333333333
2026-01-07,ZON-079,bike_taxi,5,2,0.4000000000000000,1.8041666666666667,0.4000000000000000
2026-01-07,ZON-011,mini,6,5,0.1666666666666667,4.461111111111111,0.6666666666666667
2026-01-07,ZON-091,mini,2,1,0E-16,4.466666666666667,0.5000000000000000
2026-01-08,ZON-115,auto,7,5,0.2857142857142857,4.078571428571428,0.7142857142857143
2026-01-08,ZON-022,bike_taxi,4,2,0.5000000000000000,4.158333333333333,0.2500000000000000
2026-01-08,ZON-008,bike_taxi,5,4,0E-16,4.158333333333333,0.4000000000000000
2026-01-08,ZON-076,bike_taxi,9,4,0.1111111111111111,5.116666666666666,0.7777777777777778
2026-01-08,ZON-007,mini,7,4,0.2857142857142857,2.933333333333333,0.4285714285714286
2026-01-08,ZON-105,bike_taxi,6,3,0.3333333333333333,3.6933333333333334,0.3333333333333333
2026-01-08,ZON-085,sedan,5,3,0.2000000000000000,3.0375,0.4000000000000000
2026-01-08,ZON-064,mini,8,5,0.2500000000000000,2.6523809523809523,0.2500000000000000
2026-01-08,ZON-036,bike_taxi,5,4,0E-16,4.5,0.6000000000000000
2026-01-08,ZON-118,bike_taxi,7,4,0.2857142857142857,3.7583333333333333,0.4285714285714286
2026-01-08,ZON-071,sedan,4,4,0E-16,2.825,0.2500000000000000
2026-01-08,ZON-064,bike_taxi,4,2,0.5000000000000000,2.9166666666666665,0.7500000000000000
2026-01-08,ZON-115,bike_taxi,5,4,0.2000000000000000,2.7733333333333334,0.8000000000000000
2026-01-08,ZON-113,sedan,4,2,0.2500000000000000,2.838888888888889,0.5000000000000000
2026-01-08,ZON-059,auto,5,4,0.2000000000000000,4.3933333333333335,0.6000000000000000
2026-01-08,ZON-114,auto,5,5,0E-16,4.756666666666666,0.6000000000000000
2026-01-08,ZON-113,mini,3,1,0.6666666666666667,2.594444444444444,1.0000000000000000
2026-01-08,ZON-120,sedan,6,3,0.5000000000000000,4.25,0.5000000000000000
2026-01-08,ZON-110,bike_taxi,4,2,0.5000000000000000,4.583333333333333,0.5000000000000000
2026-01-08,ZON-118,mini,3,1,0.3333333333333333,1.625,0.6666666666666667
2026-01-08,ZON-005,bike_taxi,3,3,0E-16,2.655555555555556,0E-16
2026-01-08,ZON-111,sedan,4,4,0E-16,4.4875,0.5000000000000000
2026-01-09,ZON-034,sedan,6,6,0E-16,5.222222222222222,0.8333333333333333
2026-01-09,ZON-007,mini,9,5,0.3333333333333333,4.16875,0.5555555555555556
2026-01-09,ZON-083,mini,6,3,0.3333333333333333,4.843333333333334,0.8333333333333333
2026-01-09,ZON-086,mini,7,3,0.4285714285714286,3.305555555555556,0.5714285714285714
2026-01-09,ZON-110,sedan,5,4,0.2000000000000000,3.5166666666666666,0.4000000000000000
2026-01-09,ZON-064,bike_taxi,3,2,0.3333333333333333,4.333333333333333,0.6666666666666667
2026-01-09,ZON-109,sedan,3,3,0E-16,5.555555555555555,1.0000000000000000
2026-01-09,ZON-011,sedan,3,3,0E-16,1.3111111111111111,0.3333333333333333
2026-01-09,ZON-082,auto,4,3,0.2500000000000000,3.058333333333333,0.5000000000000000
2026-01-09,ZON-015,mini,5,3,0.2000000000000000,3.8375,0.2000000000000000
2026-01-09,ZON-034,auto,6,5,0E-16,3.643333333333333,0.3333333333333333
2026-01-09,ZON-037,auto,4,2,0.5000000000000000,4.4125,0.7500000000000000
2026-01-09,ZON-033,mini,7,5,0.2857142857142857,2.7738095238095237,0.5714285714285714
2026-01-09,ZON-010,sedan,3,3,0E-16,2.811111111111111,0.6666666666666667
2026-01-09,ZON-103,sedan,3,2,0.3333333333333333,4.622222222222222,0.3333333333333333
2026-01-09,ZON-014,mini,4,4,0E-16,2.7958333333333334,0.7500000000000000
2026-01-09,ZON-054,auto,1,1,0E-16,6.4,0E-16
2026-01-10,ZON-026,sedan,6,4,0E-16,3.2291666666666665,0.5000000000000000
2026-01-10,ZON-021,auto,11,8,0.1818181818181818,3.3033333333333332,0.4545454545454545
2026-01-10,ZON-052,auto,7,4,0E-16,3.379166666666667,0.4285714285714286
2026-01-10,ZON-049,auto,7,5,0.1428571428571429,3.1055555555555556,0.8571428571428571
2026-01-10,ZON-056,sedan,5,4,0.2000000000000000,4.116666666666666,0.8000000000000000
2026-01-10,ZON-010,bike_taxi,6,4,0.1666666666666667,4.95,0.3333333333333333
2026-01-10,ZON-103,bike_taxi,8,5,0.3750000000000000,4.010416666666667,0.6250000000000000
2026-01-10,ZON-100,bike_taxi,7,3,0.4285714285714286,3.5444444444444443,0.4285714285714286
2026-01-10,ZON-088,bike_taxi,4,3,0E-16,1.9444444444444444,1.0000000000000000
2026-01-10,ZON-006,bike_taxi,4,4,0E-16,4.045833333333333,0.2500000000000000
2026-01-10,ZON-097,auto,5,3,0.4000000000000000,3.43,0.8000000000000000
2026-01-10,ZON-003,auto,2,1,0E-16,3.533333333333333,0E-16
2026-01-10,ZON-043,sedan,6,4,0.3333333333333333,3.6972222222222224,0.6666666666666667
2026-01-10,ZON-067,sedan,5,2,0.6000000000000000,3.8233333333333333,0.6000000000000000
2026-01-10,ZON-036,auto,4,2,0.2500000000000000,2.6277777777777778,0.2500000000000000
2026-01-10,ZON-085,sedan,2,1,0.5000000000000000,2.9916666666666667,0.5000000000000000
2026-01-10,ZON-082,mini,5,3,0.2000000000000000,3.595833333333333,0.6000000000000000
2026-01-10,ZON-089,bike_taxi,3,3,0E-16,3.2666666666666666,0.6666666666666667
2026-01-11,ZON-071,auto,4,3,0.2500000000000000,2.1125,0.5000000000000000
2026-01-11,ZON-114,mini,8,8,0E-16,5.079166666666667,0.3750000000000000
2026-01-11,ZON-029,bike_taxi,8,6,0.2500000000000000,4.183333333333334,0.6250000000000000
2026-01-11,ZON-008,mini,6,3,0.5000000000000000,4.1194444444444445,0.5000000000000000
2026-01-11,ZON-024,mini,6,3,0.5000000000000000,2.2,0.3333333333333333
2026-01-11,ZON-063,mini,3,2,0.3333333333333333,2.6222222222222222,1.0000000000000000
2026-01-11,ZON-107,mini,6,3,0.5000000000000000,3.2416666666666667,1.0000000000000000
2026-01-11,ZON-097,auto,9,4,0.3333333333333333,3.692857142857143,0.6666666666666667
2026-01-11,ZON-063,bike_taxi,5,4,0.2000000000000000,4.736666666666666,0.6000000000000000
2026-01-11,ZON-053,auto,4,3,0.2500000000000000,4.279166666666667,0.5000000000000000
2026-01-11,ZON-041,bike_taxi,8,5,0.1250000000000000,3.825,0.2500000000000000
2026-01-11,ZON-038,auto,5,1,0.4000000000000000,4.205555555555556,0.8000000000000000
2026-01-11,ZON-095,bike_taxi,4,3,0.2500000000000000,3.5625,0.5000000000000000
2026-01-11,ZON-016,auto,5,2,0.4000000000000000,4.120833333333334,0.8000000000000000
2026-01-11,ZON-043,auto,6,3,0.3333333333333333,2.0933333333333333,0.5000000000000000
2026-01-11,ZON-117,sedan,6,4,0.3333333333333333,2.6472222222222226,0.8333333333333333
2026-01-11,ZON-075,sedan,5,1,0.2000000000000000,2.0083333333333333,0.6000000000000000
2026-01-11,ZON-113,bike_taxi,3,3,0E-16,4.133333333333334,0.6666666666666667
2026-01-11,ZON-073,bike_taxi,4,1,0.5000000000000000,5.216666666666667,0.5000000000000000
2026-01-11,ZON-075,auto,3,2,0E-16,3.3916666666666666,1.0000000000000000
2026-01-11,ZON-065,sedan,4,4,0E-16,2.6791666666666667,0.5000000000000000
2026-01-11,ZON-002,mini,2,1,0E-16,6.783333333333333,0.5000000000000000
2026-01-11,ZON-060,sedan,6,4,0.3333333333333333,4.338888888888889,0.6666666666666667
2026-01-11,ZON-094,bike_taxi,2,1,0E-16,6.9,1.0000000000000000
2026-01-12,ZON-011,sedan,8,5,0.3750000000000000,3.1958333333333333,0.6250000000000000
2026-01-12,ZON-120,bike_taxi,7,5,0.2857142857142857,4.007142857142857,0.4285714285714286
2026-01-12,ZON-069,auto,6,5,0E-16,3.8733333333333335,0.6666666666666667
2026-01-12,ZON-103,mini,5,4,0.2000000000000000,4.77,0.8000000000000000
2026-01-12,ZON-006,auto,7,4,0.1428571428571429,2.6366666666666663,0.4285714285714286
2026-01-12,ZON-008,mini,6,4,0.1666666666666667,2.796666666666667,0.3333333333333333
2026-01-12,ZON-070,auto,5,2,0E-16,2.7333333333333334,0.4000000000000000
2026-01-12,ZON-116,bike_taxi,4,4,0E-16,3.9583333333333335,0.7500000000000000
2026-01-12,ZON-061,mini,9,8,0E-16,2.5708333333333333,0.6666666666666667
2026-01-12,ZON-023,mini,7,3,0.2857142857142857,3.8666666666666667,0.8571428571428571
2026-01-12,ZON-101,mini,6,3,0.5000000000000000,3.3722222222222222,0.5000000000000000
2026-01-12,ZON-016,auto,13,11,0.0769230769230769,3.4916666666666667,0.3846153846153846
2026-01-12,ZON-013,mini,8,6,0E-16,5.825,0.6250000000000000
2026-01-12,ZON-047,bike_taxi,5,4,0.2000000000000000,4.319999999999999,0.4000000000000000
2026-01-12,ZON-076,sedan,5,4,0.2000000000000000,4.5600000000000005,0.4000000000000000
2026-01-12,ZON-025,bike_taxi,7,5,0.1428571428571429,5.405555555555555,1.0000000000000000
2026-01-12,ZON-012,sedan,3,3,0E-16,4.261111111111111,0.3333333333333333
2026-01-12,ZON-105,bike_taxi,6,2,0.3333333333333333,4.729166666666667,0.1666666666666667
2026-01-12,ZON-094,mini,9,3,0.4444444444444444,4.083333333333333,0.6666666666666667
2026-01-12,ZON-092,bike_taxi,5,4,0E-16,4.291666666666667,0.4000000000000000
2026-01-12,ZON-006,mini,7,5,0.1428571428571429,3.2444444444444445,0.5714285714285714
2026-01-12,ZON-009,sedan,2,2,0E-16,4.475,0.5000000000000000
2026-01-12,ZON-090,auto,7,5,0E-16,3.4,0.7142857142857143
2026-01-12,ZON-036,bike_taxi,2,2,0E-16,4.558333333333334,0.5000000000000000
2026-01-12,ZON-093,sedan,2,2,0E-16,3.7083333333333335,0.5000000000000000
2026-01-12,ZON-060,sedan,3,1,0E-16,4.15,0.6666666666666667
2026-01-13,ZON-001,auto,5,4,0.2000000000000000,4.076666666666666,0.6000000000000000
2026-01-13,ZON-055,sedan,3,0,0.6666666666666667,2.3583333333333334,0.3333333333333333
2026-01-13,ZON-100,auto,9,6,0E-16,4.558333333333334,0.4444444444444444
2026-01-13,ZON-071,mini,9,7,0.1111111111111111,3.575,0.6666666666666667
2026-01-13,ZON-083,sedan,5,2,0.4000000000000000,3.0416666666666665,0.4000000000000000
2026-01-13,ZON-087,sedan,3,3,0E-16,3.588888888888889,0.3333333333333333
2026-01-13,ZON-116,bike_taxi,4,4,0E-16,3.3291666666666666,0.2500000000000000
2026-01-13,ZON-039,mini,4,4,0E-16,2.325,0.5000000000000000
2026-01-13,ZON-012,auto,6,2,0.5000000000000000,4.216666666666667,0.6666666666666667
2026-01-13,ZON-095,auto,4,3,0.2500000000000000,4.529166666666667,0.5000000000000000
2026-01-13,ZON-110,auto,10,7,0.1000000000000000,4.16875,0.6000000000000000
2026-01-13,ZON-028,mini,7,3,0.4285714285714286,2.716666666666667,0.1428571428571429
2026-01-13,ZON-068,sedan,5,2,0.4000000000000000,4.0375,0.4000000000000000
2026-01-13,ZON-035,bike_taxi,3,1,0.6666666666666667,3.783333333333333,0.3333333333333333
2026-01-13,ZON-033,mini,5,3,0.2000000000000000,4.275,0.8000000000000000
2026-01-13,ZON-052,auto,5,3,0.2000000000000000,3.475,0.6000000000000000
2026-01-13,ZON-048,sedan,5,4,0.2000000000000000,2.5900000000000003,0.6000000000000000
2026-01-13,ZON-017,sedan,3,2,0.3333333333333333,4.233333333333333,1.0000000000000000
2026-01-14,ZON-027,bike_taxi,8,4,0.1250000000000000,4.52,0.7500000000000000
2026-01-14,ZON-011,sedan,7,7,0E-16,2.742857142857143,0.5714285714285714
2026-01-14,ZON-072,bike_taxi,5,3,0.2000000000000000,4.108333333333333,0.6000000000000000
2026-01-14,ZON-117,bike_taxi,7,7,0E-16,3.6952380952380954,0.7142857142857143
2026-01-14,ZON-064,mini,5,3,0E-16,4.022222222222222,0.8000000000000000
2026-01-14,ZON-077,sedan,4,2,0.5000000000000000,3.191666666666667,0.5000000000000000
2026-01-14,ZON-051,bike_taxi,7,4,0.1428571428571429,2.8800000000000003,0.4285714285714286
2026-01-14,ZON-062,mini,9,7,0.1111111111111111,3.8041666666666667,0.4444444444444444
2026-01-14,ZON-067,mini,2,1,0.5000000000000000,4.216666666666667,1.0000000000000000
2026-01-14,ZON-088,auto,7,6,0.1428571428571429,3.6714285714285713,0.7142857142857143
2026-01-14,ZON-011,mini,5,4,0.2000000000000000,4.52,1.0000000000000000
2026-01-14,ZON-013,mini,9,5,0.3333333333333333,3.6020833333333333,0.6666666666666667
2026-01-14,ZON-015,sedan,3,1,0.3333333333333333,4.466666666666667,0.3333333333333333
2026-01-14,ZON-048,bike_taxi,7,4,0.2857142857142857,3.283333333333333,0.5714285714285714
2026-01-14,ZON-006,sedan,7,3,0.2857142857142857,3.0633333333333335,0.7142857142857143
2026-01-14,ZON-003,auto,2,1,0E-16,5.016666666666667,1.0000000000000000
2026-01-01,ZON-010,mini,9,6,0.3333333333333333,3.851851851851852,0.6666666666666667
2026-01-01,ZON-021,sedan,5,5,0E-16,3.5900000000000003,0.2000000000000000
2026-01-01,ZON-114,auto,7,4,0.2857142857142857,3.3305555555555557,0.4285714285714286
2026-01-01,ZON-084,sedan,2,2,0E-16,2.183333333333333,1.0000000000000000
2026-01-01,ZON-018,auto,5,3,0.4000000000000000,3.2199999999999998,0.8000000000000000
2026-01-01,ZON-078,sedan,6,3,0.1666666666666667,3.941666666666667,0.6666666666666667
2026-01-01,ZON-057,auto,11,6,0.2727272727272727,3.403703703703704,0.3636363636363636
2026-01-01,ZON-068,sedan,5,5,0E-16,4.113333333333333,0.2000000000000000
2026-01-01,ZON-051,mini,6,3,0.3333333333333333,3.9699999999999998,0.8333333333333333
2026-01-01,ZON-107,auto,2,1,0.5000000000000000,5.308333333333334,0.5000000000000000
2026-01-01,ZON-119,sedan,5,5,0E-16,3.5166666666666666,0.4000000000000000
2026-01-01,ZON-045,auto,6,5,0.1666666666666667,3.2444444444444445,0.3333333333333333
2026-01-01,ZON-016,mini,6,3,0.5000000000000000,4.786111111111111,0.6666666666666667
2026-01-01,ZON-050,sedan,5,3,0.2000000000000000,4.2875,0.4000000000000000
2026-01-01,ZON-024,bike_taxi,2,1,0E-16,4.933333333333334,1.0000000000000000
2026-01-01,ZON-086,sedan,4,3,0.2500000000000000,2.7083333333333335,0.7500000000000000
2026-01-01,ZON-094,sedan,4,3,0.2500000000000000,3.5416666666666665,0.7500000000000000
2026-01-01,ZON-103,sedan,5,2,0.2000000000000000,2.088888888888889,0.4000000000000000
2026-01-01,ZON-018,bike_taxi,4,4,0E-16,3.691666666666667,0.5000000000000000
2026-01-02,ZON-021,mini,9,6,0.3333333333333333,2.4,0.5555555555555556
2026-01-02,ZON-023,sedan,3,3,0E-16,4.183333333333334,0.3333333333333333
2026-01-02,ZON-034,bike_taxi,6,4,0.3333333333333333,3.1333333333333333,0.6666666666666667
2026-01-02,ZON-018,sedan,3,0,1.0000000000000000,2.716666666666667,0.3333333333333333
2026-01-02,ZON-120,mini,8,3,0.5000000000000000,4.15952380952381,0.5000000000000000
2026-01-02,ZON-093,bike_taxi,5,4,0.2000000000000000,5.203333333333333,0.4000000000000000
2026-01-02,ZON-076,auto,7,3,0.4285714285714286,4.336111111111111,0.7142857142857143
2026-01-01,ZON-069,mini,3,1,0.6666666666666667,5.2444444444444445,0.3333333333333333
2026-01-02,ZON-082,bike_taxi,6,4,0.3333333333333333,4.713888888888889,0.6666666666666667
2026-01-02,ZON-078,auto,5,2,0.4000000000000000,5.045833333333333,0.2000000000000000
2026-01-02,ZON-099,bike_taxi,3,3,0E-16,4.1722222222222225,0.3333333333333333
2026-01-02,ZON-052,sedan,8,5,0.1250000000000000,4.769444444444445,0.3750000000000000
2026-01-02,ZON-067,auto,5,5,0E-16,4.673333333333333,0.4000000000000000
2026-01-02,ZON-027,auto,9,4,0.3333333333333333,2.7952380952380955,0.6666666666666667
2026-01-02,ZON-087,auto,7,4,0.1428571428571429,3.3,0.7142857142857143
2026-01-02,ZON-069,mini,6,3,0.1666666666666667,5.595833333333333,0.6666666666666667
2026-01-02,ZON-106,bike_taxi,5,3,0.4000000000000000,4.753333333333333,0.6000000000000000
2026-01-02,ZON-109,sedan,2,1,0E-16,2.3,0E-16
2026-01-02,ZON-091,sedan,3,3,0E-16,4.794444444444445,0.3333333333333333
2026-01-03,ZON-116,bike_taxi,4,2,0.5000000000000000,3.3333333333333335,0.5000000000000000
2026-01-03,ZON-080,bike_taxi,9,5,0.3333333333333333,2.404166666666667,0.7777777777777778
2026-01-03,ZON-002,sedan,8,5,0.2500000000000000,2.811904761904762,0.5000000000000000
2026-01-03,ZON-019,auto,5,4,0.2000000000000000,4.706666666666666,0.2000000000000000
2026-01-03,ZON-012,bike_taxi,5,3,0.4000000000000000,3.2199999999999998,0.6000000000000000
2026-01-03,ZON-021,auto,3,3,0E-16,2.566666666666667,0.6666666666666667
2026-01-03,ZON-055,mini,4,2,0.2500000000000000,2.8777777777777778,0.7500000000000000
2026-01-03,ZON-065,sedan,8,6,0.1250000000000000,3.5452380952380955,0.7500000000000000
2026-01-03,ZON-120,auto,5,5,0E-16,3.246666666666667,0.8000000000000000
2026-01-03,ZON-055,bike_taxi,3,1,0.6666666666666667,4.283333333333333,0.6666666666666667
2026-01-03,ZON-101,sedan,4,4,0E-16,3.408333333333333,0.5000000000000000
2026-01-03,ZON-059,bike_taxi,4,3,0.2500000000000000,1.4833333333333334,1.0000000000000000
2026-01-03,ZON-017,auto,9,6,0.2222222222222222,4.160416666666666,0.5555555555555556
2026-01-03,ZON-064,mini,4,2,0E-16,4.591666666666667,0.7500000000000000
2026-01-03,ZON-095,mini,4,2,0.5000000000000000,3.4791666666666665,0.5000000000000000
2026-01-04,ZON-074,bike_taxi,4,4,0E-16,2.2041666666666666,0.5000000000000000
2026-01-04,ZON-043,sedan,9,6,0.1111111111111111,4.876190476190476,0.4444444444444444
2026-01-04,ZON-090,bike_taxi,5,2,0.6000000000000000,3.5866666666666664,0.8000000000000000
2026-01-04,ZON-031,bike_taxi,5,5,0E-16,3.2933333333333334,0.6000000000000000
2026-01-04,ZON-117,mini,7,7,0E-16,2.757142857142857,0.7142857142857143
2026-01-04,ZON-019,sedan,7,6,0.1428571428571429,3.3047619047619046,0.2857142857142857
2026-01-04,ZON-041,mini,5,4,0.2000000000000000,3.066666666666667,0.8000000000000000
2026-01-04,ZON-109,sedan,7,5,0.1428571428571429,3.1527777777777777,0.4285714285714286
2026-01-04,ZON-077,sedan,7,5,0.2857142857142857,3.2714285714285714,0.5714285714285714
2026-01-04,ZON-071,sedan,3,1,0.6666666666666667,4.177777777777778,0E-16
2026-01-04,ZON-095,mini,6,5,0E-16,3.1133333333333337,0.8333333333333333
2026-01-05,ZON-109,bike_taxi,3,3,0E-16,2.6166666666666667,0.6666666666666667
2026-01-05,ZON-098,sedan,7,7,0E-16,4.761904761904762,0.4285714285714286
2026-01-05,ZON-067,bike_taxi,7,5,0.2857142857142857,5.233333333333333,0.5714285714285714
2026-01-05,ZON-002,sedan,5,5,0E-16,5.6466666666666665,0.6000000000000000
2026-01-05,ZON-084,mini,6,2,0.1666666666666667,4.15,0.5000000000000000
2026-01-05,ZON-007,bike_taxi,6,2,0.6666666666666667,3.694444444444444,0.3333333333333333
2026-01-05,ZON-029,auto,7,6,0.1428571428571429,3.788095238095238,0.2857142857142857
2026-01-05,ZON-060,sedan,6,4,0.1666666666666667,2.8400000000000003,0.5000000000000000
2026-01-05,ZON-042,sedan,7,6,0.1428571428571429,3.538095238095238,0.5714285714285714
2026-01-05,ZON-080,bike_taxi,5,2,0.4000000000000000,3.341666666666667,1.0000000000000000
2026-01-05,ZON-117,sedan,6,4,0.3333333333333333,3.466666666666667,0.8333333333333333
2026-01-05,ZON-046,auto,3,2,0.3333333333333333,3.316666666666667,0.3333333333333333
2026-01-06,ZON-117,bike_taxi,5,2,0.4000000000000000,4.120833333333334,1.0000000000000000
2026-01-06,ZON-049,sedan,7,5,0.1428571428571429,2.361111111111111,0.4285714285714286
2026-01-06,ZON-015,auto,6,4,0.3333333333333333,3.3972222222222226,0.6666666666666667
2026-01-06,ZON-071,sedan,7,3,0.2857142857142857,3.04,0.7142857142857143
2026-01-06,ZON-084,auto,5,3,0.2000000000000000,3.754166666666667,0.4000000000000000
2026-01-06,ZON-099,sedan,4,1,0.5000000000000000,5.544444444444445,0.2500000000000000
2026-01-06,ZON-115,bike_taxi,5,2,0.6000000000000000,4.316666666666666,0.8000000000000000
2026-01-06,ZON-022,mini,13,9,0.2307692307692308,3.0166666666666666,0.6923076923076923
2026-01-06,ZON-031,sedan,4,2,0.2500000000000000,4.427777777777778,0.2500000000000000
2026-01-06,ZON-037,bike_taxi,5,4,0.2000000000000000,3.7266666666666666,0.8000000000000000
2026-01-06,ZON-118,sedan,3,0,0.6666666666666667,5.75,0.3333333333333333
2026-01-06,ZON-068,sedan,4,2,0.5000000000000000,3.5208333333333335,0.2500000000000000
2026-01-06,ZON-074,sedan,2,1,0E-16,3.95,0.5000000000000000
2026-01-06,ZON-004,bike_taxi,6,5,0.1666666666666667,4.158333333333333,0.5000000000000000
2026-01-06,ZON-008,bike_taxi,3,2,0.3333333333333333,1.6333333333333333,0.3333333333333333
2026-01-06,ZON-056,auto,5,2,0.6000000000000000,3.0866666666666664,0.4000000000000000
2026-01-06,ZON-034,sedan,5,4,0.2000000000000000,2.6533333333333333,0.8000000000000000
2026-01-06,ZON-098,sedan,3,3,0E-16,1.8611111111111112,0.3333333333333333
2026-01-07,ZON-088,auto,7,4,0E-16,4.454166666666667,0.4285714285714286
2026-01-07,ZON-077,bike_taxi,6,4,0.1666666666666667,5.0,0.5000000000000000
2026-01-07,ZON-089,bike_taxi,9,5,0.4444444444444444,3.4296296296296296,0.7777777777777778
2026-01-07,ZON-068,auto,7,4,0.2857142857142857,4.752777777777778,0.2857142857142857
2026-01-07,ZON-062,bike_taxi,3,3,0E-16,2.95,0.6666666666666667
2026-01-07,ZON-031,auto,7,2,0.4285714285714286,3.86,0.4285714285714286
2026-01-07,ZON-016,sedan,5,3,0.2000000000000000,2.995833333333333,0.8000000000000000
2026-01-07,ZON-009,auto,5,3,0.4000000000000000,3.54,0.4000000000000000
2026-01-07,ZON-003,auto,5,5,0E-16,1.7366666666666668,0.4000000000000000
2026-01-07,ZON-093,sedan,6,4,0.3333333333333333,4.138888888888889,0.6666666666666667
2026-01-07,ZON-085,mini,5,2,0.2000000000000000,3.0222222222222226,0.2000000000000000
2026-01-07,ZON-100,auto,2,1,0.5000000000000000,2.75,0.5000000000000000
2026-01-07,ZON-057,auto,5,2,0.4000000000000000,3.0458333333333334,0.4000000000000000
2026-01-07,ZON-090,bike_taxi,5,3,0.2000000000000000,4.554166666666666,0.6000000000000000
2026-01-07,ZON-078,mini,8,6,0.2500000000000000,3.5729166666666665,0.5000000000000000
2026-01-07,ZON-073,mini,9,6,0.1111111111111111,3.180952380952381,0.3333333333333333
2026-01-06,ZON-049,auto,2,1,0E-16,0.65,1.0000000000000000
2026-01-07,ZON-101,bike_taxi,5,3,0.2000000000000000,5.458333333333333,0.6000000000000000
2026-01-07,ZON-098,bike_taxi,2,1,0E-16,6.233333333333333,0.5000000000000000
2026-01-08,ZON-014,mini,6,3,0E-16,1.5111111111111113,0.3333333333333333
2026-01-08,ZON-057,auto,7,3,0.5714285714285714,4.354761904761904,0.2857142857142857
2026-01-08,ZON-022,auto,8,7,0.1250000000000000,3.6770833333333335,0.7500000000000000
2026-01-08,ZON-009,bike_taxi,4,2,0E-16,5.25,0.5000000000000000
2026-01-08,ZON-104,mini,4,4,0E-16,4.575,0E-16
2026-01-08,ZON-016,bike_taxi,5,4,0E-16,3.3958333333333335,0.4000000000000000
2026-01-07,ZON-116,sedan,2,2,0E-16,3.275,1.0000000000000000
2026-01-08,ZON-103,auto,4,4,0E-16,3.7333333333333334,0.5000000000000000
2026-01-08,ZON-028,sedan,4,3,0E-16,4.55,0.7500000000000000
2026-01-08,ZON-038,sedan,5,4,0E-16,1.5333333333333334,1.0000000000000000
2026-01-08,ZON-088,sedan,5,4,0.2000000000000000,2.3233333333333333,0.6000000000000000
2026-01-08,ZON-066,sedan,6,5,0.1666666666666667,3.036111111111111,0.6666666666666667
2026-01-08,ZON-083,auto,3,2,0.3333333333333333,5.794444444444445,1.0000000000000000
2026-01-08,ZON-088,auto,7,3,0.4285714285714286,4.1722222222222225,0.4285714285714286
2026-01-08,ZON-065,mini,7,3,0.2857142857142857,4.713333333333334,0.4285714285714286
2026-01-08,ZON-100,mini,6,5,0.1666666666666667,3.3722222222222222,0.8333333333333333
2026-01-08,ZON-017,bike_taxi,3,3,0E-16,3.0,0.3333333333333333
2026-01-08,ZON-036,auto,5,4,0.2000000000000000,5.076666666666667,0.8000000000000000
2026-01-08,ZON-074,sedan,2,2,0E-16,0.9583333333333334,0.5000000000000000
2026-01-08,ZON-090,auto,6,4,0.1666666666666667,4.626666666666667,0.3333333333333333
2026-01-08,ZON-039,bike_taxi,2,1,0.5000000000000000,4.041666666666667,1.0000000000000000
2026-01-08,ZON-008,auto,4,4,0E-16,2.9166666666666665,0.7500000000000000
2026-01-09,ZON-055,mini,7,3,0.1428571428571429,3.4833333333333334,0.7142857142857143
2026-01-09,ZON-031,mini,11,9,0.0909090909090909,3.96,0.5454545454545455
2026-01-09,ZON-011,auto,7,4,0.1428571428571429,4.4366666666666665,0.8571428571428571
2026-01-09,ZON-089,bike_taxi,8,5,0.3750000000000000,3.45,0.6250000000000000
2026-01-09,ZON-064,sedan,5,3,0.2000000000000000,4.3,0.8000000000000000
2026-01-09,ZON-119,mini,7,6,0.1428571428571429,2.5238095238095237,0.7142857142857143
2026-01-09,ZON-062,mini,8,5,0.3750000000000000,4.8,0.5000000000000000
2026-01-09,ZON-120,auto,5,4,0.2000000000000000,5.239999999999999,0E-16
2026-01-09,ZON-078,mini,11,8,0.2727272727272727,3.242424242424242,0.6363636363636364
2026-01-09,ZON-058,sedan,5,3,0.4000000000000000,4.5633333333333335,0.8000000000000000
2026-01-09,ZON-100,mini,8,6,0.1250000000000000,3.4761904761904763,0.6250000000000000
2026-01-09,ZON-045,mini,9,8,0.1111111111111111,4.109259259259259,0.6666666666666667
2026-01-09,ZON-029,bike_taxi,4,3,0E-16,3.6055555555555556,0.7500000000000000
2026-01-09,ZON-119,auto,1,0,1.0000000000000000,4.2,1.0000000000000000
2026-01-09,ZON-059,sedan,4,2,0.5000000000000000,4.458333333333333,0.7500000000000000
2026-01-09,ZON-036,sedan,2,0,0.5000000000000000,2.95,0E-16
2026-01-09,ZON-047,sedan,1,1,0E-16,1.6,1.0000000000000000
2026-01-10,ZON-105,mini,8,5,0.2500000000000000,5.328571428571428,0.7500000000000000
2026-01-10,ZON-008,auto,10,8,0.2000000000000000,4.065,0.5000000000000000
2026-01-10,ZON-036,sedan,2,1,0.5000000000000000,3.0416666666666665,0E-16
2026-01-10,ZON-055,auto,7,5,0E-16,3.6866666666666665,0.5714285714285714
2026-01-10,ZON-007,mini,7,4,0.2857142857142857,2.1777777777777776,0.5714285714285714
2026-01-10,ZON-119,mini,10,8,0.1000000000000000,3.303703703703704,0.1000000000000000
2026-01-10,ZON-075,mini,7,4,0.2857142857142857,2.413888888888889,0.5714285714285714
2026-01-10,ZON-017,sedan,4,3,0.2500000000000000,2.8583333333333334,0.7500000000000000
2026-01-10,ZON-066,mini,8,5,0.3750000000000000,3.9604166666666667,0.3750000000000000
2026-01-10,ZON-100,mini,4,4,0E-16,4.045833333333333,0.5000000000000000
2026-01-10,ZON-105,auto,9,5,0.4444444444444444,3.844444444444444,0.7777777777777778
2026-01-10,ZON-001,mini,6,2,0.1666666666666667,4.0777777777777775,0.6666666666666667
2026-01-10,ZON-113,bike_taxi,2,1,0E-16,5.85,0.5000000000000000
2026-01-10,ZON-111,mini,7,4,0.2857142857142857,3.913888888888889,0.8571428571428571
2026-01-10,ZON-066,bike_taxi,4,4,0E-16,4.429166666666666,0.7500000000000000
2026-01-10,ZON-031,mini,6,3,0.5000000000000000,2.7222222222222223,1.0000000000000000
2026-01-10,ZON-012,sedan,7,7,0E-16,5.419047619047619,0.5714285714285714
2026-01-10,ZON-042,mini,5,2,0.6000000000000000,5.006666666666666,0.6000000000000000
2026-01-10,ZON-010,sedan,3,0,0.6666666666666667,5.566666666666666,0.3333333333333333
2026-01-10,ZON-020,sedan,1,0,1.0000000000000000,1.5833333333333333,1.0000000000000000
2026-01-10,ZON-039,bike_taxi,2,0,0.5000000000000000,5.8,0.5000000000000000
2026-01-11,ZON-105,bike_taxi,8,5,0.2500000000000000,4.454761904761905,0.7500000000000000
2026-01-11,ZON-117,bike_taxi,5,3,0.2000000000000000,3.7125,0.8000000000000000
2026-01-11,ZON-087,bike_taxi,6,3,0E-16,4.144444444444444,0.8333333333333333
2026-01-11,ZON-116,mini,7,2,0.4285714285714286,2.8400000000000003,0.7142857142857143
2026-01-11,ZON-042,mini,4,3,0.2500000000000000,4.075,0.2500000000000000
2026-01-11,ZON-056,sedan,4,3,0E-16,3.5722222222222224,0.2500000000000000
2026-01-11,ZON-011,sedan,5,4,0E-16,5.020833333333333,0.2000000000000000
2026-01-11,ZON-110,sedan,3,3,0E-16,3.1666666666666665,0.6666666666666667
2026-01-11,ZON-109,bike_taxi,8,3,0.3750000000000000,4.711111111111111,0.5000000000000000
2026-01-11,ZON-042,bike_taxi,7,6,0E-16,4.011111111111111,0.7142857142857143
2026-01-11,ZON-005,sedan,4,4,0E-16,4.208333333333333,0.2500000000000000
2026-01-11,ZON-104,sedan,5,3,0.4000000000000000,3.49,0.8000000000000000
2026-01-11,ZON-030,auto,9,6,0.3333333333333333,2.9796296296296294,0.8888888888888889
2026-01-11,ZON-114,bike_taxi,8,6,0.2500000000000000,3.2666666666666666,0.5000000000000000
2026-01-11,ZON-003,mini,7,7,0E-16,3.957142857142857,0.5714285714285714
2026-01-11,ZON-022,auto,3,2,0E-16,2.8833333333333333,0.3333333333333333
2026-01-11,ZON-084,mini,4,1,0.7500000000000000,4.183333333333334,0.5000000000000000
2026-01-11,ZON-075,bike_taxi,6,2,0.6666666666666667,3.513888888888889,0.5000000000000000
2026-01-11,ZON-062,auto,4,3,0.2500000000000000,5.541666666666667,0.5000000000000000
2026-01-11,ZON-018,sedan,1,0,1.0000000000000000,6.433333333333334,0E-16
2026-01-12,ZON-087,auto,10,3,0.5000000000000000,4.202083333333333,0.9000000000000000
2026-01-12,ZON-067,bike_taxi,8,4,0.1250000000000000,2.683333333333333,0.6250000000000000
2026-01-12,ZON-100,auto,7,4,0.2857142857142857,3.430555555555556,0.7142857142857143
2026-01-12,ZON-018,auto,7,3,0.4285714285714286,3.1083333333333334,0.4285714285714286
2026-01-12,ZON-031,auto,8,7,0.1250000000000000,4.247916666666667,0.6250000000000000
2026-01-12,ZON-100,sedan,6,5,0.1666666666666667,3.8277777777777775,0.6666666666666667
2026-01-12,ZON-064,auto,9,6,0.3333333333333333,3.2277777777777774,0.5555555555555556
2026-01-12,ZON-109,mini,8,5,0.3750000000000000,3.1041666666666665,0.6250000000000000
2026-01-12,ZON-068,auto,7,5,0.2857142857142857,3.580952380952381,0.7142857142857143
2026-01-12,ZON-031,bike_taxi,7,4,0.2857142857142857,3.475,0.5714285714285714
2026-01-12,ZON-015,bike_taxi,8,4,0.3750000000000000,4.557142857142858,0.5000000000000000
2026-01-12,ZON-075,mini,5,4,0E-16,2.35,0.4000000000000000
2026-01-12,ZON-021,sedan,3,1,0E-16,3.55,0E-16
2026-01-12,ZON-035,bike_taxi,6,3,0.5000000000000000,2.788888888888889,0.1666666666666667
2026-01-12,ZON-043,sedan,5,2,0.4000000000000000,3.2,0.6000000000000000
2026-01-12,ZON-001,auto,4,4,0E-16,3.3375,0.5000000000000000
2026-01-13,ZON-116,mini,7,5,0.2857142857142857,4.7142857142857135,0.7142857142857143
2026-01-13,ZON-106,sedan,4,2,0.5000000000000000,4.5125,0E-16
2026-01-13,ZON-065,mini,6,3,0.3333333333333333,4.153333333333333,1.0000000000000000
2026-01-13,ZON-020,auto,10,6,0.2000000000000000,3.6791666666666667,0.6000000000000000
2026-01-13,ZON-073,mini,13,7,0.3076923076923077,4.7696969696969695,0.7692307692307692
2026-01-13,ZON-007,auto,11,5,0.2727272727272727,4.408333333333333,0.5454545454545455
2026-01-13,ZON-015,mini,3,2,0.3333333333333333,3.9944444444444445,0.6666666666666667
2026-01-13,ZON-060,mini,10,8,0.2000000000000000,2.4883333333333337,0.5000000000000000
2026-01-13,ZON-061,bike_taxi,5,2,0.6000000000000000,4.89,0.8000000000000000
2026-01-13,ZON-095,sedan,3,3,0E-16,3.9833333333333334,0.6666666666666667
2026-01-13,ZON-077,auto,4,4,0E-16,2.825,1.0000000000000000
2026-01-13,ZON-058,bike_taxi,8,4,0.2500000000000000,4.558333333333334,0.7500000000000000
2026-01-13,ZON-101,sedan,3,2,0E-16,2.0833333333333335,0.3333333333333333
2026-01-13,ZON-110,sedan,4,3,0.2500000000000000,3.245833333333333,0.2500000000000000
2026-01-13,ZON-074,auto,6,3,0.5000000000000000,2.088888888888889,0.5000000000000000
2026-01-13,ZON-107,bike_taxi,5,3,0.4000000000000000,2.146666666666667,0.4000000000000000
2026-01-13,ZON-003,mini,6,3,0.3333333333333333,3.4366666666666665,0.8333333333333333
2026-01-13,ZON-037,mini,6,4,0.3333333333333333,5.461111111111111,0.5000000000000000
2026-01-13,ZON-093,mini,8,6,0.2500000000000000,3.4854166666666666,0.6250000000000000
2026-01-13,ZON-076,bike_taxi,1,1,0E-16,6.483333333333333,1.0000000000000000
2026-01-13,ZON-119,bike_taxi,5,2,0.4000000000000000,3.225,0.6000000000000000
2026-01-13,ZON-105,mini,9,7,0.2222222222222222,3.8851851851851853,0.5555555555555556
2026-01-13,ZON-033,auto,5,3,0.4000000000000000,4.489999999999999,0.6000000000000000
2026-01-13,ZON-083,mini,7,6,0E-16,4.452777777777778,0.7142857142857143
2026-01-13,ZON-022,auto,5,2,0.2000000000000000,4.605555555555555,0.6000000000000000
2026-01-13,ZON-094,auto,7,3,0.4285714285714286,3.175,0.4285714285714286
2026-01-13,ZON-113,sedan,8,3,0.6250000000000000,4.635416666666667,0.5000000000000000
2026-01-13,ZON-037,auto,4,4,0E-16,3.254166666666667,1.0000000000000000
2026-01-13,ZON-106,mini,7,4,0.2857142857142857,2.5805555555555557,0.2857142857142857
2026-01-13,ZON-053,sedan,4,2,0.2500000000000000,5.083333333333333,0.7500000000000000
2026-01-13,ZON-036,bike_taxi,3,2,0.3333333333333333,4.061111111111111,0.6666666666666667
2026-01-13,ZON-056,sedan,4,3,0E-16,2.661111111111111,0.7500000000000000
2026-01-14,ZON-036,auto,8,6,0.1250000000000000,4.678571428571429,0.5000000000000000
2026-01-14,ZON-010,mini,11,9,0.0909090909090909,3.77,0.6363636363636364
2026-01-14,ZON-046,mini,9,5,0.2222222222222222,3.7857142857142856,0.4444444444444444
2026-01-14,ZON-091,bike_taxi,5,3,0.4000000000000000,3.51,0.4000000000000000
2026-01-14,ZON-107,auto,8,6,0.2500000000000000,2.8041666666666667,0.3750000000000000
2026-01-14,ZON-033,bike_taxi,4,2,0.5000000000000000,4.325,0.5000000000000000
2026-01-14,ZON-034,bike_taxi,2,2,0E-16,2.558333333333333,1.0000000000000000
2026-01-14,ZON-044,auto,4,3,0E-16,4.272222222222222,0.5000000000000000
2026-01-14,ZON-065,bike_taxi,8,5,0.2500000000000000,4.652380952380953,0.3750000000000000
2026-01-14,ZON-061,auto,9,8,0E-16,4.391666666666667,0.6666666666666667
2026-01-14,ZON-074,auto,6,5,0E-16,3.2666666666666666,0.5000000000000000
2026-01-14,ZON-051,sedan,6,3,0.1666666666666667,2.841666666666667,0.6666666666666667
2026-01-14,ZON-067,auto,5,5,0E-16,4.54,0.4000000000000000
2026-01-14,ZON-017,auto,5,4,0E-16,3.595833333333333,0.4000000000000000
2026-01-14,ZON-105,mini,4,3,0E-16,4.011111111111111,0.5000000000000000
2026-01-14,ZON-083,sedan,1,1,0E-16,1.15,0E-16
2026-01-01,ZON-030,mini,10,9,0.1000000000000000,3.6883333333333335,0.7000000000000000
2026-01-01,ZON-069,auto,5,4,0.2000000000000000,4.463333333333334,0.2000000000000000
2026-01-01,ZON-034,bike_taxi,3,3,0E-16,4.25,1.0000000000000000
2026-01-01,ZON-103,mini,5,3,0.2000000000000000,4.458333333333333,0.6000000000000000
2026-01-01,ZON-081,mini,3,2,0.3333333333333333,2.8777777777777778,0.3333333333333333
2026-01-01,ZON-074,sedan,5,3,0.2000000000000000,4.895833333333333,0.8000000000000000
2026-01-01,ZON-096,auto,5,4,0.2000000000000000,4.793333333333334,0.2000000000000000
2026-01-01,ZON-068,mini,6,6,0E-16,4.027777777777778,0.6666666666666667
2026-01-01,ZON-090,sedan,3,0,0.6666666666666667,4.191666666666666,0.6666666666666667
2026-01-01,ZON-109,auto,7,5,0.1428571428571429,3.8916666666666666,0.4285714285714286
2026-01-01,ZON-093,bike_taxi,6,4,0.3333333333333333,4.1611111111111105,0.8333333333333333
2026-01-01,ZON-037,mini,9,2,0.3333333333333333,3.82,0.5555555555555556
2026-01-01,ZON-048,sedan,7,4,0.1428571428571429,5.260000000000001,0.2857142857142857
2026-01-01,ZON-066,auto,7,3,0E-16,4.972222222222222,0.8571428571428571
2026-01-01,ZON-115,mini,8,4,0.3750000000000000,3.169047619047619,0.7500000000000000
2026-01-01,ZON-016,bike_taxi,6,4,0.3333333333333333,2.9027777777777777,0.6666666666666667
2026-01-01,ZON-041,sedan,2,1,0.5000000000000000,4.608333333333333,1.0000000000000000
2026-01-02,ZON-036,sedan,7,6,0.1428571428571429,3.988095238095238,0.5714285714285714
2026-01-02,ZON-040,sedan,6,3,0.1666666666666667,3.504166666666667,0.6666666666666667
2026-01-02,ZON-058,auto,8,3,0.3750000000000000,4.002777777777777,0.6250000000000000
2026-01-02,ZON-057,bike_taxi,8,4,0.3750000000000000,4.5357142857142865,0.3750000000000000
2026-01-02,ZON-118,mini,4,4,0E-16,3.25,1.0000000000000000
2026-01-02,ZON-072,mini,5,2,0.2000000000000000,3.238888888888889,1.0000000000000000
2026-01-02,ZON-066,bike_taxi,8,4,0.5000000000000000,4.01875,0.3750000000000000
2026-01-02,ZON-014,auto,5,3,0.4000000000000000,3.6333333333333333,0.6000000000000000
2026-01-02,ZON-014,bike_taxi,6,3,0.3333333333333333,3.2666666666666666,0.5000000000000000
2026-01-02,ZON-025,bike_taxi,6,5,0E-16,3.0166666666666666,0.3333333333333333
2026-01-02,ZON-055,auto,7,4,0.2857142857142857,4.352777777777778,1.0000000000000000
2026-01-02,ZON-053,auto,9,7,0E-16,3.25,0.6666666666666667
2026-01-02,ZON-053,bike_taxi,4,1,0.5000000000000000,5.816666666666666,1.0000000000000000
2026-01-02,ZON-112,mini,7,6,0.1428571428571429,4.09047619047619,0.4285714285714286
2026-01-02,ZON-055,bike_taxi,8,4,0.2500000000000000,4.2138888888888895,0.7500000000000000
2026-01-02,ZON-011,sedan,2,1,0.5000000000000000,6.141666666666667,1.0000000000000000
2026-01-02,ZON-023,bike_taxi,6,4,0.3333333333333333,4.186111111111111,0.5000000000000000
2026-01-02,ZON-101,mini,5,4,0E-16,3.4833333333333334,0.6000000000000000
2026-01-02,ZON-045,auto,3,2,0.3333333333333333,3.088888888888889,1.0000000000000000
2026-01-02,ZON-016,bike_taxi,3,1,0.6666666666666667,2.2055555555555557,0.6666666666666667
2026-01-02,ZON-119,bike_taxi,3,2,0E-16,1.4,0.3333333333333333
2026-01-02,ZON-042,bike_taxi,3,1,0.6666666666666667,3.8277777777777775,1.0000000000000000
2026-01-02,ZON-043,auto,4,2,0.5000000000000000,3.6416666666666666,0.7500000000000000
2026-01-02,ZON-061,mini,7,5,0.1428571428571429,4.427777777777778,0.2857142857142857
2026-01-02,ZON-027,mini,3,2,0E-16,1.65,0.3333333333333333
2026-01-02,ZON-048,auto,5,2,0.2000000000000000,2.5277777777777777,0.2000000000000000
2026-01-03,ZON-045,auto,5,5,0E-16,5.346666666666667,0.8000000000000000
2026-01-03,ZON-115,bike_taxi,8,3,0.6250000000000000,2.6666666666666665,0.6250000000000000
2026-01-03,ZON-076,auto,11,8,0.0909090909090909,3.238888888888889,0.2727272727272727
2026-01-03,ZON-100,sedan,8,4,0.3750000000000000,3.552380952380952,0.7500000000000000
2026-01-03,ZON-079,bike_taxi,2,2,0E-16,5.183333333333334,0.5000000000000000
2026-01-03,ZON-068,mini,10,9,0E-16,3.511111111111111,0.8000000000000000
2026-01-03,ZON-052,auto,10,8,0.2000000000000000,3.835,0.7000000000000000
2026-01-03,ZON-035,auto,7,5,0E-16,3.1,0.5714285714285714
2026-01-03,ZON-058,sedan,2,2,0E-16,4.383333333333334,0.5000000000000000
2026-01-03,ZON-048,mini,5,4,0.2000000000000000,2.8699999999999997,0.8000000000000000
2026-01-03,ZON-085,auto,8,6,0.1250000000000000,3.7476190476190476,0.3750000000000000
2026-01-03,ZON-043,bike_taxi,4,1,0.7500000000000000,2.779166666666667,0.2500000000000000
2026-01-03,ZON-097,bike_taxi,8,5,0.2500000000000000,3.5238095238095237,0.5000000000000000
2026-01-03,ZON-001,bike_taxi,5,4,0E-16,4.9375,0.8000000000000000
2026-01-03,ZON-027,bike_taxi,3,3,0E-16,1.3722222222222222,0.6666666666666667
2026-01-03,ZON-018,bike_taxi,1,1,0E-16,0.9666666666666667,0E-16
2026-01-03,ZON-051,bike_taxi,1,0,0E-16,,0E-16
2026-01-04,ZON-116,auto,8,6,0.1250000000000000,3.7642857142857142,0.7500000000000000
2026-01-04,ZON-004,bike_taxi,6,4,0.1666666666666667,2.9766666666666666,0.5000000000000000
2026-01-04,ZON-009,mini,5,4,0.2000000000000000,2.9233333333333333,0.2000000000000000
2026-01-04,ZON-045,sedan,9,6,0.1111111111111111,3.302380952380952,0.5555555555555556
2026-01-04,ZON-103,bike_taxi,4,0,0.5000000000000000,2.3333333333333335,0.5000000000000000
2026-01-04,ZON-070,sedan,9,5,0.3333333333333333,2.2083333333333335,0.8888888888888889
2026-01-04,ZON-044,mini,4,2,0.5000000000000000,3.6125,0.7500000000000000
2026-01-04,ZON-006,sedan,3,2,0.3333333333333333,2.1777777777777776,0.3333333333333333
2026-01-04,ZON-039,auto,6,3,0.1666666666666667,3.504166666666667,0.5000000000000000
2026-01-04,ZON-036,sedan,3,2,0E-16,4.708333333333333,0.3333333333333333
2026-01-04,ZON-115,sedan,2,1,0.5000000000000000,2.2666666666666666,0.5000000000000000
2026-01-04,ZON-066,mini,11,8,0.0909090909090909,4.062962962962962,0.5454545454545455
2026-01-04,ZON-017,sedan,3,1,0E-16,1.2666666666666666,0E-16
2026-01-04,ZON-107,sedan,6,6,0E-16,3.566666666666667,0.6666666666666667
2026-01-04,ZON-025,auto,2,1,0E-16,4.2,0.5000000000000000
2026-01-04,ZON-094,bike_taxi,2,2,0E-16,0.975,1.0000000000000000
2026-01-03,ZON-100,bike_taxi,1,1,0E-16,3.283333333333333,0E-16
2026-01-04,ZON-084,auto,10,6,0.3000000000000000,2.9796296296296294,0.6000000000000000
2026-01-04,ZON-065,sedan,3,2,0.3333333333333333,2.6277777777777778,0.6666666666666667
2026-01-04,ZON-032,auto,9,7,0.2222222222222222,3.6777777777777776,0.5555555555555556
2026-01-04,ZON-023,auto,4,2,0.2500000000000000,3.816666666666667,0.2500000000000000
2026-01-04,ZON-051,auto,9,6,0.2222222222222222,4.527083333333334,0.7777777777777778
2026-01-04,ZON-049,mini,3,3,0E-16,3.788888888888889,1.0000000000000000
2026-01-04,ZON-103,auto,2,1,0E-16,0.7166666666666667,0.5000000000000000
2026-01-05,ZON-041,auto,6,3,0.3333333333333333,3.27,0.6666666666666667
2026-01-05,ZON-097,mini,9,7,0.1111111111111111,3.2979166666666666,0.3333333333333333
2026-01-05,ZON-075,mini,3,3,0E-16,4.144444444444444,0.6666666666666667
2026-01-05,ZON-073,sedan,4,3,0E-16,3.45,0.5000000000000000
2026-01-05,ZON-057,auto,4,4,0E-16,4.395833333333333,0.7500000000000000
2026-01-05,ZON-070,sedan,4,3,0E-16,4.383333333333334,0.5000000000000000
2026-01-05,ZON-003,mini,9,7,0.1111111111111111,3.6791666666666667,0.4444444444444444
2026-01-05,ZON-081,sedan,1,0,0E-16,,1.0000000000000000
2026-01-05,ZON-054,sedan,7,3,0.4285714285714286,3.238888888888889,0.5714285714285714
2026-01-05,ZON-042,bike_taxi,6,3,0.5000000000000000,3.933333333333333,0.6666666666666667
2026-01-05,ZON-048,bike_taxi,3,2,0.3333333333333333,1.1888888888888889,0E-16
2026-01-06,ZON-080,mini,4,3,0E-16,2.3722222222222222,0.7500000000000000
2026-01-06,ZON-074,auto,8,6,0.1250000000000000,3.2261904761904763,0.6250000000000000
2026-01-06,ZON-066,mini,9,4,0.2222222222222222,4.769444444444445,0.6666666666666667
2026-01-06,ZON-091,mini,7,6,0.1428571428571429,3.797619047619048,0.7142857142857143
2026-01-06,ZON-120,mini,7,6,0.1428571428571429,3.1166666666666667,0.5714285714285714
2026-01-06,ZON-063,bike_taxi,5,1,0.6000000000000000,2.025,0.2000000000000000
2026-01-06,ZON-025,bike_taxi,5,4,0E-16,3.3333333333333335,0.4000000000000000
2026-01-06,ZON-014,bike_taxi,7,5,0.1428571428571429,3.308333333333333,0.2857142857142857
2026-01-06,ZON-082,sedan,3,2,0.3333333333333333,6.116666666666666,0.6666666666666667
2026-01-06,ZON-063,auto,5,4,0.2000000000000000,5.026666666666667,0.4000000000000000
2026-01-06,ZON-021,sedan,4,2,0.5000000000000000,3.2916666666666665,0.7500000000000000
2026-01-06,ZON-106,bike_taxi,7,4,0.4285714285714286,4.7023809523809526,0.4285714285714286
2026-01-06,ZON-004,mini,5,3,0E-16,4.205555555555556,0.6000000000000000
2026-01-06,ZON-060,sedan,3,1,0.3333333333333333,2.158333333333333,0E-16
2026-01-06,ZON-019,bike_taxi,6,5,0E-16,4.5633333333333335,0.6666666666666667
2026-01-06,ZON-042,bike_taxi,6,4,0.3333333333333333,4.3,0.3333333333333333
2026-01-06,ZON-106,sedan,5,3,0.2000000000000000,4.383333333333334,0.6000000000000000
2026-01-07,ZON-108,sedan,3,2,0E-16,3.85,0.3333333333333333
2026-01-07,ZON-092,auto,9,6,0.1111111111111111,4.738095238095238,0.4444444444444444
2026-01-07,ZON-044,sedan,4,2,0.2500000000000000,2.011111111111111,0.2500000000000000
2026-01-07,ZON-033,auto,6,3,0.5000000000000000,3.2333333333333334,0.5000000000000000
2026-01-07,ZON-043,sedan,7,5,0.2857142857142857,4.1,0.5714285714285714
2026-01-07,ZON-032,auto,6,3,0.1666666666666667,3.7916666666666665,0.6666666666666667
2026-01-07,ZON-040,auto,6,2,0.3333333333333333,1.9583333333333333,0.5000000000000000
2026-01-07,ZON-035,bike_taxi,6,4,0.3333333333333333,2.7027777777777775,0.8333333333333333
2026-01-07,ZON-007,bike_taxi,4,1,0.7500000000000000,3.308333333333333,0.5000000000000000
2026-01-07,ZON-053,mini,6,5,0E-16,3.6533333333333333,0.5000000000000000
2026-01-07,ZON-072,sedan,4,3,0.2500000000000000,3.158333333333333,0.7500000000000000
2026-01-07,ZON-056,mini,10,7,0.1000000000000000,5.05625,0.4000000000000000
2026-01-07,ZON-021,mini,3,2,0.3333333333333333,4.75,0.6666666666666667
2026-01-07,ZON-018,sedan,4,3,0.2500000000000000,4.3875,0.5000000000000000
2026-01-07,ZON-013,sedan,5,4,0E-16,5.7375,0.4000000000000000
2026-01-07,ZON-091,auto,3,1,0.3333333333333333,6.3,1.0000000000000000
2026-01-08,ZON-030,sedan,3,3,0E-16,5.294444444444445,0E-16
2026-01-08,ZON-097,auto,5,3,0.4000000000000000,3.503333333333333,0.6000000000000000
2026-01-08,ZON-047,auto,6,2,0.6666666666666667,3.35,0.8333333333333333
2026-01-08,ZON-069,mini,7,6,0.1428571428571429,2.9047619047619047,1.0000000000000000
2026-01-08,ZON-098,mini,12,9,0E-16,3.440740740740741,0.6666666666666667
2026-01-08,ZON-002,auto,7,5,0.2857142857142857,3.74047619047619,1.0000000000000000
2026-01-08,ZON-022,mini,10,7,0.3000000000000000,3.8133333333333335,0.6000000000000000
2026-01-08,ZON-058,sedan,2,2,0E-16,2.558333333333333,0.5000000000000000
2026-01-08,ZON-087,auto,3,2,0.3333333333333333,1.7333333333333334,0.3333333333333333
2026-01-08,ZON-095,sedan,2,2,0E-16,6.566666666666666,0.5000000000000000
2026-01-08,ZON-065,sedan,6,4,0.3333333333333333,2.469444444444444,0.1666666666666667
2026-01-08,ZON-070,sedan,3,3,0E-16,2.7444444444444445,1.0000000000000000
2026-01-08,ZON-078,sedan,3,1,0E-16,0.8166666666666667,0.3333333333333333
2026-01-08,ZON-081,sedan,6,4,0.1666666666666667,3.3699999999999997,0.6666666666666667
2026-01-07,ZON-095,auto,2,0,0.5000000000000000,6.766666666666667,0.5000000000000000
2026-01-08,ZON-003,auto,3,2,0.3333333333333333,4.872222222222222,0E-16
2026-01-08,ZON-006,sedan,4,3,0.2500000000000000,3.45,0.2500000000000000
2026-01-08,ZON-102,mini,3,3,0E-16,3.8277777777777775,0E-16
2026-01-08,ZON-097,sedan,4,3,0E-16,1.55,1.0000000000000000
2026-01-09,ZON-012,auto,6,2,0.3333333333333333,4.454166666666667,0.5000000000000000
2026-01-09,ZON-093,sedan,5,2,0.6000000000000000,3.2766666666666664,0.2000000000000000
2026-01-09,ZON-019,auto,10,9,0.1000000000000000,4.673333333333333,0.5000000000000000
2026-01-09,ZON-026,auto,10,7,0.2000000000000000,4.092592592592593,0.6000000000000000
2026-01-09,ZON-072,mini,11,4,0.5454545454545455,4.888333333333334,0.3636363636363636
2026-01-09,ZON-112,bike_taxi,6,4,0.1666666666666667,3.4099999999999997,0.8333333333333333
2026-01-09,ZON-023,mini,6,5,0E-16,3.0433333333333334,0.5000000000000000
2026-01-09,ZON-070,bike_taxi,4,1,0.2500000000000000,4.875,0.2500000000000000
2026-01-09,ZON-025,bike_taxi,6,5,0.1666666666666667,4.333333333333333,0.8333333333333333
2026-01-09,ZON-111,bike_taxi,4,1,0.7500000000000000,2.6625,0.5000000000000000
2026-01-09,ZON-027,auto,5,4,0.2000000000000000,3.6266666666666665,0.6000000000000000
2026-01-09,ZON-058,bike_taxi,1,1,0E-16,0.4,1.0000000000000000
2026-01-09,ZON-034,mini,5,3,0.2000000000000000,3.9458333333333333,0.8000000000000000
2026-01-09,ZON-015,auto,5,3,0.2000000000000000,4.6875,1.0000000000000000
2026-01-09,ZON-090,auto,5,3,0.2000000000000000,3.8625,0.8000000000000000
2026-01-09,ZON-003,bike_taxi,3,1,0.6666666666666667,3.655555555555556,0.6666666666666667
2026-01-09,ZON-003,auto,2,2,0E-16,3.2916666666666665,0.5000000000000000
2026-01-10,ZON-115,mini,8,4,0.3750000000000000,4.230952380952381,0.6250000000000000
2026-01-10,ZON-084,mini,12,7,0.3333333333333333,4.2,0.4166666666666667
2026-01-10,ZON-034,bike_taxi,5,4,0.2000000000000000,2.4166666666666665,0.4000000000000000
2026-01-10,ZON-092,sedan,6,5,0.1666666666666667,3.8833333333333333,0.6666666666666667
2026-01-10,ZON-064,bike_taxi,5,4,0.2000000000000000,5.183333333333334,0.4000000000000000
2026-01-10,ZON-058,mini,8,8,0E-16,3.1395833333333334,0.3750000000000000
2026-01-10,ZON-059,auto,4,3,0E-16,2.655555555555556,0.7500000000000000
2026-01-10,ZON-058,sedan,3,2,0.3333333333333333,4.288888888888889,0E-16
2026-01-10,ZON-008,mini,9,6,0.2222222222222222,3.3604166666666666,0.6666666666666667
2026-01-10,ZON-077,auto,5,2,0.4000000000000000,3.783333333333333,0.6000000000000000
2026-01-10,ZON-081,bike_taxi,5,3,0.4000000000000000,3.2766666666666664,0.6000000000000000
2026-01-10,ZON-062,auto,6,3,0.5000000000000000,4.886111111111111,0.6666666666666667
2026-01-10,ZON-089,sedan,3,3,0E-16,2.805555555555556,0.6666666666666667
2026-01-10,ZON-093,bike_taxi,3,2,0E-16,5.35,1.0000000000000000
2026-01-10,ZON-061,auto,5,3,0.4000000000000000,4.623333333333333,0.4000000000000000
2026-01-10,ZON-106,bike_taxi,2,2,0E-16,2.975,0E-16
2026-01-11,ZON-091,bike_taxi,8,5,0.1250000000000000,3.0444444444444443,0.1250000000000000
2026-01-11,ZON-005,mini,8,4,0.1250000000000000,4.016666666666667,0.3750000000000000
2026-01-11,ZON-027,auto,7,3,0.4285714285714286,3.7083333333333335,0.7142857142857143
2026-01-11,ZON-041,mini,7,5,0.1428571428571429,4.9,0.8571428571428571
2026-01-11,ZON-034,sedan,11,7,0.2727272727272727,4.036666666666666,0.5454545454545455
2026-01-11,ZON-013,sedan,6,4,0.1666666666666667,4.673333333333333,0.1666666666666667
2026-01-11,ZON-045,auto,7,4,0.2857142857142857,5.191666666666666,0.2857142857142857
2026-01-11,ZON-024,auto,4,4,0E-16,3.425,1.0000000000000000
2026-01-11,ZON-048,bike_taxi,6,5,0.1666666666666667,3.1777777777777776,0.6666666666666667
2026-01-11,ZON-064,bike_taxi,4,3,0E-16,5.333333333333333,0.2500000000000000
2026-01-11,ZON-011,bike_taxi,4,3,0E-16,4.238888888888889,0.7500000000000000
2026-01-11,ZON-058,bike_taxi,5,2,0.4000000000000000,4.416666666666667,0.2000000000000000
2026-01-11,ZON-058,sedan,2,2,0E-16,3.7416666666666667,0.5000000000000000
2026-01-11,ZON-064,sedan,3,2,0E-16,3.9916666666666667,0.6666666666666667
2026-01-11,ZON-035,bike_taxi,2,0,0.5000000000000000,1.1333333333333333,1.0000000000000000
2026-01-11,ZON-098,bike_taxi,2,1,0.5000000000000000,5.225,1.0000000000000000
2026-01-12,ZON-106,mini,5,3,0.2000000000000000,3.1625,0.6000000000000000
2026-01-12,ZON-076,bike_taxi,8,7,0E-16,2.830952380952381,0.3750000000000000
2026-01-12,ZON-029,auto,6,4,0.3333333333333333,3.9944444444444445,0.6666666666666667
2026-01-12,ZON-011,mini,4,2,0.5000000000000000,2.6041666666666665,0.5000000000000000
2026-01-12,ZON-119,auto,5,4,0.2000000000000000,3.9233333333333333,0.8000000000000000
2026-01-12,ZON-015,auto,3,1,0.6666666666666667,3.9277777777777776,0.3333333333333333
2026-01-12,ZON-061,sedan,5,3,0.4000000000000000,5.136666666666667,0.4000000000000000
2026-01-12,ZON-077,bike_taxi,10,6,0.4000000000000000,4.37,0.6000000000000000
2026-01-12,ZON-046,auto,7,5,0.2857142857142857,1.776190476190476,0.8571428571428571
2026-01-12,ZON-077,auto,7,4,0.2857142857142857,5.1194444444444445,0.4285714285714286
2026-01-12,ZON-021,mini,6,4,0.1666666666666667,2.996666666666667,0.6666666666666667
2026-01-12,ZON-112,mini,10,7,0.1000000000000000,3.2333333333333334,0.3000000000000000
2026-01-12,ZON-088,sedan,3,3,0E-16,4.777777777777778,0E-16
2026-01-12,ZON-023,auto,4,1,0.2500000000000000,4.183333333333334,0.5000000000000000
2026-01-12,ZON-015,mini,4,3,0E-16,2.8222222222222224,1.0000000000000000
2026-01-12,ZON-009,bike_taxi,7,6,0E-16,2.2277777777777774,0.4285714285714286
2026-01-13,ZON-094,bike_taxi,5,4,0.2000000000000000,3.5933333333333333,0.8000000000000000
2026-01-13,ZON-047,mini,10,6,0.3000000000000000,4.775925925925926,0.7000000000000000
2026-01-13,ZON-119,mini,8,6,0.1250000000000000,2.442857142857143,0.8750000000000000
2026-01-13,ZON-087,mini,7,6,0.1428571428571429,3.030952380952381,0.4285714285714286
2026-01-13,ZON-067,bike_taxi,6,5,0.1666666666666667,3.658333333333333,0.6666666666666667
2026-01-13,ZON-063,sedan,5,4,0.2000000000000000,4.47,0.6000000000000000
2026-01-13,ZON-052,sedan,7,3,0.2857142857142857,2.9766666666666666,0.4285714285714286
2026-01-13,ZON-002,auto,10,8,0E-16,3.4833333333333334,0.7000000000000000
2026-01-13,ZON-108,bike_taxi,7,5,0.1428571428571429,4.0055555555555555,0.5714285714285714
2026-01-13,ZON-010,bike_taxi,3,1,0.3333333333333333,2.7416666666666667,0.6666666666666667
2026-01-13,ZON-117,mini,6,5,0.1666666666666667,2.691666666666667,0.6666666666666667
2026-01-13,ZON-108,mini,7,4,0.2857142857142857,2.5416666666666665,0.5714285714285714
2026-01-13,ZON-002,mini,9,4,0.4444444444444444,3.7604166666666665,0.3333333333333333
2026-01-13,ZON-021,mini,7,3,0.1428571428571429,4.020833333333333,0.4285714285714286
2026-01-13,ZON-007,bike_taxi,6,5,0.1666666666666667,3.5416666666666665,0.6666666666666667
2026-01-13,ZON-034,bike_taxi,3,2,0.3333333333333333,4.2555555555555555,0.3333333333333333
2026-01-13,ZON-072,bike_taxi,2,2,0E-16,5.075,0E-16
2026-01-13,ZON-058,sedan,1,1,0E-16,0.55,1.0000000000000000
2026-01-14,ZON-019,auto,5,3,0.2000000000000000,3.7916666666666665,0.8000000000000000
2026-01-14,ZON-066,mini,8,6,0.1250000000000000,3.1166666666666667,0.2500000000000000
2026-01-14,ZON-082,mini,8,3,0.6250000000000000,3.939583333333333,0.7500000000000000
2026-01-14,ZON-008,auto,8,6,0E-16,2.7277777777777774,0.5000000000000000
2026-01-14,ZON-103,auto,3,2,0.3333333333333333,2.1333333333333333,1.0000000000000000
2026-01-14,ZON-036,sedan,4,2,0.5000000000000000,4.304166666666666,0.5000000000000000
2026-01-14,ZON-113,bike_taxi,4,2,0.2500000000000000,5.1,0.5000000000000000
2026-01-14,ZON-119,auto,12,10,0.1666666666666667,2.8472222222222223,0.5833333333333333
2026-01-14,ZON-016,mini,5,1,0.2000000000000000,4.2,0.6000000000000000
2026-01-14,ZON-005,sedan,3,3,0E-16,4.561111111111112,0.6666666666666667
2026-01-14,ZON-112,mini,6,5,0.1666666666666667,4.777777777777778,0.3333333333333333
2026-01-14,ZON-086,auto,8,5,0.1250000000000000,2.9777777777777774,0.3750000000000000
2026-01-14,ZON-017,sedan,2,1,0.5000000000000000,5.675,1.0000000000000000
2026-01-14,ZON-079,sedan,2,2,0E-16,4.8,0.5000000000000000
2026-01-14,ZON-007,sedan,3,2,0.3333333333333333,3.85,0.6666666666666667
2026-01-01,ZON-084,auto,4,4,0E-16,2.7,0E-16
2026-01-01,ZON-104,sedan,7,3,0.5714285714285714,3.052380952380952,0.8571428571428571
2026-01-01,ZON-053,mini,7,5,0.1428571428571429,4.727777777777778,0.5714285714285714
2026-01-01,ZON-074,bike_taxi,4,2,0.5000000000000000,5.479166666666667,0.7500000000000000
2026-01-01,ZON-085,mini,7,3,0.2857142857142857,4.983333333333333,0.5714285714285714
2026-01-01,ZON-029,auto,4,1,0.2500000000000000,2.6,0.7500000000000000
2026-01-01,ZON-002,bike_taxi,5,2,0.2000000000000000,4.877777777777778,1.0000000000000000
2026-01-01,ZON-022,bike_taxi,9,7,0.1111111111111111,2.89375,0.3333333333333333
2026-01-01,ZON-099,mini,8,4,0.3750000000000000,3.111904761904762,0.5000000000000000
2026-01-01,ZON-075,bike_taxi,4,3,0.2500000000000000,3.716666666666667,0.5000000000000000
2026-01-01,ZON-015,auto,6,5,0.1666666666666667,3.3777777777777778,1.0000000000000000
2026-01-01,ZON-098,auto,6,5,0.1666666666666667,4.205555555555556,0.5000000000000000
2026-01-01,ZON-041,mini,8,5,0.2500000000000000,3.1857142857142855,0.3750000000000000
2026-01-01,ZON-025,auto,8,5,0.2500000000000000,3.547619047619048,0.8750000000000000
2026-01-01,ZON-016,auto,2,1,0.5000000000000000,4.133333333333334,1.0000000000000000
2026-01-01,ZON-091,auto,5,3,0.4000000000000000,4.42,0.2000000000000000
2026-01-02,ZON-117,mini,5,4,0.2000000000000000,1.8333333333333333,0.4000000000000000
2026-01-02,ZON-077,bike_taxi,7,4,0.4285714285714286,3.5761904761904764,0.2857142857142857
2026-01-02,ZON-039,mini,3,3,0E-16,4.305555555555555,0.6666666666666667
2026-01-02,ZON-003,sedan,2,1,0.5000000000000000,0.6833333333333333,0.5000000000000000
2026-01-02,ZON-112,bike_taxi,8,5,0.2500000000000000,3.0,0.5000000000000000
2026-01-02,ZON-007,bike_taxi,6,6,0E-16,3.725,0.3333333333333333
2026-01-02,ZON-033,auto,7,2,0.2857142857142857,3.716666666666667,0.4285714285714286
2026-01-02,ZON-008,mini,7,6,0.1428571428571429,2.6952380952380954,0.7142857142857143
2026-01-02,ZON-039,auto,4,3,0E-16,2.688888888888889,0.7500000000000000
2026-01-02,ZON-037,mini,3,3,0E-16,4.477777777777778,0.3333333333333333
2026-01-02,ZON-057,auto,11,6,0.2727272727272727,2.65,0.6363636363636364
2026-01-02,ZON-017,auto,7,6,0.1428571428571429,3.2095238095238097,0.5714285714285714
2026-01-02,ZON-002,auto,5,4,0.2000000000000000,5.863333333333333,0.8000000000000000
2026-01-02,ZON-083,mini,6,4,0.1666666666666667,3.7266666666666666,0.5000000000000000
2026-01-02,ZON-109,auto,5,2,0.6000000000000000,3.3366666666666664,0.6000000000000000
2026-01-02,ZON-049,mini,5,1,0.4000000000000000,4.2444444444444445,0.8000000000000000
2026-01-02,ZON-101,sedan,7,3,0.2857142857142857,3.606666666666667,0.7142857142857143
2026-01-02,ZON-082,mini,4,1,0.7500000000000000,2.7708333333333335,0.7500000000000000
2026-01-02,ZON-032,auto,2,2,0E-16,4.225,0.5000000000000000
2026-01-02,ZON-040,mini,5,0,0.6000000000000000,2.6777777777777776,0E-16
2026-01-02,ZON-080,sedan,5,5,0E-16,2.3033333333333332,0.4000000000000000
2026-01-03,ZON-106,bike_taxi,10,6,0.3000000000000000,1.8111111111111111,0.5000000000000000
2026-01-02,ZON-079,auto,3,1,0.6666666666666667,3.7555555555555555,0.3333333333333333
2026-01-03,ZON-035,bike_taxi,3,3,0E-16,3.7555555555555555,0.3333333333333333
2026-01-03,ZON-094,mini,7,6,0.1428571428571429,3.5642857142857145,0.5714285714285714
2026-01-03,ZON-083,auto,9,5,0.3333333333333333,3.55625,0.6666666666666667
2026-01-03,ZON-012,mini,7,5,0.1428571428571429,3.3305555555555557,0.4285714285714286
2026-01-03,ZON-030,bike_taxi,6,3,0.3333333333333333,4.446666666666667,0.5000000000000000
2026-01-02,ZON-026,auto,2,1,0.5000000000000000,4.275,0.5000000000000000
2026-01-03,ZON-114,auto,9,7,0.1111111111111111,4.520833333333333,0.3333333333333333
2026-01-03,ZON-032,mini,6,3,0.5000000000000000,4.052777777777778,0.3333333333333333
2026-01-03,ZON-071,auto,4,2,0.2500000000000000,3.5,0.7500000000000000
2026-01-03,ZON-007,mini,9,8,0.1111111111111111,4.185185185185185,0.6666666666666667
2026-01-03,ZON-108,bike_taxi,5,2,0.4000000000000000,3.5833333333333335,0.2000000000000000
2026-01-03,ZON-089,mini,8,4,0.2500000000000000,3.308333333333333,0.6250000000000000
2026-01-03,ZON-082,sedan,4,3,0E-16,4.644444444444445,1.0000000000000000
2026-01-03,ZON-053,auto,8,4,0.2500000000000000,2.308333333333333,0.3750000000000000
2026-01-03,ZON-109,bike_taxi,3,2,0E-16,3.6083333333333334,1.0000000000000000
2026-01-03,ZON-010,sedan,2,2,0E-16,3.85,1.0000000000000000
2026-01-04,ZON-111,auto,3,2,0E-16,2.1666666666666665,0.6666666666666667
2026-01-04,ZON-012,auto,9,6,0.2222222222222222,3.7333333333333334,0.6666666666666667
2026-01-04,ZON-093,auto,9,6,0.1111111111111111,4.116666666666666,0.6666666666666667
2026-01-04,ZON-013,sedan,7,7,0E-16,3.7666666666666666,0.7142857142857143
2026-01-04,ZON-019,bike_taxi,3,2,0.3333333333333333,4.438888888888888,0.3333333333333333
2026-01-04,ZON-088,mini,4,3,0.2500000000000000,3.4375,0.5000000000000000
2026-01-04,ZON-065,bike_taxi,5,3,0.4000000000000000,4.2733333333333325,0.4000000000000000
2026-01-04,ZON-098,bike_taxi,4,3,0E-16,1.7555555555555555,0E-16
2026-01-04,ZON-069,auto,7,6,0.1428571428571429,3.9214285714285713,0.4285714285714286
2026-01-04,ZON-093,sedan,7,5,0.2857142857142857,4.766666666666667,0.2857142857142857
2026-01-04,ZON-060,mini,8,8,0E-16,3.591666666666667,0.3750000000000000
2026-01-04,ZON-030,sedan,5,4,0.2000000000000000,3.6866666666666665,0.4000000000000000
2026-01-04,ZON-119,sedan,5,3,0.2000000000000000,4.15,1.0000000000000000
2026-01-04,ZON-006,bike_taxi,7,6,0E-16,3.3555555555555556,0.5714285714285714
2026-01-04,ZON-092,sedan,7,4,0.2857142857142857,2.9916666666666667,0.5714285714285714
2026-01-04,ZON-050,auto,7,4,0.2857142857142857,2.25,0.2857142857142857
2026-01-04,ZON-006,mini,7,3,0.2857142857142857,2.796666666666667,0.2857142857142857
2026-01-04,ZON-113,bike_taxi,3,1,0.6666666666666667,6.066666666666666,0.3333333333333333
2026-01-04,ZON-038,sedan,1,1,0E-16,6.45,0E-16
2026-01-04,ZON-052,mini,5,4,0E-16,1.3708333333333333,0.6000000000000000
2026-01-04,ZON-033,bike_taxi,3,2,0E-16,4.991666666666666,0E-16
2026-01-05,ZON-092,mini,9,8,0.1111111111111111,4.2518518518518515,0.5555555555555556
2026-01-05,ZON-006,mini,9,6,0.2222222222222222,3.81875,0.6666666666666667
2026-01-05,ZON-001,bike_taxi,5,3,0.2000000000000000,1.3083333333333333,0.6000000000000000
2026-01-05,ZON-083,bike_taxi,9,4,0.4444444444444444,4.564583333333333,0.5555555555555556
2026-01-04,ZON-081,sedan,3,1,0.6666666666666667,3.538888888888889,0.6666666666666667
2026-01-05,ZON-102,sedan,6,5,0.1666666666666667,4.0888888888888895,0.3333333333333333
2026-01-05,ZON-035,bike_taxi,9,8,0.1111111111111111,3.8333333333333335,0.3333333333333333
2026-01-05,ZON-011,mini,2,1,0E-16,3.4833333333333334,0.5000000000000000
2026-01-05,ZON-030,bike_taxi,5,4,0.2000000000000000,4.180000000000001,0.8000000000000000
2026-01-05,ZON-023,auto,7,6,0.1428571428571429,2.3523809523809525,0.7142857142857143
2026-01-05,ZON-073,bike_taxi,9,5,0.3333333333333333,3.2604166666666665,0.4444444444444444
2026-01-05,ZON-087,bike_taxi,5,4,0.2000000000000000,3.9699999999999998,0.2000000000000000
2026-01-05,ZON-003,sedan,6,4,0.3333333333333333,2.836111111111111,0.6666666666666667
2026-01-05,ZON-055,mini,6,3,0.5000000000000000,1.847222222222222,0.5000000000000000
2026-01-05,ZON-060,auto,2,2,0E-16,2.675,0.5000000000000000
2026-01-05,ZON-009,auto,5,3,0.2000000000000000,5.158333333333333,0.6000000000000000
2026-01-05,ZON-012,bike_taxi,4,2,0E-16,4.366666666666666,0.5000000000000000
2026-01-05,ZON-009,mini,4,2,0.2500000000000000,2.816666666666667,0.5000000000000000
2026-01-05,ZON-037,bike_taxi,6,6,0E-16,2.961111111111111,0.8333333333333333
2026-01-05,ZON-039,sedan,3,3,0E-16,3.533333333333333,0.6666666666666667
2026-01-05,ZON-028,mini,7,6,0.1428571428571429,3.7642857142857142,0.7142857142857143
2026-01-05,ZON-111,mini,3,0,1.0000000000000000,4.844444444444445,0.3333333333333333
2026-01-05,ZON-025,bike_taxi,1,1,0E-16,1.4666666666666666,1.0000000000000000
2026-01-06,ZON-075,mini,6,5,0E-16,4.933333333333334,0.5000000000000000
2026-01-06,ZON-070,sedan,3,3,0E-16,3.3777777777777778,0E-16
2026-01-06,ZON-105,auto,10,7,0.1000000000000000,3.9,0.5000000000000000
2026-01-06,ZON-066,sedan,3,2,0.3333333333333333,2.933333333333333,0.6666666666666667
2026-01-06,ZON-095,mini,5,4,0.2000000000000000,3.0833333333333335,0.2000000000000000
2026-01-06,ZON-033,auto,9,5,0.3333333333333333,4.58125,0.4444444444444444
2026-01-06,ZON-077,auto,11,8,0.1818181818181818,3.4483333333333333,0.3636363636363636
2026-01-06,ZON-014,sedan,4,3,0.2500000000000000,3.6625,0.2500000000000000
2026-01-06,ZON-089,bike_taxi,5,3,0.2000000000000000,4.095833333333333,0.2000000000000000
2026-01-06,ZON-009,mini,11,7,0.1818181818181818,4.844444444444445,0.6363636363636364
2026-01-06,ZON-068,mini,3,3,0E-16,3.35,1.0000000000000000
2026-01-06,ZON-077,bike_taxi,3,2,0E-16,3.2416666666666667,0.6666666666666667
2026-01-06,ZON-021,mini,5,5,0E-16,3.103333333333333,0.8000000000000000
2026-01-06,ZON-117,sedan,5,4,0.2000000000000000,4.036666666666666,0.6000000000000000
2026-01-06,ZON-085,sedan,5,2,0.4000000000000000,1.45,0.8000000000000000
2026-01-06,ZON-099,bike_taxi,9,6,0.2222222222222222,4.060416666666667,0.5555555555555556
2026-01-06,ZON-088,sedan,5,4,0E-16,4.0625,0.4000000000000000
2026-01-06,ZON-051,sedan,5,3,0.2000000000000000,3.725,0.8000000000000000
2026-01-07,ZON-008,sedan,5,3,0.4000000000000000,2.3666666666666667,0.6000000000000000
2026-01-07,ZON-026,auto,8,6,0.2500000000000000,3.7333333333333334,0.5000000000000000
2026-01-07,ZON-075,bike_taxi,2,1,0.5000000000000000,2.808333333333333,1.0000000000000000
2026-01-07,ZON-040,mini,8,4,0.3750000000000000,4.354761904761904,0.7500000000000000
2026-01-07,ZON-010,bike_taxi,5,3,0.4000000000000000,3.9633333333333334,0.6000000000000000
2026-01-07,ZON-080,sedan,7,5,0.2857142857142857,3.538095238095238,0.7142857142857143
2026-01-07,ZON-102,mini,7,2,0.4285714285714286,2.9066666666666667,0.4285714285714286
2026-01-07,ZON-008,bike_taxi,4,3,0E-16,3.45,0.5000000000000000
2026-01-07,ZON-111,auto,7,6,0.1428571428571429,3.683333333333333,0.5714285714285714
2026-01-07,ZON-035,mini,8,7,0E-16,3.1333333333333333,0.5000000000000000
2026-01-07,ZON-075,sedan,2,2,0E-16,4.8,0.5000000000000000
2026-01-07,ZON-030,bike_taxi,5,3,0.4000000000000000,5.253333333333333,0.6000000000000000
2026-01-07,ZON-069,bike_taxi,3,2,0E-16,3.15,0E-16
2026-01-07,ZON-058,bike_taxi,3,2,0E-16,4.766666666666667,1.0000000000000000
2026-01-07,ZON-071,sedan,5,4,0E-16,2.2333333333333334,0.6000000000000000
2026-01-07,ZON-076,bike_taxi,4,2,0.2500000000000000,4.938888888888888,0.2500000000000000
2026-01-08,ZON-056,mini,6,3,0.5000000000000000,3.511111111111111,0.6666666666666667
2026-01-08,ZON-027,bike_taxi,3,2,0.3333333333333333,2.716666666666667,0.3333333333333333
2026-01-08,ZON-034,bike_taxi,8,6,0.2500000000000000,1.7375,0.3750000000000000
2026-01-08,ZON-060,mini,6,3,0.3333333333333333,2.96,0.3333333333333333
2026-01-08,ZON-029,mini,3,2,0E-16,4.383333333333334,0.6666666666666667
2026-01-08,ZON-101,mini,8,3,0.2500000000000000,3.2633333333333336,0.5000000000000000
2026-01-08,ZON-088,mini,5,4,0.2000000000000000,3.8333333333333335,0.6000000000000000
2026-01-08,ZON-012,mini,5,3,0.2000000000000000,2.25,0.8000000000000000
2026-01-08,ZON-053,auto,9,7,0E-16,4.20952380952381,0.7777777777777778
2026-01-08,ZON-111,bike_taxi,7,6,0E-16,4.302777777777778,1.0000000000000000
2026-01-08,ZON-081,mini,12,10,0.1666666666666667,4.2652777777777775,0.5000000000000000
2026-01-08,ZON-062,mini,8,5,0.1250000000000000,3.011111111111111,0.6250000000000000
2026-01-08,ZON-079,auto,7,4,0.2857142857142857,1.6277777777777778,0.2857142857142857
2026-01-08,ZON-009,auto,12,10,0.1666666666666667,4.093055555555556,0.8333333333333333
2026-01-08,ZON-099,bike_taxi,5,2,0.6000000000000000,3.4366666666666665,1.0000000000000000
2026-01-08,ZON-095,mini,4,1,0.5000000000000000,3.7444444444444445,0.7500000000000000
2026-01-08,ZON-119,sedan,1,1,0E-16,0.6166666666666667,1.0000000000000000
2026-01-08,ZON-068,sedan,3,1,0.3333333333333333,4.575,0.6666666666666667
2026-01-09,ZON-035,sedan,4,1,0.7500000000000000,5.779166666666667,0.5000000000000000
2026-01-09,ZON-057,mini,10,5,0.4000000000000000,3.338888888888889,0.8000000000000000
2026-01-09,ZON-108,sedan,12,9,0.1666666666666667,2.9515151515151516,0.5833333333333333
2026-01-09,ZON-012,mini,7,0,0.8571428571428571,4.6,0.5714285714285714
2026-01-09,ZON-053,mini,7,3,0.2857142857142857,2.5133333333333336,0.5714285714285714
2026-01-09,ZON-076,auto,11,6,0.3636363636363636,2.455,0.5454545454545455
2026-01-09,ZON-074,sedan,9,7,0.1111111111111111,3.502083333333333,0.5555555555555556
2026-01-09,ZON-099,sedan,6,1,0.3333333333333333,3.761111111111111,0.6666666666666667
2026-01-09,ZON-039,auto,4,3,0E-16,4.055555555555555,0.5000000000000000
2026-01-09,ZON-067,mini,8,5,0.1250000000000000,4.341666666666667,0.8750000000000000
2026-01-09,ZON-069,mini,6,5,0E-16,3.6533333333333333,0.5000000000000000
2026-01-09,ZON-082,sedan,6,3,0.5000000000000000,4.158333333333333,0.3333333333333333
2026-01-09,ZON-011,mini,6,3,0.5000000000000000,3.780555555555556,0.8333333333333333
2026-01-09,ZON-007,sedan,3,3,0E-16,3.261111111111111,0.6666666666666667
2026-01-09,ZON-038,auto,6,4,0.1666666666666667,4.569999999999999,0.3333333333333333
2026-01-09,ZON-006,mini,6,4,0.1666666666666667,4.283333333333333,0.8333333333333333
2026-01-09,ZON-088,bike_taxi,3,2,0.3333333333333333,1.7666666666666666,0.6666666666666667
2026-01-09,ZON-031,bike_taxi,5,2,0E-16,2.058333333333333,0.2000000000000000
2026-01-09,ZON-028,sedan,1,1,0E-16,0.36666666666666664,0E-16
2026-01-10,ZON-042,sedan,3,2,0E-16,4.75,0.6666666666666667
2026-01-10,ZON-038,mini,7,5,0.2857142857142857,3.530952380952381,0.4285714285714286
2026-01-10,ZON-061,mini,5,3,0.4000000000000000,3.8066666666666666,0.6000000000000000
2026-01-10,ZON-093,auto,6,6,0E-16,3.9972222222222222,0.3333333333333333
2026-01-10,ZON-053,sedan,3,2,0.3333333333333333,5.144444444444445,1.0000000000000000
2026-01-10,ZON-101,auto,5,4,0.2000000000000000,2.1933333333333334,0.6000000000000000
2026-01-10,ZON-042,auto,7,3,0.5714285714285714,3.3904761904761904,0.7142857142857143
2026-01-10,ZON-046,sedan,4,3,0.2500000000000000,2.7333333333333334,0.5000000000000000
2026-01-10,ZON-102,sedan,5,3,0.4000000000000000,2.8333333333333335,0.6000000000000000
2026-01-10,ZON-047,sedan,5,5,0E-16,3.3699999999999997,0.4000000000000000
2026-01-10,ZON-094,mini,4,2,0.5000000000000000,2.975,0.5000000000000000
2026-01-10,ZON-045,auto,11,9,0E-16,3.0685185185185184,0.7272727272727273
2026-01-10,ZON-037,bike_taxi,3,1,0E-16,4.45,0.3333333333333333
2026-01-10,ZON-114,bike_taxi,3,3,0E-16,3.3333333333333335,0.6666666666666667
2026-01-10,ZON-076,bike_taxi,2,1,0E-16,3.65,0.5000000000000000
2026-01-10,ZON-041,bike_taxi,4,3,0E-16,4.388888888888888,0.2500000000000000
2026-01-10,ZON-100,auto,1,1,0E-16,1.65,1.0000000000000000
2026-01-11,ZON-026,bike_taxi,4,2,0E-16,3.1416666666666666,0.2500000000000000
2026-01-11,ZON-073,mini,6,3,0.1666666666666667,4.004166666666666,0.5000000000000000
2026-01-11,ZON-026,mini,3,2,0.3333333333333333,2.9,1.0000000000000000
2026-01-11,ZON-073,sedan,5,2,0.6000000000000000,4.056666666666667,0.2000000000000000
2026-01-11,ZON-017,sedan,6,5,0.1666666666666667,3.9777777777777774,0.5000000000000000
2026-01-11,ZON-099,bike_taxi,4,2,0.5000000000000000,3.316666666666667,0.2500000000000000
2026-01-11,ZON-047,mini,11,7,0.2727272727272727,3.2416666666666667,0.4545454545454545
2026-01-11,ZON-113,mini,8,4,0.5000000000000000,3.9,0.7500000000000000
2026-01-11,ZON-012,bike_taxi,3,2,0.3333333333333333,3.694444444444444,0.6666666666666667
2026-01-11,ZON-020,mini,4,1,0.5000000000000000,3.8222222222222224,0.2500000000000000
2026-01-11,ZON-012,auto,5,3,0E-16,1.8944444444444446,0.8000000000000000
2026-01-11,ZON-078,bike_taxi,7,7,0E-16,3.928571428571429,0.2857142857142857
2026-01-11,ZON-066,bike_taxi,7,5,0.1428571428571429,3.925,0.5714285714285714
2026-01-11,ZON-080,bike_taxi,4,1,0.5000000000000000,4.472222222222222,0.7500000000000000
2026-01-11,ZON-051,auto,3,3,0E-16,3.9777777777777774,0.6666666666666667
2026-01-11,ZON-016,sedan,6,5,0E-16,3.3400000000000003,0.3333333333333333
2026-01-11,ZON-103,sedan,9,7,0.1111111111111111,2.7291666666666665,0.5555555555555556
2026-01-11,ZON-116,sedan,6,5,0.1666666666666667,2.8305555555555557,0.8333333333333333
2026-01-11,ZON-048,auto,6,3,0.3333333333333333,1.96,0.8333333333333333
2026-01-11,ZON-054,mini,7,7,0E-16,5.211904761904762,0.8571428571428571
2026-01-11,ZON-007,mini,3,3,0E-16,2.905555555555556,0.3333333333333333
2026-01-11,ZON-087,mini,8,6,0.2500000000000000,3.4833333333333334,0.6250000000000000
2026-01-11,ZON-076,bike_taxi,3,2,0E-16,6.166666666666667,0.3333333333333333
2026-01-10,ZON-049,sedan,1,0,0E-16,,0E-16
2026-01-11,ZON-102,bike_taxi,3,3,0E-16,3.65,1.0000000000000000
2026-01-11,ZON-038,sedan,2,1,0.5000000000000000,3.966666666666667,1.0000000000000000
2026-01-12,ZON-032,sedan,8,6,0.1250000000000000,4.114285714285715,0.7500000000000000
2026-01-12,ZON-116,auto,12,8,0.1666666666666667,2.57,0.5000000000000000
2026-01-12,ZON-050,sedan,4,4,0E-16,2.1125,0.5000000000000000
2026-01-12,ZON-071,mini,8,6,0.2500000000000000,3.4125,0.6250000000000000
2026-01-12,ZON-075,sedan,3,2,0.3333333333333333,5.172222222222222,0.6666666666666667
2026-01-12,ZON-102,mini,10,6,0.4000000000000000,3.8266666666666667,0.6000000000000000
2026-01-12,ZON-080,sedan,4,3,0E-16,3.905555555555556,0.2500000000000000
2026-01-12,ZON-100,mini,7,6,0.1428571428571429,3.34047619047619,0.8571428571428571
2026-01-12,ZON-031,mini,7,4,0.2857142857142857,4.186111111111111,0.5714285714285714
2026-01-12,ZON-048,mini,5,2,0.6000000000000000,3.23,0E-16
2026-01-12,ZON-088,auto,3,1,0.6666666666666667,3.3777777777777778,1.0000000000000000
2026-01-12,ZON-062,mini,6,3,0.3333333333333333,2.466666666666667,0.3333333333333333
2026-01-12,ZON-097,bike_taxi,7,5,0.1428571428571429,2.966666666666667,0.2857142857142857
2026-01-12,ZON-104,bike_taxi,2,0,1.0000000000000000,4.233333333333333,0.5000000000000000
2026-01-13,ZON-061,auto,5,3,0E-16,1.6611111111111112,0.8000000000000000
2026-01-13,ZON-076,auto,9,6,0.2222222222222222,3.939583333333333,0.5555555555555556
2026-01-13,ZON-062,mini,8,5,0E-16,2.9099999999999997,0.8750000000000000
2026-01-13,ZON-106,auto,6,4,0.1666666666666667,2.8633333333333337,0.6666666666666667
2026-01-13,ZON-055,auto,2,0,0E-16,,0.5000000000000000
2026-01-13,ZON-009,sedan,7,5,0.2857142857142857,4.3,0.5714285714285714
2026-01-13,ZON-006,mini,10,8,0.1000000000000000,3.7944444444444443,0.5000000000000000
2026-01-13,ZON-083,bike_taxi,5,1,0.4000000000000000,4.5055555555555555,0.2000000000000000
2026-01-13,ZON-117,sedan,5,4,0.2000000000000000,2.4099999999999997,0.6000000000000000
2026-01-13,ZON-011,sedan,5,2,0.2000000000000000,3.655555555555556,0.8000000000000000
2026-01-13,ZON-062,sedan,5,5,0E-16,4.346666666666667,0.4000000000000000
2026-01-13,ZON-086,mini,4,4,0E-16,4.870833333333334,0.5000000000000000
2026-01-13,ZON-041,mini,4,1,0.7500000000000000,3.0416666666666665,0.7500000000000000
2026-01-13,ZON-069,bike_taxi,5,5,0E-16,3.2800000000000002,0.8000000000000000
2026-01-13,ZON-025,auto,3,2,0.3333333333333333,6.1,1.0000000000000000
2026-01-13,ZON-071,bike_taxi,6,6,0E-16,4.008333333333334,0.8333333333333333
2026-01-14,ZON-076,mini,10,6,0.2000000000000000,5.116666666666666,0.6000000000000000
2026-01-14,ZON-072,sedan,2,2,0E-16,5.05,0E-16
2026-01-14,ZON-095,sedan,4,4,0E-16,4.058333333333334,0.2500000000000000
2026-01-14,ZON-010,auto,9,8,0.1111111111111111,3.961111111111111,0.7777777777777778
2026-01-14,ZON-087,sedan,4,4,0E-16,4.125,0.7500000000000000
2026-01-14,ZON-106,sedan,6,3,0.5000000000000000,4.097222222222222,0.3333333333333333
2026-01-14,ZON-039,sedan,8,4,0.1250000000000000,3.24,0.5000000000000000
2026-01-14,ZON-106,mini,6,5,0E-16,4.6866666666666665,0.3333333333333333
2026-01-14,ZON-099,auto,7,5,0.1428571428571429,4.65,0.5714285714285714
2026-01-14,ZON-002,mini,6,4,0.1666666666666667,5.333333333333333,0.5000000000000000
2026-01-14,ZON-060,auto,9,6,0.2222222222222222,3.8895833333333334,0.6666666666666667
2026-01-14,ZON-087,mini,6,3,0E-16,6.283333333333333,0.5000000000000000
2026-01-14,ZON-084,mini,7,5,0.2857142857142857,5.045238095238095,0.4285714285714286
2026-01-14,ZON-038,mini,8,6,0.1250000000000000,3.838095238095238,0.5000000000000000
2026-01-14,ZON-014,sedan,5,3,0.4000000000000000,5.513333333333334,0.2000000000000000
2026-01-14,ZON-091,sedan,3,0,0.6666666666666667,3.941666666666667,0.6666666666666667
2026-01-14,ZON-008,mini,7,4,0.2857142857142857,3.691666666666667,0.7142857142857143
2026-01-14,ZON-063,bike_taxi,3,2,0.3333333333333333,3.261111111111111,0.3333333333333333
2026-01-14,ZON-019,sedan,3,2,0.3333333333333333,2.488888888888889,0.3333333333333333
2026-01-14,ZON-052,bike_taxi,1,0,0E-16,,1.0000000000000000
2026-01-01,ZON-033,sedan,2,1,0E-16,0.35,0.5000000000000000
2026-01-01,ZON-090,auto,7,3,0.4285714285714286,3.4583333333333335,0.7142857142857143
2026-01-01,ZON-053,bike_taxi,8,4,0.2500000000000000,4.886111111111111,0.5000000000000000
2026-01-01,ZON-066,sedan,9,3,0.3333333333333333,3.8305555555555557,0.6666666666666667
2026-01-01,ZON-072,bike_taxi,6,4,0.1666666666666667,3.4699999999999998,0.5000000000000000
2026-01-01,ZON-062,mini,8,3,0.5000000000000000,4.121428571428571,0.6250000000000000
2026-01-01,ZON-006,mini,4,2,0.5000000000000000,3.654166666666667,0E-16
2026-01-01,ZON-117,mini,5,3,0.2000000000000000,4.329166666666667,0.4000000000000000
2026-01-01,ZON-087,mini,7,4,0.4285714285714286,3.95,0.7142857142857143
2026-01-01,ZON-064,auto,8,6,0E-16,4.652777777777778,0.5000000000000000
2026-01-01,ZON-004,mini,5,2,0.4000000000000000,3.5125,0.6000000000000000
2026-01-01,ZON-039,bike_taxi,7,3,0.4285714285714286,3.3944444444444444,0.7142857142857143
2026-01-01,ZON-099,sedan,5,5,0E-16,4.75,0.8000000000000000
2026-01-01,ZON-080,sedan,4,4,0E-16,3.529166666666667,0.5000000000000000
2026-01-01,ZON-040,auto,7,5,0.2857142857142857,3.876190476190476,0.5714285714285714
2026-01-01,ZON-022,sedan,2,2,0E-16,2.85,0.5000000000000000
2026-01-01,ZON-013,sedan,6,4,0.1666666666666667,4.246666666666667,0.3333333333333333
2026-01-01,ZON-029,sedan,8,5,0.1250000000000000,3.941666666666667,0.7500000000000000
2026-01-01,ZON-081,auto,2,0,1.0000000000000000,3.625,1.0000000000000000
2026-01-02,ZON-004,mini,10,8,0E-16,3.74375,0.4000000000000000
2026-01-02,ZON-049,auto,6,3,0.1666666666666667,4.4125,0.1666666666666667
2026-01-02,ZON-079,mini,17,11,0.1764705882352941,3.080952380952381,0.5294117647058824
2026-01-02,ZON-039,bike_taxi,5,3,0.4000000000000000,3.5633333333333335,0.6000000000000000
2026-01-02,ZON-054,auto,6,4,0E-16,3.525,0.8333333333333333
2026-01-02,ZON-074,mini,4,1,0.7500000000000000,4.225,0.2500000000000000
2026-01-02,ZON-091,mini,5,4,0.2000000000000000,4.319999999999999,0.6000000000000000
2026-01-02,ZON-087,bike_taxi,4,1,0.7500000000000000,3.75,0.2500000000000000
2026-01-02,ZON-097,auto,8,6,0.2500000000000000,3.0166666666666666,0.6250000000000000
2026-01-02,ZON-018,mini,5,3,0.2000000000000000,3.7875,0.2000000000000000
2026-01-02,ZON-021,bike_taxi,7,3,0.4285714285714286,3.0527777777777776,0.5714285714285714
2026-01-02,ZON-082,auto,12,6,0.3333333333333333,3.5933333333333333,0.3333333333333333
2026-01-02,ZON-015,mini,11,7,0.0909090909090909,3.5479166666666666,0.4545454545454545
2026-01-02,ZON-096,mini,4,4,0E-16,2.995833333333333,1.0000000000000000
2026-01-02,ZON-114,sedan,4,2,0.2500000000000000,4.6,0.7500000000000000
2026-01-02,ZON-089,bike_taxi,6,4,0.1666666666666667,4.183333333333334,0.5000000000000000
2026-01-02,ZON-105,mini,2,2,0E-16,3.283333333333333,0.5000000000000000
2026-01-02,ZON-019,bike_taxi,3,2,0.3333333333333333,3.2777777777777777,0.6666666666666667
2026-01-03,ZON-036,mini,10,5,0.3000000000000000,4.175,0.5000000000000000
2026-01-03,ZON-029,bike_taxi,8,7,0.1250000000000000,3.63125,0.7500000000000000
2026-01-03,ZON-043,mini,15,9,0.2666666666666667,3.4871794871794872,0.4666666666666667
2026-01-03,ZON-080,auto,6,4,0.3333333333333333,2.9194444444444443,0.5000000000000000
2026-01-03,ZON-103,bike_taxi,7,3,0.5714285714285714,3.55,1.0000000000000000
2026-01-03,ZON-110,mini,11,7,0.1818181818181818,3.759259259259259,0.5454545454545455
2026-01-03,ZON-025,auto,7,1,0.7142857142857143,3.805555555555556,0.5714285714285714
2026-01-03,ZON-044,auto,10,6,0.3000000000000000,3.2296296296296294,0.5000000000000000
2026-01-03,ZON-056,bike_taxi,9,3,0.5555555555555556,4.052083333333333,0.6666666666666667
2026-01-03,ZON-019,mini,7,3,0.2857142857142857,3.2133333333333334,0.7142857142857143
2026-01-03,ZON-007,bike_taxi,4,3,0E-16,1.9833333333333334,0.2500000000000000
2026-01-03,ZON-041,sedan,4,2,0.2500000000000000,1.7166666666666666,0.7500000000000000
2026-01-03,ZON-091,sedan,6,6,0E-16,4.611111111111112,0.6666666666666667
2026-01-03,ZON-111,bike_taxi,5,4,0E-16,5.258333333333334,0.2000000000000000
2026-01-03,ZON-040,mini,5,2,0.2000000000000000,3.238888888888889,0.4000000000000000
2026-01-03,ZON-069,bike_taxi,6,4,0.1666666666666667,3.06,0.1666666666666667
2026-01-03,ZON-110,sedan,4,2,0E-16,4.158333333333333,0.7500000000000000
2026-01-03,ZON-092,mini,4,3,0.2500000000000000,3.7083333333333335,0.7500000000000000
2026-01-03,ZON-087,auto,1,1,0E-16,0.43333333333333335,0E-16
2026-01-04,ZON-027,auto,6,6,0E-16,4.525,0.3333333333333333
2026-01-04,ZON-061,auto,4,1,0.7500000000000000,3.5833333333333335,0.5000000000000000
2026-01-04,ZON-095,sedan,6,5,0.1666666666666667,3.6527777777777777,0.5000000000000000
2026-01-04,ZON-090,sedan,7,6,0.1428571428571429,4.597619047619047,0.7142857142857143
2026-01-04,ZON-102,bike_taxi,6,2,0.5000000000000000,4.466666666666667,0.3333333333333333
2026-01-04,ZON-085,sedan,9,6,0.3333333333333333,3.3925925925925924,0.6666666666666667
2026-01-04,ZON-007,mini,9,5,0.3333333333333333,2.558333333333333,0.3333333333333333
2026-01-04,ZON-016,mini,7,5,0.2857142857142857,2.6071428571428568,0.2857142857142857
2026-01-04,ZON-050,mini,7,5,0.1428571428571429,3.775,0.5714285714285714
2026-01-04,ZON-052,bike_taxi,7,5,0.1428571428571429,2.8527777777777774,0.4285714285714286
2026-01-04,ZON-060,sedan,5,2,0.4000000000000000,4.370833333333334,0.6000000000000000
2026-01-04,ZON-037,bike_taxi,4,3,0.2500000000000000,5.2125,0.2500000000000000
2026-01-04,ZON-076,mini,2,2,0E-16,2.7666666666666666,0.5000000000000000
2026-01-05,ZON-056,sedan,5,4,0.2000000000000000,3.54,0.6000000000000000
2026-01-05,ZON-046,sedan,5,4,0E-16,1.9208333333333334,0.6000000000000000
2026-01-05,ZON-020,mini,8,5,0.2500000000000000,3.888095238095238,0.7500000000000000
2026-01-05,ZON-068,sedan,4,3,0.2500000000000000,3.775,0E-16
2026-01-05,ZON-016,auto,8,7,0E-16,2.3595238095238096,0.2500000000000000
2026-01-05,ZON-030,sedan,3,3,0E-16,3.2,0.6666666666666667
2026-01-05,ZON-076,bike_taxi,2,0,0.5000000000000000,1.7,0.5000000000000000
2026-01-05,ZON-115,bike_taxi,5,3,0.4000000000000000,3.2066666666666666,0.6000000000000000
2026-01-05,ZON-088,auto,3,3,0E-16,3.3944444444444444,0.6666666666666667
2026-01-05,ZON-096,mini,4,1,0.7500000000000000,4.35,0.5000000000000000
2026-01-05,ZON-114,bike_taxi,2,2,0E-16,5.575,1.0000000000000000
2026-01-05,ZON-119,bike_taxi,6,3,0.1666666666666667,3.283333333333333,0.1666666666666667
2026-01-05,ZON-003,auto,11,8,0.2727272727272727,3.1924242424242424,0.3636363636363636
2026-01-05,ZON-094,mini,5,4,0.2000000000000000,4.246666666666667,0.6000000000000000
2026-01-05,ZON-064,mini,4,3,0.2500000000000000,3.154166666666667,0.2500000000000000
2026-01-05,ZON-094,sedan,3,1,0.6666666666666667,3.0833333333333335,0.3333333333333333
2026-01-05,ZON-092,auto,8,4,0.5000000000000000,3.470833333333333,0.7500000000000000
2026-01-05,ZON-059,bike_taxi,2,2,0E-16,3.0833333333333335,0.5000000000000000
2026-01-06,ZON-008,auto,12,10,0.0833333333333333,3.187878787878788,0.6666666666666667
2026-01-06,ZON-058,mini,14,9,0.2857142857142857,3.885897435897436,0.5000000000000000
2026-01-06,ZON-092,sedan,6,3,0.3333333333333333,4.616666666666666,0.5000000000000000
2026-01-06,ZON-037,sedan,11,5,0.2727272727272727,3.06875,0.9090909090909091
2026-01-06,ZON-046,bike_taxi,2,2,0E-16,2.441666666666667,0E-16
2026-01-06,ZON-050,auto,4,3,0.2500000000000000,2.425,0.5000000000000000
2026-01-06,ZON-090,auto,6,4,0.1666666666666667,3.1766666666666667,0.5000000000000000
2026-01-06,ZON-013,bike_taxi,3,1,0.6666666666666667,3.805555555555556,0.3333333333333333
2026-01-06,ZON-044,mini,7,5,0.2857142857142857,4.745238095238095,0.5714285714285714
2026-01-06,ZON-039,bike_taxi,9,7,0.1111111111111111,2.714583333333333,0.5555555555555556
2026-01-06,ZON-011,bike_taxi,3,2,0.3333333333333333,4.561111111111112,1.0000000000000000
2026-01-06,ZON-110,mini,4,2,0E-16,5.8,0.5000000000000000
2026-01-06,ZON-029,auto,9,8,0.1111111111111111,4.037037037037037,0.7777777777777778
2026-01-06,ZON-078,bike_taxi,6,2,0.3333333333333333,3.216666666666667,0.5000000000000000
2026-01-06,ZON-055,bike_taxi,2,0,0.5000000000000000,6.45,0.5000000000000000
2026-01-07,ZON-040,bike_taxi,10,7,0.3000000000000000,3.2199999999999998,0.5000000000000000
2026-01-07,ZON-062,mini,9,4,0.4444444444444444,4.397916666666666,0.5555555555555556
2026-01-07,ZON-011,sedan,5,2,0.6000000000000000,4.75,0.6000000000000000
2026-01-07,ZON-021,auto,3,2,0E-16,4.766666666666667,0.6666666666666667
2026-01-07,ZON-116,bike_taxi,6,2,0.5000000000000000,3.1,1.0000000000000000
2026-01-07,ZON-032,mini,12,7,0.2500000000000000,4.16,0.5833333333333333
2026-01-07,ZON-115,bike_taxi,5,3,0.2000000000000000,3.775,1.0000000000000000
2026-01-07,ZON-099,auto,12,9,0.2500000000000000,3.138888888888889,0.5000000000000000
2026-01-07,ZON-013,auto,7,4,0.2857142857142857,2.938888888888889,0.7142857142857143
2026-01-07,ZON-083,mini,6,4,0.3333333333333333,3.338888888888889,0.6666666666666667
2026-01-07,ZON-029,auto,3,2,0.3333333333333333,2.9944444444444445,0.6666666666666667
2026-01-07,ZON-037,bike_taxi,2,1,0.5000000000000000,1.4083333333333334,0.5000000000000000
2026-01-07,ZON-054,bike_taxi,3,1,0.6666666666666667,2.077777777777778,0.3333333333333333
2026-01-07,ZON-012,sedan,6,5,0.1666666666666667,2.9722222222222223,0.3333333333333333
2026-01-07,ZON-087,mini,7,3,0.1428571428571429,4.1625,0.1428571428571429
2026-01-07,ZON-041,auto,3,2,0.3333333333333333,1.2055555555555555,0.6666666666666667
2026-01-07,ZON-036,mini,4,3,0.2500000000000000,3.7875,0.2500000000000000
2026-01-07,ZON-094,bike_taxi,6,3,0.1666666666666667,3.2375,0.5000000000000000
2026-01-07,ZON-066,sedan,5,3,0.2000000000000000,3.4875,0.2000000000000000
2026-01-07,ZON-044,auto,8,6,0.1250000000000000,4.092857142857143,0.6250000000000000
2026-01-07,ZON-065,sedan,3,3,0E-16,2.305555555555556,0.3333333333333333
2026-01-07,ZON-020,bike_taxi,3,2,0.3333333333333333,0.8222222222222223,0.6666666666666667
2026-01-07,ZON-090,sedan,3,2,0E-16,4.991666666666666,0.6666666666666667
2026-01-07,ZON-002,auto,5,5,0E-16,3.7766666666666664,0.6000000000000000
2026-01-08,ZON-061,auto,7,5,0.1428571428571429,3.7444444444444445,0.7142857142857143
2026-01-08,ZON-025,mini,4,3,0.2500000000000000,3.808333333333333,0.5000000000000000
2026-01-08,ZON-027,sedan,7,5,0.2857142857142857,3.3047619047619046,0.7142857142857143
2026-01-08,ZON-114,mini,8,7,0.1250000000000000,4.2,0.6250000000000000
2026-01-08,ZON-092,auto,8,5,0.1250000000000000,2.9916666666666667,0.6250000000000000
2026-01-08,ZON-013,mini,6,2,0.6666666666666667,4.633333333333334,0.6666666666666667
2026-01-08,ZON-078,auto,9,4,0.4444444444444444,3.48125,0.7777777777777778
2026-01-08,ZON-015,sedan,7,6,0.1428571428571429,3.8238095238095235,0.8571428571428571
2026-01-08,ZON-007,auto,6,1,0.5000000000000000,5.045833333333333,0.5000000000000000
2026-01-08,ZON-037,mini,4,3,0.2500000000000000,2.2958333333333334,0.7500000000000000
2026-01-08,ZON-040,auto,6,4,0.3333333333333333,3.85,0.3333333333333333
2026-01-08,ZON-079,mini,8,4,0.3750000000000000,4.321428571428571,0.7500000000000000
2026-01-08,ZON-056,auto,3,1,0E-16,4.766666666666667,0.6666666666666667
2026-01-08,ZON-073,auto,5,5,0E-16,4.163333333333333,1.0000000000000000
2026-01-08,ZON-057,mini,3,1,0E-16,2.95,0.6666666666666667
2026-01-08,ZON-074,bike_taxi,4,3,0.2500000000000000,3.6791666666666667,0.7500000000000000
2026-01-08,ZON-035,sedan,5,2,0.4000000000000000,3.6708333333333334,0.8000000000000000
2026-01-08,ZON-077,mini,10,4,0.4000000000000000,4.5875,0.6000000000000000
2026-01-08,ZON-033,sedan,5,5,0E-16,3.77,0.6000000000000000
2026-01-08,ZON-098,auto,3,2,0.3333333333333333,3.9833333333333334,0.6666666666666667
2026-01-08,ZON-082,bike_taxi,4,1,0.7500000000000000,3.433333333333333,0.5000000000000000
2026-01-08,ZON-087,bike_taxi,2,0,0.5000000000000000,4.266666666666667,1.0000000000000000
2026-01-08,ZON-044,sedan,1,0,1.0000000000000000,5.116666666666666,0E-16
2026-01-09,ZON-060,bike_taxi,6,4,0.3333333333333333,3.8472222222222223,0.8333333333333333
2026-01-09,ZON-112,sedan,11,4,0.4545454545454545,2.809259259259259,0.6363636363636364
2026-01-09,ZON-058,auto,3,1,0.6666666666666667,4.527777777777778,0.6666666666666667
2026-01-09,ZON-021,sedan,2,2,0E-16,4.241666666666666,0.5000000000000000
2026-01-09,ZON-023,sedan,4,3,0.2500000000000000,2.925,0.5000000000000000
2026-01-09,ZON-087,bike_taxi,2,1,0.5000000000000000,4.166666666666667,0E-16
2026-01-09,ZON-116,auto,6,4,0.3333333333333333,3.3777777777777778,0.5000000000000000
2026-01-09,ZON-093,bike_taxi,5,4,0.2000000000000000,4.336666666666667,0.4000000000000000
2026-01-09,ZON-102,bike_taxi,8,7,0.1250000000000000,4.508333333333334,0.8750000000000000
2026-01-09,ZON-012,sedan,4,3,0E-16,4.444444444444445,0.7500000000000000
2026-01-09,ZON-105,mini,12,8,0.1666666666666667,4.08,0.4166666666666667
2026-01-09,ZON-004,bike_taxi,3,1,0.6666666666666667,1.6111111111111112,0.3333333333333333
2026-01-09,ZON-089,sedan,2,1,0.5000000000000000,3.5083333333333333,0.5000000000000000
2026-01-09,ZON-068,sedan,7,2,0.4285714285714286,3.6666666666666665,0.5714285714285714
2026-01-10,ZON-105,sedan,5,4,0.2000000000000000,4.023333333333333,0.8000000000000000
2026-01-10,ZON-054,auto,6,2,0.1666666666666667,2.911111111111111,0.3333333333333333
2026-01-10,ZON-095,mini,12,8,0.1666666666666667,3.1733333333333333,0.5000000000000000
2026-01-10,ZON-099,mini,10,6,0.3000000000000000,3.5833333333333335,0.6000000000000000
2026-01-10,ZON-110,bike_taxi,5,3,0.4000000000000000,3.753333333333333,0.4000000000000000
2026-01-10,ZON-073,sedan,6,5,0.1666666666666667,3.888888888888889,0.5000000000000000
2026-01-10,ZON-044,mini,8,5,0.2500000000000000,4.280952380952381,0.3750000000000000
2026-01-10,ZON-004,auto,7,6,0.1428571428571429,4.690476190476191,0.5714285714285714
2026-01-10,ZON-046,mini,8,5,0.2500000000000000,3.938095238095238,0.8750000000000000
2026-01-10,ZON-120,mini,8,3,0.5000000000000000,3.957142857142857,0.2500000000000000
2026-01-10,ZON-099,sedan,4,1,0.5000000000000000,3.3722222222222222,1.0000000000000000
2026-01-10,ZON-016,auto,9,3,0.3333333333333333,3.025,0.2222222222222222
2026-01-10,ZON-060,sedan,2,0,0.5000000000000000,1.7,1.0000000000000000
2026-01-10,ZON-078,auto,6,3,0.3333333333333333,3.8800000000000003,0.6666666666666667
2026-01-10,ZON-098,auto,5,1,0.6000000000000000,3.279166666666667,0.2000000000000000
2026-01-10,ZON-030,sedan,5,4,0.2000000000000000,6.013333333333334,0.8000000000000000
2026-01-10,ZON-091,bike_taxi,6,4,0E-16,3.2291666666666665,0.3333333333333333
2026-01-10,ZON-043,auto,6,5,0.1666666666666667,4.1,1.0000000000000000
2026-01-10,ZON-108,auto,5,4,0.2000000000000000,4.126666666666667,0.6000000000000000
2026-01-11,ZON-013,mini,7,4,0.1428571428571429,4.4399999999999995,0.2857142857142857
2026-01-11,ZON-102,mini,5,4,0E-16,4.029166666666667,0.2000000000000000
2026-01-11,ZON-053,mini,9,6,0.2222222222222222,4.141666666666667,0.5555555555555556
2026-01-11,ZON-001,mini,11,7,0.3636363636363636,3.8712121212121215,0.6363636363636364
2026-01-11,ZON-017,bike_taxi,5,2,0.4000000000000000,4.054166666666666,0.8000000000000000
2026-01-11,ZON-044,sedan,5,4,0E-16,2.9125,0.6000000000000000
2026-01-11,ZON-033,auto,2,2,0E-16,4.766666666666667,1.0000000000000000
2026-01-11,ZON-106,sedan,3,2,0E-16,4.483333333333333,1.0000000000000000
2026-01-11,ZON-066,auto,6,1,0.3333333333333333,3.655555555555556,0.5000000000000000
2026-01-11,ZON-118,mini,7,6,0E-16,2.1166666666666667,0.4285714285714286
2026-01-11,ZON-059,auto,7,2,0.2857142857142857,1.7916666666666667,0.5714285714285714
2026-01-11,ZON-068,bike_taxi,2,2,0E-16,2.4916666666666667,0.5000000000000000
2026-01-11,ZON-062,sedan,1,1,0E-16,0.6666666666666666,0E-16
2026-01-12,ZON-080,auto,5,4,0.2000000000000000,3.853333333333333,0.2000000000000000
2026-01-12,ZON-057,sedan,2,2,0E-16,3.2333333333333334,0.5000000000000000
2026-01-12,ZON-102,auto,9,6,0.3333333333333333,3.683333333333333,0.5555555555555556
2026-01-12,ZON-044,sedan,8,7,0.1250000000000000,3.370833333333333,0.7500000000000000
2026-01-12,ZON-068,mini,8,3,0.3750000000000000,4.825,0.6250000000000000
2026-01-12,ZON-059,mini,7,6,0.1428571428571429,4.6,0.4285714285714286
2026-01-12,ZON-081,mini,5,4,0.2000000000000000,5.02,0.4000000000000000
2026-01-12,ZON-111,bike_taxi,4,1,0.5000000000000000,3.655555555555556,1.0000000000000000
2026-01-12,ZON-082,mini,10,6,0.4000000000000000,4.16,0.4000000000000000
2026-01-12,ZON-054,auto,9,6,0E-16,2.694444444444444,0.5555555555555556
2026-01-12,ZON-116,sedan,4,3,0.2500000000000000,3.441666666666667,0.7500000000000000
2026-01-13,ZON-018,auto,9,5,0.4444444444444444,3.3777777777777778,0.6666666666666667
2026-01-13,ZON-116,sedan,4,2,0.2500000000000000,2.1166666666666667,0.2500000000000000
2026-01-13,ZON-114,sedan,6,3,0.5000000000000000,3.3916666666666666,0.3333333333333333
2026-01-13,ZON-100,sedan,7,5,0.1428571428571429,5.336111111111111,0.5714285714285714
2026-01-13,ZON-055,mini,9,5,0.1111111111111111,3.9722222222222223,0.4444444444444444
2026-01-13,ZON-104,sedan,6,5,0E-16,5.026666666666667,0.3333333333333333
2026-01-13,ZON-103,mini,7,3,0.4285714285714286,1.8027777777777778,0.4285714285714286
2026-01-13,ZON-109,auto,10,7,0.2000000000000000,3.4074074074074074,0.7000000000000000
2026-01-13,ZON-020,mini,10,7,0.2000000000000000,4.294444444444445,0.5000000000000000
2026-01-13,ZON-038,bike_taxi,2,1,0.5000000000000000,4.958333333333333,1.0000000000000000
2026-01-13,ZON-004,sedan,5,3,0.2000000000000000,3.4791666666666665,0.4000000000000000
2026-01-13,ZON-056,auto,12,9,0.2500000000000000,4.436111111111112,0.6666666666666667
2026-01-13,ZON-086,sedan,2,2,0E-16,3.683333333333333,0.5000000000000000
2026-01-13,ZON-005,mini,11,8,0.2727272727272727,3.953030303030303,0.6363636363636364
2026-01-13,ZON-111,auto,8,4,0.2500000000000000,3.6666666666666665,0.5000000000000000
2026-01-13,ZON-031,auto,9,5,0.4444444444444444,3.475925925925926,0.6666666666666667
2026-01-13,ZON-043,auto,6,3,0.3333333333333333,3.5233333333333334,0.6666666666666667
2026-01-13,ZON-077,sedan,6,5,0.1666666666666667,3.9722222222222223,0.5000000000000000
2026-01-13,ZON-082,bike_taxi,7,4,0.4285714285714286,3.604761904761905,0.4285714285714286
2026-01-13,ZON-066,mini,2,1,0.5000000000000000,3.4833333333333334,1.0000000000000000
2026-01-13,ZON-059,sedan,4,2,0.5000000000000000,5.05,0.7500000000000000
2026-01-13,ZON-076,sedan,3,3,0E-16,3.194444444444444,0.3333333333333333
2026-01-14,ZON-013,auto,10,6,0.3000000000000000,3.9185185185185185,0.8000000000000000
2026-01-14,ZON-076,sedan,4,3,0.2500000000000000,4.9625,0.5000000000000000
2026-01-14,ZON-068,mini,10,5,0.2000000000000000,3.1,0.1000000000000000
2026-01-14,ZON-058,sedan,3,1,0.6666666666666667,3.5444444444444443,0.6666666666666667
2026-01-14,ZON-031,sedan,3,3,0E-16,3.5055555555555555,0.6666666666666667
2026-01-14,ZON-113,sedan,4,2,0.2500000000000000,2.838888888888889,1.0000000000000000
2026-01-14,ZON-077,auto,7,2,0.1428571428571429,5.05,0.4285714285714286
2026-01-14,ZON-096,bike_taxi,4,4,0E-16,1.9916666666666667,0.7500000000000000
2026-01-14,ZON-084,bike_taxi,4,3,0.2500000000000000,3.2416666666666667,0.2500000000000000
2026-01-14,ZON-047,bike_taxi,8,4,0.3750000000000000,3.104761904761905,0.6250000000000000
2026-01-14,ZON-049,sedan,5,4,0.2000000000000000,3.953333333333333,0.4000000000000000
2026-01-14,ZON-021,bike_taxi,4,4,0E-16,3.504166666666667,0.5000000000000000
2026-01-14,ZON-100,sedan,2,2,0E-16,3.9583333333333335,1.0000000000000000
2026-01-01,ZON-031,mini,5,3,0.4000000000000000,3.3800000000000003,0.8000000000000000
2026-01-01,ZON-014,mini,5,3,0.4000000000000000,5.076666666666667,0.6000000000000000
2026-01-01,ZON-102,sedan,5,3,0.2000000000000000,3.475,0.6000000000000000
2026-01-01,ZON-042,mini,9,6,0.3333333333333333,3.6425925925925924,0.7777777777777778
2026-01-01,ZON-066,bike_taxi,8,5,0.2500000000000000,4.697619047619047,0.6250000000000000
2026-01-01,ZON-067,sedan,5,3,0.4000000000000000,4.71,0.4000000000000000
2026-01-01,ZON-040,mini,5,2,0.4000000000000000,4.2375,0.6000000000000000
2026-01-01,ZON-035,auto,8,6,0.1250000000000000,4.719047619047619,0.6250000000000000
2026-01-01,ZON-028,auto,6,5,0.1666666666666667,2.4277777777777776,0.5000000000000000
2026-01-01,ZON-046,sedan,5,2,0.2000000000000000,3.183333333333333,0.8000000000000000
2026-01-01,ZON-086,auto,8,6,0.2500000000000000,3.9791666666666665,0.2500000000000000
2026-01-01,ZON-006,bike_taxi,3,2,0.3333333333333333,1.2388888888888887,0.3333333333333333
2026-01-01,ZON-017,sedan,8,2,0.3750000000000000,3.6533333333333333,0.7500000000000000
2026-01-01,ZON-088,bike_taxi,4,1,0.2500000000000000,3.658333333333333,1.0000000000000000
2026-01-01,ZON-076,auto,5,3,0.4000000000000000,3.283333333333333,0.4000000000000000
2026-01-01,ZON-099,bike_taxi,4,1,0.5000000000000000,3.65,0.7500000000000000
2026-01-01,ZON-062,sedan,6,3,0.5000000000000000,2.8972222222222226,0.6666666666666667
2026-01-01,ZON-089,sedan,4,3,0E-16,4.166666666666667,0.7500000000000000
2026-01-01,ZON-103,auto,2,2,0E-16,3.875,0E-16
2026-01-01,ZON-061,bike_taxi,5,3,0.2000000000000000,4.9875,0.4000000000000000
2026-01-01,ZON-085,bike_taxi,1,1,0E-16,5.45,0E-16
2026-01-01,ZON-011,mini,5,5,0E-16,3.046666666666667,0.4000000000000000
2026-01-01,ZON-089,bike_taxi,5,3,0.2000000000000000,3.675,0.2000000000000000
2026-01-01,ZON-014,bike_taxi,3,2,0E-16,3.925,0E-16
2026-01-02,ZON-062,mini,6,5,0.1666666666666667,2.033333333333333,0.5000000000000000
2026-01-02,ZON-042,sedan,10,8,0.1000000000000000,3.192592592592592,0.4000000000000000
2026-01-02,ZON-085,auto,5,3,0.2000000000000000,3.5708333333333333,0.4000000000000000
2026-01-02,ZON-070,auto,6,3,0.1666666666666667,3.7875,0.3333333333333333
2026-01-02,ZON-006,mini,10,7,0.3000000000000000,2.9483333333333333,0.3000000000000000
2026-01-02,ZON-037,bike_taxi,5,3,0E-16,2.9555555555555557,0.8000000000000000
2026-01-02,ZON-095,mini,8,6,0E-16,2.7555555555555555,0.5000000000000000
2026-01-02,ZON-052,bike_taxi,9,5,0.3333333333333333,4.866666666666666,0.4444444444444444
2026-01-02,ZON-074,sedan,6,4,0.3333333333333333,3.566666666666667,0.5000000000000000
2026-01-02,ZON-033,bike_taxi,5,5,0E-16,4.376666666666667,0.4000000000000000
2026-01-02,ZON-028,mini,7,3,0.4285714285714286,2.8777777777777778,0.5714285714285714
2026-01-02,ZON-045,mini,7,3,0.1428571428571429,3.15,0.7142857142857143
2026-01-02,ZON-108,sedan,4,3,0.2500000000000000,4.579166666666667,0.2500000000000000
2026-01-02,ZON-104,sedan,2,1,0E-16,2.7,0.5000000000000000
2026-01-03,ZON-072,bike_taxi,4,2,0.2500000000000000,3.444444444444444,0.5000000000000000
2026-01-03,ZON-037,auto,3,1,0.3333333333333333,5.616666666666666,0.6666666666666667
2026-01-03,ZON-042,mini,11,6,0.3636363636363636,3.381666666666667,0.5454545454545455
2026-01-03,ZON-091,bike_taxi,8,4,0.2500000000000000,3.805555555555556,0.5000000000000000
2026-01-03,ZON-052,mini,3,2,0.3333333333333333,1.6833333333333333,1.0000000000000000
2026-01-03,ZON-030,auto,13,9,0.1538461538461538,4.092424242424242,0.3846153846153846
2026-01-03,ZON-105,auto,6,1,0.5000000000000000,4.583333333333333,0.6666666666666667
2026-01-03,ZON-069,sedan,6,5,0.1666666666666667,1.9888888888888887,0.6666666666666667
2026-01-03,ZON-071,mini,6,6,0E-16,4.933333333333334,0.1666666666666667
2026-01-03,ZON-077,mini,6,5,0.1666666666666667,3.925,0.8333333333333333
2026-01-03,ZON-101,bike_taxi,5,1,0.4000000000000000,4.727777777777778,0.4000000000000000
2026-01-03,ZON-054,mini,6,2,0.3333333333333333,5.395833333333333,0.8333333333333333
2026-01-03,ZON-013,bike_taxi,1,1,0E-16,5.65,1.0000000000000000
2026-01-03,ZON-102,sedan,4,2,0.2500000000000000,3.188888888888889,0.7500000000000000
2026-01-03,ZON-117,sedan,5,5,0E-16,2.5733333333333333,0.4000000000000000
2026-01-03,ZON-087,bike_taxi,6,4,0.1666666666666667,3.393333333333333,0.6666666666666667
2026-01-03,ZON-116,mini,3,1,0.6666666666666667,3.961111111111111,0.6666666666666667
2026-01-03,ZON-090,sedan,1,1,0E-16,1.4166666666666667,0E-16
2026-01-04,ZON-025,mini,7,5,0.1428571428571429,4.3,0.4285714285714286
2026-01-04,ZON-071,mini,7,7,0E-16,3.169047619047619,0.5714285714285714
2026-01-04,ZON-026,bike_taxi,6,3,0.1666666666666667,4.379166666666666,0.8333333333333333
2026-01-04,ZON-081,bike_taxi,8,5,0.2500000000000000,3.469047619047619,0.3750000000000000
2026-01-04,ZON-021,mini,9,4,0.4444444444444444,4.6625,0.3333333333333333
2026-01-04,ZON-087,bike_taxi,3,2,0.3333333333333333,3.8944444444444444,0.6666666666666667
2026-01-04,ZON-086,sedan,2,1,0.5000000000000000,4.6,0.5000000000000000
2026-01-04,ZON-050,sedan,8,5,0.2500000000000000,4.697619047619047,0.6250000000000000
2026-01-04,ZON-059,bike_taxi,7,6,0.1428571428571429,3.2738095238095237,0.5714285714285714
2026-01-04,ZON-078,mini,8,3,0.3750000000000000,4.2027777777777775,0.3750000000000000
2026-01-04,ZON-039,bike_taxi,4,2,0.5000000000000000,4.654166666666667,0.7500000000000000
2026-01-04,ZON-056,mini,7,7,0E-16,2.9166666666666665,0.1428571428571429
2026-01-04,ZON-059,auto,10,4,0.6000000000000000,3.68,0.7000000000000000
2026-01-04,ZON-003,auto,3,1,0E-16,0.43333333333333335,0.3333333333333333
2026-01-04,ZON-072,mini,7,4,0.1428571428571429,3.283333333333333,0.7142857142857143
2026-01-04,ZON-055,auto,6,4,0.1666666666666667,4.333333333333333,0.5000000000000000
2026-01-04,ZON-001,sedan,6,5,0.1666666666666667,3.736111111111111,0E-16
2026-01-04,ZON-004,mini,8,5,0.3750000000000000,3.4,0.6250000000000000
2026-01-04,ZON-016,sedan,6,5,0E-16,3.1966666666666668,0.5000000000000000
2026-01-04,ZON-101,sedan,2,2,0E-16,5.916666666666667,1.0000000000000000
2026-01-05,ZON-116,sedan,5,5,0E-16,2.183333333333333,1.0000000000000000
2026-01-05,ZON-071,bike_taxi,5,4,0.2000000000000000,4.28,1.0000000000000000
2026-01-05,ZON-045,auto,7,4,0.2857142857142857,4.655555555555555,0.4285714285714286
2026-01-05,ZON-079,auto,4,4,0E-16,3.4625,1.0000000000000000
2026-01-05,ZON-097,bike_taxi,11,7,0E-16,4.064285714285714,0.4545454545454545
2026-01-05,ZON-021,auto,6,4,0E-16,1.775,0.5000000000000000
2026-01-05,ZON-073,auto,4,4,0E-16,4.154166666666667,0.2500000000000000
2026-01-05,ZON-012,sedan,3,3,0E-16,2.6,0.6666666666666667
2026-01-05,ZON-097,sedan,6,4,0.1666666666666667,4.016666666666667,0.6666666666666667
2026-01-05,ZON-053,bike_taxi,5,4,0.2000000000000000,3.393333333333333,0.6000000000000000
2026-01-05,ZON-118,mini,4,3,0E-16,1.2333333333333334,0.5000000000000000
2026-01-05,ZON-012,mini,4,3,0.2500000000000000,4.683333333333334,0.5000000000000000
2026-01-04,ZON-098,sedan,1,1,0E-16,3.55,0E-16
2026-01-05,ZON-105,sedan,3,1,0.3333333333333333,4.308333333333334,0.3333333333333333
2026-01-05,ZON-006,auto,3,3,0E-16,3.188888888888889,0.6666666666666667
2026-01-06,ZON-006,mini,10,5,0.4000000000000000,3.2981481481481483,0.5000000000000000
2026-01-06,ZON-116,auto,5,4,0.2000000000000000,3.02,0.6000000000000000
2026-01-06,ZON-026,sedan,3,2,0E-16,3.0,0.6666666666666667
2026-01-06,ZON-107,mini,10,4,0.3000000000000000,2.3238095238095235,0.7000000000000000
2026-01-06,ZON-085,bike_taxi,4,3,0.2500000000000000,2.2916666666666665,0.5000000000000000
2026-01-06,ZON-001,sedan,6,4,0.1666666666666667,5.3533333333333335,0.5000000000000000
2026-01-06,ZON-097,bike_taxi,8,5,0.1250000000000000,5.147222222222222,0.2500000000000000
2026-01-06,ZON-113,auto,4,4,0E-16,3.091666666666667,0.5000000000000000
2026-01-06,ZON-053,bike_taxi,6,4,0.1666666666666667,3.8633333333333337,0.5000000000000000
2026-01-06,ZON-060,auto,5,3,0.4000000000000000,3.356666666666667,0.4000000000000000
2026-01-06,ZON-082,mini,3,1,0.3333333333333333,3.808333333333333,0E-16
2026-01-06,ZON-035,bike_taxi,3,3,0E-16,2.1166666666666667,0.6666666666666667
2026-01-06,ZON-032,sedan,2,1,0.5000000000000000,3.45,0E-16
2026-01-06,ZON-053,sedan,4,2,0.5000000000000000,4.525,0.5000000000000000
2026-01-06,ZON-007,bike_taxi,7,6,0.1428571428571429,2.907142857142857,0.7142857142857143
2026-01-06,ZON-034,auto,7,5,0.2857142857142857,3.3785714285714286,0.5714285714285714
2026-01-06,ZON-019,sedan,3,2,0E-16,3.375,0.6666666666666667
2026-01-06,ZON-111,auto,5,3,0.2000000000000000,3.725,0.8000000000000000
2026-01-06,ZON-052,auto,4,3,0.2500000000000000,3.745833333333333,1.0000000000000000
2026-01-06,ZON-028,sedan,4,2,0.5000000000000000,5.591666666666667,0.7500000000000000
2026-01-06,ZON-065,sedan,4,4,0E-16,2.225,0.5000000000000000
2026-01-07,ZON-110,mini,13,6,0.2307692307692308,3.5777777777777775,0.4615384615384615
2026-01-07,ZON-114,auto,4,3,0.2500000000000000,3.9791666666666665,0.5000000000000000
2026-01-07,ZON-094,sedan,4,2,0.5000000000000000,4.2625,1.0000000000000000
2026-01-07,ZON-079,mini,10,5,0.3000000000000000,2.44375,0.5000000000000000
2026-01-07,ZON-063,bike_taxi,7,4,0.2857142857142857,3.1083333333333334,0.2857142857142857
2026-01-07,ZON-097,sedan,6,4,0.3333333333333333,3.513888888888889,0.3333333333333333
2026-01-07,ZON-112,bike_taxi,7,4,0.2857142857142857,4.291666666666667,0.2857142857142857
2026-01-07,ZON-066,bike_taxi,7,1,0.5714285714285714,2.8633333333333337,0.2857142857142857
2026-01-07,ZON-072,auto,9,3,0.6666666666666667,3.4314814814814816,0.5555555555555556
2026-01-07,ZON-002,mini,10,7,0.1000000000000000,4.50625,0.5000000000000000
2026-01-07,ZON-087,bike_taxi,6,3,0.3333333333333333,2.92,0.5000000000000000
2026-01-07,ZON-046,bike_taxi,3,2,0E-16,3.15,0E-16
2026-01-07,ZON-027,mini,4,2,0.2500000000000000,3.1055555555555556,0.7500000000000000
2026-01-07,ZON-028,sedan,6,4,0.1666666666666667,3.9433333333333334,0.3333333333333333
2026-01-07,ZON-051,bike_taxi,2,2,0E-16,2.025,0.5000000000000000
2026-01-07,ZON-108,bike_taxi,3,3,0E-16,2.361111111111111,0.6666666666666667
2026-01-07,ZON-058,mini,11,8,0.1818181818181818,4.073333333333333,0.5454545454545455
2026-01-07,ZON-105,bike_taxi,1,1,0E-16,3.9,0E-16
2026-01-07,ZON-088,bike_taxi,3,1,0.6666666666666667,3.4555555555555557,0E-16
2026-01-07,ZON-092,bike_taxi,5,2,0.2000000000000000,2.1222222222222222,0.4000000000000000
2026-01-07,ZON-067,auto,3,0,0.6666666666666667,4.183333333333334,0.3333333333333333
2026-01-08,ZON-021,mini,10,7,0.2000000000000000,3.559259259259259,0.8000000000000000
2026-01-08,ZON-050,sedan,5,5,0E-16,2.8066666666666666,1.0000000000000000
2026-01-08,ZON-096,bike_taxi,8,3,0.6250000000000000,4.216666666666667,0.6250000000000000
2026-01-08,ZON-065,bike_taxi,6,1,0.5000000000000000,2.8583333333333334,0.8333333333333333
2026-01-08,ZON-082,auto,8,3,0.6250000000000000,4.847916666666666,0.6250000000000000
2026-01-08,ZON-016,auto,8,6,0.2500000000000000,2.504166666666667,0.1250000000000000
2026-01-08,ZON-045,sedan,6,3,0.3333333333333333,3.5233333333333334,0.3333333333333333
2026-01-08,ZON-110,mini,5,3,0.4000000000000000,3.2766666666666664,0.6000000000000000
2026-01-08,ZON-024,sedan,4,1,0.7500000000000000,3.6166666666666667,0.7500000000000000
2026-01-08,ZON-015,mini,6,2,0.6666666666666667,3.7944444444444443,0.8333333333333333
2026-01-08,ZON-052,mini,5,3,0E-16,4.166666666666667,0.8000000000000000
2026-01-08,ZON-015,bike_taxi,2,1,0.5000000000000000,3.3916666666666666,0.5000000000000000
2026-01-08,ZON-094,sedan,9,5,0.2222222222222222,3.0214285714285714,0.2222222222222222
2026-01-08,ZON-004,mini,8,6,0.2500000000000000,3.3979166666666667,0.3750000000000000
2026-01-08,ZON-087,sedan,1,0,1.0000000000000000,0.5333333333333333,0E-16
2026-01-09,ZON-025,sedan,10,6,0.2000000000000000,2.783333333333333,0.6000000000000000
2026-01-09,ZON-099,auto,7,4,0.4285714285714286,4.340476190476191,0.8571428571428571
2026-01-09,ZON-066,mini,9,9,0E-16,3.746296296296296,0.6666666666666667
2026-01-09,ZON-106,auto,7,4,0E-16,4.25,0.5714285714285714
2026-01-09,ZON-046,bike_taxi,7,5,0.2857142857142857,3.038095238095238,0.7142857142857143
2026-01-09,ZON-085,sedan,4,3,0E-16,0.9055555555555556,0.7500000000000000
2026-01-09,ZON-083,sedan,2,2,0E-16,4.383333333333334,1.0000000000000000
2026-01-09,ZON-118,auto,6,2,0.5000000000000000,3.8466666666666667,0.5000000000000000
2026-01-09,ZON-094,auto,13,10,0.1538461538461538,3.4625,0.4615384615384615
2026-01-09,ZON-115,bike_taxi,6,1,0.5000000000000000,3.629166666666667,0.6666666666666667
2026-01-09,ZON-024,mini,8,4,0.2500000000000000,1.4361111111111111,0.3750000000000000
2026-01-09,ZON-096,mini,12,10,0.0833333333333333,3.028787878787879,0.5833333333333333
2026-01-09,ZON-026,sedan,5,4,0.2000000000000000,3.453333333333333,0.2000000000000000
2026-01-09,ZON-006,bike_taxi,4,4,0E-16,2.8333333333333335,0.7500000000000000
2026-01-09,ZON-106,bike_taxi,4,3,0.2500000000000000,3.8291666666666666,0.5000000000000000
2026-01-09,ZON-077,sedan,4,3,0.2500000000000000,3.35,0.5000000000000000
2026-01-09,ZON-114,mini,5,2,0.2000000000000000,1.4,0.6000000000000000
2026-01-09,ZON-090,mini,7,5,0.1428571428571429,3.930555555555556,0.5714285714285714
2026-01-09,ZON-031,auto,4,2,0.5000000000000000,3.370833333333333,0.5000000000000000
2026-01-09,ZON-068,auto,3,3,0E-16,1.1277777777777778,0E-16
2026-01-10,ZON-068,sedan,8,5,0.2500000000000000,3.8285714285714287,0.5000000000000000
2026-01-10,ZON-038,bike_taxi,4,2,0.5000000000000000,4.633333333333334,0.2500000000000000
2026-01-10,ZON-040,bike_taxi,6,2,0.5000000000000000,2.82,0.1666666666666667
2026-01-10,ZON-119,auto,4,3,0.2500000000000000,2.754166666666667,0.5000000000000000
2026-01-10,ZON-087,bike_taxi,6,4,0E-16,3.2375,0.1666666666666667
2026-01-10,ZON-011,mini,6,2,0.5000000000000000,3.643333333333333,0.1666666666666667
2026-01-10,ZON-094,bike_taxi,8,4,0.3750000000000000,4.2404761904761905,0.6250000000000000
2026-01-10,ZON-019,sedan,4,0,0.5000000000000000,5.791666666666667,0.5000000000000000
2026-01-10,ZON-028,bike_taxi,5,3,0.2000000000000000,3.9166666666666665,0.6000000000000000
2026-01-10,ZON-009,auto,5,4,0.2000000000000000,2.3333333333333335,0.2000000000000000
2026-01-10,ZON-103,mini,6,5,0.1666666666666667,2.7472222222222222,0.6666666666666667
2026-01-10,ZON-072,sedan,3,2,0.3333333333333333,4.044444444444444,0.3333333333333333
2026-01-10,ZON-080,bike_taxi,6,4,0.1666666666666667,3.006666666666667,0.6666666666666667
2026-01-10,ZON-116,bike_taxi,4,1,0.7500000000000000,5.1625,0.7500000000000000
2026-01-10,ZON-026,bike_taxi,5,3,0.2000000000000000,4.345833333333333,0.4000000000000000
2026-01-10,ZON-075,auto,6,5,0.1666666666666667,4.288888888888889,0.3333333333333333
2026-01-10,ZON-008,bike_taxi,7,6,0.1428571428571429,2.783333333333333,0.4285714285714286
2026-01-10,ZON-117,sedan,5,3,0.4000000000000000,3.65,0.8000000000000000
2026-01-11,ZON-093,auto,10,8,0.2000000000000000,3.985,0.4000000000000000
2026-01-11,ZON-068,mini,6,4,0.3333333333333333,3.5055555555555555,0.5000000000000000
2026-01-11,ZON-032,auto,7,2,0.4285714285714286,3.77,0.5714285714285714
2026-01-11,ZON-035,sedan,10,7,0.2000000000000000,3.312962962962963,0.7000000000000000
2026-01-11,ZON-060,mini,5,3,0.4000000000000000,4.293333333333334,0.6000000000000000
2026-01-11,ZON-115,mini,9,5,0.2222222222222222,3.2357142857142858,0.6666666666666667
2026-01-11,ZON-004,auto,7,5,0.2857142857142857,4.488095238095238,0.7142857142857143
2026-01-11,ZON-110,bike_taxi,9,6,0.3333333333333333,3.501851851851852,0.5555555555555556
2026-01-11,ZON-112,auto,7,2,0.5714285714285714,2.1416666666666666,0.5714285714285714
2026-01-11,ZON-036,auto,5,4,0E-16,4.841666666666667,0.6000000000000000
2026-01-11,ZON-080,sedan,3,2,0.3333333333333333,2.7666666666666666,0.3333333333333333
2026-01-11,ZON-102,auto,4,3,0.2500000000000000,4.616666666666666,0.5000000000000000
2026-01-11,ZON-020,auto,3,1,0E-16,4.95,1.0000000000000000
2026-01-11,ZON-072,sedan,9,4,0.4444444444444444,4.029166666666667,0.6666666666666667
2026-01-11,ZON-014,sedan,3,3,0E-16,3.533333333333333,0.3333333333333333
2026-01-11,ZON-028,auto,9,4,0.3333333333333333,3.2452380952380953,0.4444444444444444
2026-01-11,ZON-035,auto,3,3,0E-16,3.3222222222222224,0.6666666666666667
2026-01-11,ZON-043,mini,3,3,0E-16,2.161111111111111,0.6666666666666667
2026-01-11,ZON-011,auto,2,1,0.5000000000000000,5.483333333333333,0.5000000000000000
2026-01-12,ZON-108,mini,8,3,0.5000000000000000,3.6666666666666665,0.3750000000000000
2026-01-12,ZON-043,auto,7,6,0E-16,4.638888888888888,0.5714285714285714
2026-01-12,ZON-108,auto,9,6,0.2222222222222222,4.522916666666666,0.6666666666666667
2026-01-12,ZON-110,bike_taxi,11,9,0.1818181818181818,3.859090909090909,0.6363636363636364
2026-01-12,ZON-059,sedan,5,4,0.2000000000000000,3.6199999999999997,0E-16
2026-01-12,ZON-076,auto,6,5,0.1666666666666667,3.1416666666666666,0.5000000000000000
2026-01-12,ZON-098,bike_taxi,6,2,0.5000000000000000,3.4099999999999997,0.3333333333333333
2026-01-12,ZON-009,auto,11,9,0E-16,4.361111111111112,0.5454545454545455
2026-01-12,ZON-085,mini,4,3,0.2500000000000000,3.5416666666666665,0.5000000000000000
2026-01-12,ZON-096,auto,5,4,0.2000000000000000,4.513333333333334,0.8000000000000000
2026-01-12,ZON-033,mini,8,4,0.2500000000000000,3.9777777777777774,0.7500000000000000
2026-01-12,ZON-071,bike_taxi,6,5,0.1666666666666667,3.6972222222222224,0.3333333333333333
2026-01-12,ZON-030,sedan,6,4,0.1666666666666667,3.493333333333333,0.5000000000000000
2026-01-12,ZON-117,mini,2,2,0E-16,3.925,0.5000000000000000
2026-01-12,ZON-002,auto,15,10,0.2000000000000000,4.044871794871795,0.6000000000000000
2026-01-12,ZON-109,sedan,5,4,0.2000000000000000,4.656666666666666,0.8000000000000000
2026-01-12,ZON-041,sedan,2,1,0.5000000000000000,2.3833333333333333,0.5000000000000000
2026-01-12,ZON-101,sedan,2,1,0E-16,3.783333333333333,1.0000000000000000
2026-01-12,ZON-090,sedan,2,1,0.5000000000000000,2.35,0E-16
2026-01-12,ZON-076,mini,9,6,0.2222222222222222,3.40625,0.5555555555555556
2026-01-12,ZON-062,auto,2,1,0.5000000000000000,1.6666666666666667,0E-16
2026-01-12,ZON-093,bike_taxi,2,2,0E-16,1.075,0.5000000000000000
2026-01-11,ZON-100,sedan,1,0,1.0000000000000000,4.716666666666667,1.0000000000000000
2026-01-13,ZON-086,bike_taxi,3,1,0.3333333333333333,4.366666666666666,0.6666666666666667
2026-01-13,ZON-084,mini,4,3,0E-16,3.533333333333333,0.7500000000000000
2026-01-13,ZON-056,bike_taxi,7,7,0E-16,3.969047619047619,0.8571428571428571
2026-01-13,ZON-098,bike_taxi,7,6,0.1428571428571429,4.169047619047619,0.2857142857142857
2026-01-13,ZON-039,sedan,5,4,0E-16,4.441666666666666,0.8000000000000000
2026-01-13,ZON-027,auto,7,5,0E-16,3.7366666666666664,0.7142857142857143
2026-01-13,ZON-036,mini,10,7,0.1000000000000000,4.220833333333333,0.4000000000000000
2026-01-13,ZON-023,auto,9,6,0.2222222222222222,3.902083333333333,0.4444444444444444
2026-01-13,ZON-091,sedan,8,4,0.1250000000000000,4.086666666666667,0.3750000000000000
2026-01-13,ZON-039,auto,4,3,0.2500000000000000,3.725,0.7500000000000000
2026-01-13,ZON-099,mini,9,3,0.5555555555555556,2.3833333333333333,0.5555555555555556
2026-01-13,ZON-070,auto,6,4,0.3333333333333333,3.3916666666666666,0.6666666666666667
2026-01-13,ZON-090,mini,5,4,0E-16,4.075,0.4000000000000000
2026-01-13,ZON-058,mini,6,5,0.1666666666666667,4.672222222222222,0.3333333333333333
2026-01-14,ZON-085,mini,9,7,0E-16,4.121428571428571,0.2222222222222222
2026-01-14,ZON-023,auto,8,8,0E-16,2.3895833333333334,0.2500000000000000
2026-01-14,ZON-033,mini,5,5,0E-16,4.180000000000001,0.8000000000000000
2026-01-14,ZON-046,bike_taxi,6,4,0.1666666666666667,3.01,0.8333333333333333
2026-01-14,ZON-035,mini,8,8,0E-16,3.75625,0.6250000000000000
2026-01-14,ZON-065,sedan,2,1,0.5000000000000000,3.1416666666666666,1.0000000000000000
2026-01-14,ZON-025,auto,4,4,0E-16,4.854166666666667,0.5000000000000000
2026-01-14,ZON-083,mini,9,5,0.2222222222222222,3.9023809523809523,0.6666666666666667
2026-01-14,ZON-041,bike_taxi,2,2,0E-16,3.158333333333333,1.0000000000000000
2026-01-14,ZON-034,auto,6,3,0.3333333333333333,2.94,0.8333333333333333
2026-01-14,ZON-029,mini,7,7,0E-16,4.164285714285715,0.5714285714285714
2026-01-14,ZON-055,sedan,3,2,0E-16,3.9916666666666667,0.3333333333333333
2026-01-14,ZON-101,mini,9,4,0.3333333333333333,3.630952380952381,0.6666666666666667
2026-01-14,ZON-079,bike_taxi,6,2,0.6666666666666667,3.6722222222222225,0.8333333333333333
2026-01-14,ZON-068,auto,2,2,0E-16,6.616666666666666,0.5000000000000000
2026-01-14,ZON-020,auto,2,1,0.5000000000000000,2.2416666666666667,1.0000000000000000
2026-01-01,ZON-112,auto,7,4,0.2857142857142857,4.536111111111111,0.2857142857142857
2026-01-01,ZON-048,mini,4,1,0.5000000000000000,3.15,0.5000000000000000
2026-01-01,ZON-067,bike_taxi,5,5,0E-16,2.4733333333333336,0.4000000000000000
2026-01-01,ZON-008,auto,5,2,0.6000000000000000,3.8833333333333333,0.4000000000000000
2026-01-01,ZON-003,auto,8,2,0.5000000000000000,4.191666666666666,0.5000000000000000
2026-01-01,ZON-036,bike_taxi,8,5,0.2500000000000000,2.7261904761904763,0.6250000000000000
2026-01-01,ZON-047,bike_taxi,6,3,0.5000000000000000,3.813888888888889,0.8333333333333333
2026-01-01,ZON-039,mini,5,3,0E-16,4.411111111111111,0.6000000000000000
2026-01-01,ZON-079,mini,6,2,0.3333333333333333,3.175,0.8333333333333333
2026-01-01,ZON-120,sedan,3,3,0E-16,3.094444444444444,0.6666666666666667
2026-01-01,ZON-048,bike_taxi,1,0,0E-16,,0E-16
2026-01-01,ZON-019,auto,8,7,0.1250000000000000,3.7958333333333334,0.6250000000000000
2026-01-01,ZON-023,sedan,3,2,0.3333333333333333,4.75,0.6666666666666667
2026-01-02,ZON-080,mini,7,6,0E-16,3.463888888888889,0.5714285714285714
2026-01-02,ZON-014,mini,8,3,0.2500000000000000,2.0733333333333333,0.7500000000000000
2026-01-02,ZON-011,bike_taxi,6,0,0.8333333333333333,2.4033333333333333,0.8333333333333333
2026-01-02,ZON-064,bike_taxi,3,0,0.3333333333333333,5.216666666666667,0.3333333333333333
2026-01-02,ZON-096,auto,13,5,0.4615384615384615,3.687878787878788,0.6923076923076923
2026-01-02,ZON-001,bike_taxi,6,3,0.3333333333333333,3.9566666666666666,0.8333333333333333
2026-01-02,ZON-084,bike_taxi,2,1,0.5000000000000000,4.116666666666666,0E-16
2026-01-02,ZON-077,mini,4,3,0E-16,1.777777777777778,0.7500000000000000
2026-01-02,ZON-078,bike_taxi,6,4,0.1666666666666667,4.433333333333334,0.3333333333333333
2026-01-02,ZON-104,auto,12,8,0.1666666666666667,4.341666666666667,0.5833333333333333
2026-01-02,ZON-046,mini,6,5,0.1666666666666667,3.7583333333333333,0.6666666666666667
2026-01-02,ZON-021,auto,10,6,0.3000000000000000,3.6333333333333333,0.9000000000000000
2026-01-02,ZON-057,sedan,6,4,0.3333333333333333,3.9,0.5000000000000000
2026-01-02,ZON-072,sedan,6,4,0.3333333333333333,2.566666666666667,0.5000000000000000
2026-01-02,ZON-087,mini,4,2,0.2500000000000000,3.4277777777777776,0.5000000000000000
2026-01-02,ZON-070,mini,6,3,0.3333333333333333,4.243333333333333,0.5000000000000000
2026-01-02,ZON-009,auto,9,5,0E-16,3.7133333333333334,0.6666666666666667
2026-01-02,ZON-105,auto,4,4,0E-16,4.8,0.7500000000000000
2026-01-02,ZON-082,sedan,2,1,0E-16,6.1,0.5000000000000000
2026-01-02,ZON-089,auto,5,3,0.4000000000000000,2.3466666666666667,0.2000000000000000
2026-01-02,ZON-120,auto,5,1,0.6000000000000000,3.095833333333333,0.6000000000000000
2026-01-03,ZON-039,mini,8,4,0.5000000000000000,5.310416666666667,0.7500000000000000
2026-01-03,ZON-107,sedan,9,6,0.2222222222222222,4.535416666666666,0.6666666666666667
2026-01-03,ZON-039,auto,2,1,0.5000000000000000,2.7666666666666666,0.5000000000000000
2026-01-03,ZON-111,auto,6,4,0.3333333333333333,1.7277777777777779,0.1666666666666667
2026-01-03,ZON-030,mini,10,7,0.2000000000000000,4.368518518518518,0.5000000000000000
2026-01-03,ZON-045,sedan,5,4,0.2000000000000000,2.7333333333333334,0.6000000000000000
2026-01-03,ZON-014,mini,6,5,0E-16,3.85,0.5000000000000000
2026-01-03,ZON-021,bike_taxi,5,3,0.2000000000000000,3.7333333333333334,0.6000000000000000
2026-01-03,ZON-099,mini,7,5,0.1428571428571429,4.441666666666666,1.0000000000000000
2026-01-03,ZON-005,mini,9,4,0.5555555555555556,4.372222222222222,0.2222222222222222
2026-01-03,ZON-038,sedan,7,6,0.1428571428571429,3.3976190476190475,0.7142857142857143
2026-01-03,ZON-101,mini,7,5,0.1428571428571429,3.913888888888889,0.4285714285714286
2026-01-03,ZON-046,auto,4,3,0.2500000000000000,2.8666666666666667,0.2500000000000000
2026-01-03,ZON-015,auto,5,3,0.4000000000000000,3.32,0.8000000000000000
2026-01-03,ZON-105,sedan,4,3,0.2500000000000000,3.5541666666666667,0.7500000000000000
2026-01-03,ZON-056,sedan,2,1,0E-16,3.85,0.5000000000000000
2026-01-03,ZON-028,auto,5,3,0.2000000000000000,3.375,0.6000000000000000
2026-01-03,ZON-010,mini,6,2,0.5000000000000000,2.94,0.1666666666666667
2026-01-03,ZON-045,bike_taxi,3,3,0E-16,2.361111111111111,0.6666666666666667
2026-01-03,ZON-023,sedan,4,4,0E-16,4.283333333333333,0.7500000000000000
2026-01-04,ZON-005,bike_taxi,8,7,0.1250000000000000,4.789583333333334,0.5000000000000000
2026-01-04,ZON-081,mini,10,4,0.4000000000000000,2.5229166666666667,0.5000000000000000
2026-01-04,ZON-105,auto,6,4,0.3333333333333333,3.8027777777777776,0.5000000000000000
2026-01-04,ZON-089,auto,5,5,0E-16,2.393333333333333,0.4000000000000000
2026-01-04,ZON-084,bike_taxi,6,3,0.5000000000000000,4.008333333333334,0.3333333333333333
2026-01-04,ZON-088,auto,5,2,0.6000000000000000,4.546666666666667,0.8000000000000000
2026-01-04,ZON-105,bike_taxi,1,1,0E-16,2.2333333333333334,1.0000000000000000
2026-01-04,ZON-068,bike_taxi,3,1,0E-16,6.45,0E-16
2026-01-04,ZON-093,mini,3,1,0.3333333333333333,1.9333333333333333,0.3333333333333333
2026-01-04,ZON-091,mini,5,3,0.2000000000000000,2.8958333333333335,0.6000000000000000
2026-01-04,ZON-029,sedan,3,2,0E-16,3.475,0.6666666666666667
2026-01-04,ZON-021,bike_taxi,6,5,0.1666666666666667,2.925,0.5000000000000000
2026-01-04,ZON-116,sedan,4,1,0.5000000000000000,3.444444444444444,0.5000000000000000
2026-01-04,ZON-009,bike_taxi,4,3,0E-16,2.8333333333333335,0.7500000000000000
2026-01-04,ZON-115,bike_taxi,3,2,0.3333333333333333,2.966666666666667,0.3333333333333333
2026-01-04,ZON-034,auto,9,7,0.2222222222222222,4.696296296296296,0.4444444444444444
2026-01-04,ZON-082,sedan,3,2,0E-16,2.675,1.0000000000000000
2026-01-04,ZON-019,auto,6,4,0.3333333333333333,4.808333333333334,0.8333333333333333
2026-01-05,ZON-058,mini,12,8,0E-16,4.485416666666667,0.6666666666666667
2026-01-05,ZON-096,bike_taxi,6,5,0.1666666666666667,3.6444444444444444,0.8333333333333333
2026-01-05,ZON-107,sedan,2,1,0.5000000000000000,4.508333333333334,0E-16
2026-01-05,ZON-071,mini,12,9,0.1666666666666667,4.201515151515151,0.4166666666666667
2026-01-05,ZON-037,sedan,6,1,0.3333333333333333,2.6277777777777778,0.8333333333333333
2026-01-05,ZON-004,mini,8,5,0E-16,4.223333333333334,0.6250000000000000
2026-01-05,ZON-113,mini,12,7,0.2500000000000000,3.8633333333333337,0.4166666666666667
2026-01-05,ZON-065,auto,5,4,0.2000000000000000,2.4066666666666667,0.4000000000000000
2026-01-05,ZON-108,bike_taxi,3,2,0.3333333333333333,3.861111111111111,0.3333333333333333
2026-01-05,ZON-040,bike_taxi,6,4,0.3333333333333333,3.1055555555555556,0.3333333333333333
2026-01-05,ZON-065,mini,7,4,0.4285714285714286,3.9047619047619047,0.5714285714285714
2026-01-05,ZON-062,sedan,4,4,0E-16,2.0541666666666667,0.7500000000000000
2026-01-05,ZON-029,sedan,4,3,0.2500000000000000,3.3375,0.7500000000000000
2026-01-05,ZON-067,mini,6,6,0E-16,3.7416666666666667,0.5000000000000000
2026-01-05,ZON-105,mini,9,6,0.2222222222222222,3.410416666666667,0.6666666666666667
2026-01-05,ZON-058,sedan,3,1,0.6666666666666667,2.8777777777777778,1.0000000000000000
2026-01-05,ZON-062,mini,9,6,0.3333333333333333,3.640740740740741,0.5555555555555556
2026-01-05,ZON-007,sedan,4,4,0E-16,3.5625,0.7500000000000000
2026-01-05,ZON-047,mini,4,2,0.5000000000000000,3.3375,0.7500000000000000
2026-01-05,ZON-055,auto,6,5,0E-16,2.93,0.5000000000000000
2026-01-05,ZON-102,auto,5,4,0.2000000000000000,3.066666666666667,0.6000000000000000
2026-01-05,ZON-099,auto,5,4,0E-16,2.0083333333333333,0.8000000000000000
2026-01-05,ZON-113,sedan,1,1,0E-16,1.2333333333333334,1.0000000000000000
2026-01-05,ZON-074,auto,7,4,0.1428571428571429,5.489999999999999,0.4285714285714286
2026-01-05,ZON-033,mini,6,5,0E-16,3.01,0.5000000000000000
2026-01-06,ZON-052,bike_taxi,8,3,0.3750000000000000,3.3777777777777778,0.3750000000000000
2026-01-06,ZON-042,mini,7,6,0.1428571428571429,4.085714285714285,0.5714285714285714
2026-01-06,ZON-070,bike_taxi,8,3,0.5000000000000000,3.35,0.7500000000000000
2026-01-06,ZON-038,auto,9,4,0.4444444444444444,4.875,0.5555555555555556
2026-01-06,ZON-045,bike_taxi,5,3,0.2000000000000000,3.8375,0.6000000000000000
2026-01-06,ZON-042,auto,5,5,0E-16,3.8833333333333333,0.4000000000000000
2026-01-06,ZON-101,bike_taxi,4,2,0.5000000000000000,3.7375,0.5000000000000000
2026-01-06,ZON-071,mini,7,5,0E-16,4.073333333333333,0.4285714285714286
2026-01-06,ZON-006,auto,8,4,0.2500000000000000,3.2222222222222223,0.3750000000000000
2026-01-06,ZON-022,bike_taxi,4,2,0.2500000000000000,4.7444444444444445,0.7500000000000000
2026-01-06,ZON-083,mini,6,3,0.5000000000000000,2.5805555555555557,0.5000000000000000
2026-01-06,ZON-003,auto,5,1,0.6000000000000000,2.8208333333333333,0.4000000000000000
2026-01-06,ZON-071,auto,8,5,0.1250000000000000,3.161111111111111,0.3750000000000000
2026-01-06,ZON-017,sedan,5,5,0E-16,2.783333333333333,0.6000000000000000
2026-01-06,ZON-096,bike_taxi,4,3,0.2500000000000000,4.3875,0.5000000000000000
2026-01-06,ZON-108,auto,4,3,0.2500000000000000,3.9125,0.2500000000000000
2026-01-06,ZON-056,mini,10,6,0.3000000000000000,3.7037037037037037,0.6000000000000000
2026-01-06,ZON-095,sedan,4,2,0.5000000000000000,5.070833333333334,0.5000000000000000
2026-01-06,ZON-054,sedan,3,1,0.6666666666666667,2.4833333333333334,0.6666666666666667
2026-01-06,ZON-110,bike_taxi,4,4,0E-16,3.625,0E-16
2026-01-07,ZON-088,mini,13,7,0.3846153846153846,3.85,0.6923076923076923
2026-01-07,ZON-010,auto,4,1,0.5000000000000000,3.2,0.5000000000000000
2026-01-07,ZON-112,mini,9,6,0.3333333333333333,2.9592592592592593,0.5555555555555556
2026-01-07,ZON-015,bike_taxi,5,3,0.4000000000000000,3.1533333333333333,0.8000000000000000
2026-01-07,ZON-016,bike_taxi,5,3,0.2000000000000000,5.145833333333333,0.4000000000000000
2026-01-07,ZON-063,sedan,7,7,0E-16,3.1,0.5714285714285714
2026-01-07,ZON-017,sedan,4,3,0.2500000000000000,2.2,0.5000000000000000
2026-01-07,ZON-050,bike_taxi,4,2,0.2500000000000000,5.983333333333333,1.0000000000000000
2026-01-07,ZON-016,mini,9,7,0.1111111111111111,3.40625,0.4444444444444444
2026-01-07,ZON-073,sedan,5,4,0.2000000000000000,3.9766666666666666,0.8000000000000000
2026-01-07,ZON-089,mini,8,3,0.5000000000000000,3.5738095238095235,0.6250000000000000
2026-01-07,ZON-063,mini,14,9,0.2857142857142857,3.23974358974359,0.7857142857142857
2026-01-07,ZON-068,sedan,4,2,0E-16,3.825,0.2500000000000000
2026-01-07,ZON-113,sedan,3,2,0.3333333333333333,4.0055555555555555,1.0000000000000000
2026-01-07,ZON-012,mini,4,2,0.2500000000000000,2.138888888888889,0.2500000000000000
2026-01-07,ZON-029,mini,7,4,0.4285714285714286,2.8904761904761904,0.7142857142857143
2026-01-07,ZON-019,auto,4,3,0.2500000000000000,2.566666666666667,0.7500000000000000
2026-01-07,ZON-112,sedan,5,4,0.2000000000000000,3.27,0.6000000000000000
2026-01-07,ZON-020,auto,4,4,0E-16,2.3208333333333333,0.5000000000000000
2026-01-06,ZON-029,sedan,1,0,1.0000000000000000,3.316666666666667,1.0000000000000000
2026-01-08,ZON-073,sedan,4,2,0.5000000000000000,3.754166666666667,1.0000000000000000
2026-01-08,ZON-105,auto,6,4,0.3333333333333333,4.066666666666666,0.6666666666666667
2026-01-08,ZON-046,auto,7,5,0.2857142857142857,2.9857142857142858,0.2857142857142857
2026-01-08,ZON-018,bike_taxi,9,6,0.3333333333333333,4.353703703703704,0.5555555555555556
2026-01-08,ZON-023,sedan,6,2,0.6666666666666667,4.0777777777777775,0.3333333333333333
2026-01-08,ZON-116,auto,5,4,0.2000000000000000,4.016666666666667,0.2000000000000000
2026-01-08,ZON-076,sedan,6,4,0.3333333333333333,2.569444444444444,0.3333333333333333
2026-01-08,ZON-091,mini,6,5,0E-16,3.95,0.8333333333333333
2026-01-08,ZON-119,mini,5,4,0.2000000000000000,3.953333333333333,0.8000000000000000
2026-01-08,ZON-086,sedan,2,0,1.0000000000000000,4.366666666666666,0.5000000000000000
2026-01-08,ZON-117,bike_taxi,5,4,0.2000000000000000,4.75,0.8000000000000000
2026-01-08,ZON-044,auto,5,2,0.4000000000000000,2.1458333333333335,0.8000000000000000
2026-01-08,ZON-066,auto,9,7,0.2222222222222222,3.748148148148148,0.4444444444444444
2026-01-08,ZON-084,bike_taxi,6,4,0.1666666666666667,4.326666666666667,0.6666666666666667
2026-01-08,ZON-052,bike_taxi,4,2,0.5000000000000000,5.0125,0.7500000000000000
2026-01-08,ZON-108,bike_taxi,1,1,0E-16,5.7,1.0000000000000000
2026-01-08,ZON-010,sedan,5,4,0.2000000000000000,4.713333333333334,0.6000000000000000
2026-01-08,ZON-099,mini,7,5,0E-16,4.006666666666667,0.7142857142857143
2026-01-07,ZON-118,sedan,1,1,0E-16,2.6,0E-16
2026-01-08,ZON-013,sedan,5,4,0.2000000000000000,2.3,0.6000000000000000
2026-01-08,ZON-105,sedan,3,1,0.6666666666666667,4.827777777777778,0.6666666666666667
2026-01-08,ZON-062,sedan,3,2,0.3333333333333333,3.05,0.6666666666666667
2026-01-08,ZON-048,bike_taxi,4,1,0.5000000000000000,4.122222222222223,1.0000000000000000
2026-01-08,ZON-001,bike_taxi,2,0,0.5000000000000000,0.8166666666666667,0E-16
2026-01-09,ZON-042,mini,8,2,0.2500000000000000,5.366666666666666,0.6250000000000000
2026-01-09,ZON-016,bike_taxi,6,3,0.3333333333333333,3.1966666666666668,0.1666666666666667
2026-01-09,ZON-097,mini,8,3,0.5000000000000000,4.9,0.3750000000000000
2026-01-09,ZON-098,auto,6,2,0.5000000000000000,3.2666666666666666,0.6666666666666667
2026-01-09,ZON-080,mini,8,4,0.1250000000000000,3.5433333333333334,0.5000000000000000
2026-01-09,ZON-113,auto,3,2,0E-16,2.591666666666667,0.3333333333333333
2026-01-09,ZON-107,sedan,6,4,0.1666666666666667,3.0566666666666666,0.3333333333333333
2026-01-09,ZON-006,sedan,9,8,0.1111111111111111,2.5444444444444443,0.5555555555555556
2026-01-09,ZON-025,mini,7,3,0.2857142857142857,3.7333333333333334,0.5714285714285714
2026-01-09,ZON-004,sedan,4,3,0.2500000000000000,4.491666666666666,0.7500000000000000
2026-01-09,ZON-036,auto,5,4,0.2000000000000000,4.6899999999999995,0.8000000000000000
2026-01-09,ZON-049,bike_taxi,10,5,0.3000000000000000,3.441666666666667,0.8000000000000000
2026-01-09,ZON-039,mini,10,6,0.4000000000000000,3.4699999999999998,0.5000000000000000
2026-01-09,ZON-071,sedan,2,1,0.5000000000000000,5.141666666666667,1.0000000000000000
2026-01-09,ZON-022,bike_taxi,4,3,0.2500000000000000,2.9208333333333334,0.7500000000000000
2026-01-09,ZON-077,auto,7,5,0.1428571428571429,3.316666666666667,0.5714285714285714
2026-01-09,ZON-041,mini,4,4,0E-16,5.066666666666666,1.0000000000000000
2026-01-09,ZON-004,auto,8,5,0.2500000000000000,2.1404761904761904,0.5000000000000000
2026-01-09,ZON-001,sedan,6,4,0.1666666666666667,4.34,0.6666666666666667
2026-01-09,ZON-118,bike_taxi,3,1,0.6666666666666667,4.727777777777778,1.0000000000000000
2026-01-10,ZON-098,bike_taxi,5,3,0.4000000000000000,4.35,0.6000000000000000
2026-01-10,ZON-107,mini,5,1,0.4000000000000000,3.088888888888889,0.8000000000000000
2026-01-10,ZON-030,auto,8,6,0.2500000000000000,4.175,0.7500000000000000
2026-01-10,ZON-069,bike_taxi,5,2,0.2000000000000000,6.422222222222222,0.8000000000000000
2026-01-10,ZON-090,sedan,5,2,0.6000000000000000,4.53,0.2000000000000000
2026-01-10,ZON-046,auto,12,9,0.1666666666666667,4.213636363636364,0.0833333333333333
2026-01-10,ZON-032,mini,10,7,0.1000000000000000,3.3645833333333335,0.4000000000000000
2026-01-10,ZON-087,auto,5,1,0.4000000000000000,2.988888888888889,0.4000000000000000
2026-01-10,ZON-074,mini,4,3,0E-16,4.555555555555555,0.5000000000000000
2026-01-10,ZON-005,auto,3,3,0E-16,4.566666666666666,0.6666666666666667
2026-01-10,ZON-066,auto,8,6,0.1250000000000000,4.145238095238096,0.6250000000000000
2026-01-10,ZON-013,auto,10,7,0.2000000000000000,4.048148148148148,0.8000000000000000
2026-01-10,ZON-006,mini,11,4,0.2727272727272727,3.580952380952381,0.6363636363636364
2026-01-10,ZON-097,sedan,5,3,0.4000000000000000,4.226666666666667,0.8000000000000000
2026-01-10,ZON-057,sedan,3,1,0.3333333333333333,5.608333333333333,0E-16
2026-01-10,ZON-059,bike_taxi,3,2,0.3333333333333333,3.6444444444444444,0.6666666666666667
2026-01-10,ZON-081,sedan,5,4,0.2000000000000000,4.680000000000001,0.2000000000000000
2026-01-10,ZON-077,sedan,1,1,0E-16,1.9333333333333333,1.0000000000000000
2026-01-11,ZON-082,mini,6,4,0.1666666666666667,4.0,0.5000000000000000
2026-01-11,ZON-063,sedan,12,7,0.3333333333333333,3.3893939393939396,0.5000000000000000
2026-01-11,ZON-092,bike_taxi,8,6,0.1250000000000000,2.5214285714285714,0.3750000000000000
2026-01-11,ZON-003,bike_taxi,7,3,0.2857142857142857,3.8400000000000003,0.5714285714285714
2026-01-11,ZON-081,mini,5,3,0.2000000000000000,4.708333333333333,0.8000000000000000
2026-01-11,ZON-119,sedan,2,1,0.5000000000000000,3.7,0E-16
2026-01-11,ZON-069,bike_taxi,5,2,0.4000000000000000,5.1875,0.6000000000000000
2026-01-11,ZON-049,sedan,3,2,0E-16,5.55,0E-16
2026-01-11,ZON-119,bike_taxi,2,2,0E-16,4.841666666666667,0.5000000000000000
2026-01-11,ZON-105,auto,10,4,0.4000000000000000,2.90625,0.7000000000000000
2026-01-11,ZON-100,auto,8,4,0.3750000000000000,3.6904761904761902,0.3750000000000000
2026-01-11,ZON-120,bike_taxi,6,4,0.1666666666666667,1.7033333333333334,0.1666666666666667
2026-01-11,ZON-072,auto,5,3,0E-16,4.388888888888888,0.4000000000000000
2026-01-11,ZON-043,bike_taxi,2,1,0.5000000000000000,5.6,0.5000000000000000
2026-01-11,ZON-115,sedan,1,1,0E-16,3.8,1.0000000000000000
2026-01-11,ZON-103,mini,5,3,0.4000000000000000,3.31,0.4000000000000000
2026-01-11,ZON-027,sedan,8,5,0.3750000000000000,3.3229166666666665,0.5000000000000000
2026-01-11,ZON-040,bike_taxi,5,3,0E-16,2.3,0.2000000000000000
2026-01-11,ZON-013,bike_taxi,4,2,0.2500000000000000,4.577777777777778,0.7500000000000000
2026-01-11,ZON-008,sedan,4,3,0.2500000000000000,3.620833333333333,0.2500000000000000
2026-01-11,ZON-074,auto,6,5,0.1666666666666667,2.9722222222222223,0.5000000000000000
2026-01-11,ZON-081,bike_taxi,3,2,0.3333333333333333,3.288888888888889,0.6666666666666667
2026-01-11,ZON-016,bike_taxi,3,1,0.6666666666666667,3.5222222222222226,0.3333333333333333
2026-01-11,ZON-022,sedan,4,3,0E-16,3.566666666666667,0.7500000000000000
2026-01-11,ZON-082,auto,3,3,0E-16,3.7,0.6666666666666667
2026-01-11,ZON-119,auto,5,4,0.2000000000000000,4.276666666666667,0.8000000000000000
2026-01-11,ZON-098,auto,5,3,0E-16,4.7,0.6000000000000000
2026-01-12,ZON-051,sedan,1,1,0E-16,2.6666666666666665,1.0000000000000000
2026-01-12,ZON-038,auto,7,4,0.1428571428571429,5.576666666666667,0.8571428571428571
2026-01-12,ZON-026,auto,9,8,0.1111111111111111,3.5296296296296297,0.6666666666666667
2026-01-12,ZON-086,auto,8,6,0.1250000000000000,3.3285714285714287,0.5000000000000000
2026-01-12,ZON-030,bike_taxi,6,4,0.3333333333333333,3.1444444444444444,0.6666666666666667
2026-01-12,ZON-118,bike_taxi,8,7,0E-16,3.5214285714285714,0.8750000000000000
2026-01-12,ZON-045,bike_taxi,5,4,0.2000000000000000,3.17,0.8000000000000000
2026-01-12,ZON-028,sedan,5,4,0.2000000000000000,3.81,0.8000000000000000
2026-01-12,ZON-003,sedan,7,3,0.5714285714285714,3.5738095238095235,0.5714285714285714
2026-01-12,ZON-066,mini,3,1,0.3333333333333333,5.366666666666666,0.6666666666666667
2026-01-12,ZON-070,bike_taxi,4,4,0E-16,3.8916666666666666,0.5000000000000000
2026-01-12,ZON-068,bike_taxi,3,2,0.3333333333333333,2.1444444444444444,1.0000000000000000
2026-01-12,ZON-103,bike_taxi,6,4,0.3333333333333333,3.2,0.5000000000000000
2026-01-12,ZON-095,mini,3,2,0E-16,3.216666666666667,1.0000000000000000
2026-01-12,ZON-034,mini,3,2,0.3333333333333333,4.555555555555555,0.6666666666666667
2026-01-12,ZON-034,bike_taxi,3,1,0.3333333333333333,5.666666666666667,0.6666666666666667
2026-01-12,ZON-019,bike_taxi,4,3,0E-16,1.527777777777778,0.2500000000000000
2026-01-12,ZON-119,sedan,3,3,0E-16,1.827777777777778,0.3333333333333333
2026-01-12,ZON-005,mini,7,4,0.4285714285714286,3.1095238095238096,0.8571428571428571
2026-01-12,ZON-106,sedan,5,2,0.6000000000000000,3.1233333333333335,0.4000000000000000
2026-01-12,ZON-029,sedan,5,4,0E-16,4.808333333333334,0.2000000000000000
2026-01-12,ZON-114,sedan,3,1,0.6666666666666667,5.083333333333333,0.3333333333333333
2026-01-12,ZON-081,auto,6,3,0.1666666666666667,3.995833333333333,0.1666666666666667
2026-01-13,ZON-092,mini,7,5,0.2857142857142857,3.2666666666666666,0.5714285714285714
2026-01-13,ZON-087,auto,7,3,0.2857142857142857,4.416666666666667,0.1428571428571429
2026-01-13,ZON-045,sedan,5,3,0.4000000000000000,3.106666666666667,0.4000000000000000
2026-01-13,ZON-100,mini,9,8,0.1111111111111111,3.4277777777777776,0.5555555555555556
2026-01-13,ZON-102,mini,7,4,0.1428571428571429,5.41,0.5714285714285714
2026-01-13,ZON-081,mini,11,8,0.2727272727272727,4.342424242424243,0.1818181818181818
2026-01-13,ZON-006,auto,7,4,0.2857142857142857,3.091666666666667,0.4285714285714286
2026-01-13,ZON-013,bike_taxi,7,5,0.2857142857142857,3.519047619047619,0.8571428571428571
2026-01-13,ZON-111,mini,7,5,0.1428571428571429,4.063888888888889,0.5714285714285714
2026-01-13,ZON-017,mini,3,1,0.3333333333333333,2.6416666666666666,0.6666666666666667
2026-01-13,ZON-012,mini,8,7,0E-16,3.1142857142857143,0.6250000000000000
2026-01-13,ZON-104,mini,7,7,0E-16,3.8642857142857143,0.4285714285714286
2026-01-13,ZON-031,bike_taxi,5,2,0.4000000000000000,3.2625,0.8000000000000000
2026-01-13,ZON-033,sedan,3,2,0.3333333333333333,3.3,0.3333333333333333
2026-01-13,ZON-051,auto,5,4,0E-16,1.9,0.6000000000000000
2026-01-13,ZON-090,sedan,4,1,0.5000000000000000,3.566666666666667,0.7500000000000000
2026-01-13,ZON-062,auto,3,2,0.3333333333333333,2.2555555555555555,0.3333333333333333
2026-01-13,ZON-115,mini,3,2,0E-16,3.85,0.6666666666666667
2026-01-14,ZON-108,mini,9,5,0.4444444444444444,3.6462962962962964,0.2222222222222222
2026-01-14,ZON-039,mini,11,7,0.3636363636363636,3.7560606060606063,0.7272727272727273
2026-01-14,ZON-028,mini,9,5,0.2222222222222222,3.5357142857142856,0.8888888888888889
2026-01-14,ZON-073,mini,11,7,0.2727272727272727,4.788333333333333,0.5454545454545455
2026-01-14,ZON-088,mini,7,7,0E-16,2.2904761904761903,0.1428571428571429
2026-01-14,ZON-086,mini,7,6,0E-16,3.113888888888889,0.4285714285714286
2026-01-14,ZON-026,sedan,2,1,0E-16,4.433333333333334,0.5000000000000000
2026-01-14,ZON-078,mini,11,6,0.4545454545454545,2.7863636363636366,0.3636363636363636
2026-01-14,ZON-109,sedan,5,4,0.2000000000000000,3.61,0.2000000000000000
2026-01-14,ZON-116,auto,9,6,0.2222222222222222,2.68125,0.5555555555555556
2026-01-14,ZON-117,auto,4,3,0E-16,3.6222222222222222,0.5000000000000000
2026-01-14,ZON-110,bike_taxi,3,1,0.3333333333333333,2.7416666666666667,1.0000000000000000
2026-01-14,ZON-114,sedan,2,2,0E-16,4.675,1.0000000000000000
2026-01-14,ZON-097,bike_taxi,3,1,0.3333333333333333,3.8333333333333335,0.6666666666666667
2026-01-14,ZON-088,bike_taxi,3,2,0.3333333333333333,1.8,0.3333333333333333
2026-01-01,ZON-094,mini,6,5,0.1666666666666667,4.411111111111111,0.5000000000000000
2026-01-01,ZON-049,mini,7,5,0.2857142857142857,3.911904761904762,0.2857142857142857
2026-01-01,ZON-108,auto,13,8,0.3076923076923077,2.7041666666666666,0.6153846153846154
2026-01-01,ZON-001,mini,8,5,0.3750000000000000,3.2395833333333335,0.3750000000000000
2026-01-01,ZON-088,mini,6,3,0.1666666666666667,4.454166666666667,0.5000000000000000
2026-01-01,ZON-047,mini,8,5,0.3750000000000000,3.39375,0.6250000000000000
2026-01-01,ZON-088,sedan,3,1,0.3333333333333333,4.008333333333334,0.6666666666666667
2026-01-01,ZON-064,sedan,7,6,0.1428571428571429,5.126190476190476,0.5714285714285714
2026-01-01,ZON-072,sedan,4,4,0E-16,4.0,1.0000000000000000
2026-01-01,ZON-042,bike_taxi,10,5,0.3000000000000000,3.1458333333333335,0.7000000000000000
2026-01-01,ZON-097,sedan,4,2,0E-16,1.275,0.7500000000000000
2026-01-01,ZON-117,auto,5,5,0E-16,4.933333333333334,0.2000000000000000
2026-01-01,ZON-027,sedan,4,3,0E-16,4.533333333333333,1.0000000000000000
2026-01-01,ZON-099,auto,10,7,0.3000000000000000,3.855,0.4000000000000000
2026-01-01,ZON-020,sedan,5,3,0.4000000000000000,2.0633333333333335,0.6000000000000000
2026-01-01,ZON-069,sedan,7,7,0E-16,3.5761904761904764,0.8571428571428571
2026-01-01,ZON-028,mini,6,4,0.1666666666666667,4.283333333333333,0.6666666666666667
2026-01-01,ZON-037,auto,9,4,0.3333333333333333,3.361904761904762,0.6666666666666667
2026-01-01,ZON-045,bike_taxi,4,2,0.2500000000000000,2.95,1.0000000000000000
2026-01-01,ZON-029,mini,5,2,0.4000000000000000,2.6791666666666667,0.6000000000000000
2026-01-01,ZON-022,mini,6,4,0E-16,3.5416666666666665,0.6666666666666667
2026-01-01,ZON-065,auto,5,4,0.2000000000000000,3.4433333333333334,0.6000000000000000
2026-01-01,ZON-005,sedan,3,1,0.3333333333333333,5.05,0.6666666666666667
2026-01-01,ZON-023,auto,10,9,0.1000000000000000,4.201666666666666,0.5000000000000000
2026-01-01,ZON-007,sedan,3,3,0E-16,6.0055555555555555,1.0000000000000000
2026-01-01,ZON-063,mini,6,2,0.5000000000000000,3.6966666666666668,0.5000000000000000
2026-01-01,ZON-033,mini,5,3,0.2000000000000000,4.8125,0.4000000000000000
2026-01-01,ZON-020,auto,5,4,0.2000000000000000,2.99,1.0000000000000000
2026-01-01,ZON-034,mini,7,4,0.4285714285714286,2.471428571428571,0.4285714285714286
2026-01-02,ZON-097,mini,5,4,0.2000000000000000,3.4,0.8000000000000000
2026-01-02,ZON-102,bike_taxi,3,2,0.3333333333333333,5.083333333333333,1.0000000000000000
2026-01-02,ZON-081,bike_taxi,7,3,0.1428571428571429,2.35,0.4285714285714286
2026-01-02,ZON-002,bike_taxi,5,1,0.2000000000000000,3.3666666666666667,0.4000000000000000
2026-01-02,ZON-108,mini,4,2,0.5000000000000000,2.325,0.5000000000000000
2026-01-02,ZON-081,mini,6,1,0.6666666666666667,3.8233333333333333,0.5000000000000000
2026-01-02,ZON-086,sedan,6,3,0.3333333333333333,4.066666666666666,0.5000000000000000
2026-01-02,ZON-114,bike_taxi,5,3,0.2000000000000000,2.308333333333333,0.6000000000000000
2026-01-02,ZON-005,bike_taxi,4,2,0.2500000000000000,3.2444444444444445,0.5000000000000000
2026-01-02,ZON-110,bike_taxi,2,2,0E-16,4.125,0.5000000000000000
2026-01-02,ZON-105,bike_taxi,6,3,0.3333333333333333,4.243333333333333,0.1666666666666667
2026-01-02,ZON-055,sedan,2,2,0E-16,1.2416666666666667,0.5000000000000000
2026-01-02,ZON-031,sedan,2,0,0.5000000000000000,5.683333333333334,0.5000000000000000
2026-01-03,ZON-072,auto,5,4,0.2000000000000000,4.1433333333333335,0.6000000000000000
2026-01-03,ZON-020,mini,10,8,0.2000000000000000,4.153333333333333,0.7000000000000000
2026-01-03,ZON-031,mini,8,6,0.2500000000000000,3.7625,0.3750000000000000
2026-01-03,ZON-060,mini,9,6,0.2222222222222222,4.183333333333334,0.6666666666666667
2026-01-03,ZON-061,auto,7,5,0E-16,4.67,0.7142857142857143
2026-01-03,ZON-051,sedan,9,6,0.2222222222222222,5.075,0.3333333333333333
2026-01-03,ZON-104,auto,8,4,0.3750000000000000,5.2595238095238095,0.6250000000000000
2026-01-03,ZON-027,sedan,3,1,0.6666666666666667,4.094444444444444,0.6666666666666667
2026-01-03,ZON-042,auto,6,4,0.1666666666666667,2.606666666666667,0.6666666666666667
2026-01-03,ZON-090,bike_taxi,2,2,0E-16,1.0083333333333333,0.5000000000000000
2026-01-03,ZON-118,mini,4,2,0.2500000000000000,3.2444444444444445,0.7500000000000000
2026-01-03,ZON-024,sedan,5,2,0.2000000000000000,4.45,0.6000000000000000
2026-01-03,ZON-097,auto,6,3,0.3333333333333333,3.783333333333333,0.3333333333333333
2026-01-02,ZON-113,sedan,2,1,0.5000000000000000,5.933333333333334,0.5000000000000000
2026-01-03,ZON-076,mini,8,6,0.2500000000000000,3.4833333333333334,0.6250000000000000
2026-01-03,ZON-050,auto,4,2,0.5000000000000000,3.8208333333333333,0.2500000000000000
2026-01-04,ZON-035,bike_taxi,5,3,0.4000000000000000,4.23,0.4000000000000000
2026-01-04,ZON-104,sedan,6,3,0.1666666666666667,2.433333333333333,0.3333333333333333
2026-01-04,ZON-086,auto,6,4,0.1666666666666667,4.513333333333334,1.0000000000000000
2026-01-04,ZON-036,auto,9,7,0.1111111111111111,3.66875,0.8888888888888889
2026-01-04,ZON-047,mini,12,9,0.1666666666666667,3.3893939393939396,0.4166666666666667
2026-01-04,ZON-003,sedan,6,4,0.3333333333333333,2.2444444444444445,0.8333333333333333
2026-01-04,ZON-027,mini,8,3,0.2500000000000000,2.05,0.5000000000000000
2026-01-04,ZON-080,mini,5,2,0.4000000000000000,3.566666666666667,0.8000000000000000
2026-01-04,ZON-037,auto,5,4,0E-16,3.6375,0.4000000000000000
2026-01-04,ZON-106,auto,9,6,0.2222222222222222,3.3604166666666666,0.2222222222222222
2026-01-04,ZON-114,auto,5,3,0.4000000000000000,3.3766666666666665,0.6000000000000000
2026-01-04,ZON-119,bike_taxi,2,1,0E-16,4.916666666666667,0.5000000000000000
2026-01-04,ZON-053,sedan,5,3,0.4000000000000000,4.680000000000001,0.8000000000000000
2026-01-05,ZON-014,bike_taxi,3,2,0.3333333333333333,3.4222222222222225,0.3333333333333333
2026-01-05,ZON-105,auto,5,4,0.2000000000000000,2.5233333333333334,0.2000000000000000
2026-01-05,ZON-045,sedan,8,6,0.1250000000000000,3.0952380952380953,0.5000000000000000
2026-01-04,ZON-078,sedan,1,1,0E-16,6.266666666666667,1.0000000000000000
2026-01-05,ZON-061,bike_taxi,6,4,0.1666666666666667,4.656666666666666,0.1666666666666667
2026-01-05,ZON-020,sedan,5,3,0.4000000000000000,3.8699999999999997,0.6000000000000000
2026-01-05,ZON-061,mini,6,4,0.1666666666666667,4.113333333333333,0.6666666666666667
2026-01-05,ZON-029,mini,3,3,0E-16,4.305555555555555,0E-16
2026-01-05,ZON-013,bike_taxi,9,7,0.1111111111111111,3.783333333333333,0.6666666666666667
2026-01-05,ZON-035,auto,5,3,0.4000000000000000,4.206666666666667,0.4000000000000000
2026-01-05,ZON-090,sedan,7,4,0.4285714285714286,2.9023809523809523,0.2857142857142857
2026-01-05,ZON-103,bike_taxi,3,1,0.3333333333333333,3.9583333333333335,0.6666666666666667
2026-01-05,ZON-068,auto,6,4,0.1666666666666667,2.743333333333333,0.5000000000000000
2026-01-05,ZON-062,auto,6,1,0.5000000000000000,2.1333333333333333,0.6666666666666667
2026-01-05,ZON-024,sedan,6,3,0.5000000000000000,3.236111111111111,0.6666666666666667
2026-01-05,ZON-093,mini,6,5,0E-16,3.64,0.6666666666666667
2026-01-05,ZON-111,auto,8,6,0.1250000000000000,4.030952380952381,0.5000000000000000
2026-01-05,ZON-094,bike_taxi,3,1,0.3333333333333333,3.5833333333333335,0.3333333333333333
2026-01-06,ZON-103,sedan,3,1,0.3333333333333333,5.183333333333334,0.3333333333333333
2026-01-06,ZON-046,mini,9,3,0.5555555555555556,4.008333333333334,0.6666666666666667
2026-01-06,ZON-045,auto,9,6,0.2222222222222222,4.410416666666666,0.5555555555555556
2026-01-06,ZON-066,bike_taxi,6,3,0.1666666666666667,3.845833333333333,0.6666666666666667
2026-01-06,ZON-001,auto,8,6,0.2500000000000000,3.2958333333333334,0.3750000000000000
2026-01-06,ZON-093,bike_taxi,7,2,0.5714285714285714,4.266666666666667,0.7142857142857143
2026-01-06,ZON-088,auto,6,4,0.1666666666666667,3.856666666666667,0.6666666666666667
2026-01-06,ZON-078,auto,7,5,0.2857142857142857,3.5142857142857142,0.4285714285714286
2026-01-06,ZON-029,mini,9,5,0.2222222222222222,3.942857142857143,0.4444444444444444
2026-01-06,ZON-053,mini,5,4,0.2000000000000000,5.02,0.4000000000000000
2026-01-06,ZON-051,mini,6,2,0.3333333333333333,4.045833333333333,0.5000000000000000
2026-01-06,ZON-057,bike_taxi,4,2,0E-16,3.1,0.2500000000000000
2026-01-06,ZON-087,auto,3,3,0E-16,2.4833333333333334,0E-16
2026-01-06,ZON-089,sedan,2,1,0.5000000000000000,5.366666666666666,0.5000000000000000
2026-01-06,ZON-116,mini,4,1,0.2500000000000000,6.8,0.5000000000000000
2026-01-06,ZON-096,sedan,4,3,0.2500000000000000,5.445833333333334,0.7500000000000000
2026-01-06,ZON-109,bike_taxi,5,5,0E-16,3.0933333333333333,0.6000000000000000
2026-01-06,ZON-116,sedan,4,2,0.2500000000000000,3.7555555555555555,1.0000000000000000
2026-01-06,ZON-092,bike_taxi,6,3,0.3333333333333333,3.606666666666667,0.8333333333333333
2026-01-06,ZON-117,auto,5,2,0.4000000000000000,4.733333333333333,0.6000000000000000
2026-01-07,ZON-076,mini,12,8,0.1666666666666667,3.21,0.4166666666666667
2026-01-07,ZON-019,mini,9,7,0.1111111111111111,3.2979166666666666,0.5555555555555556
2026-01-07,ZON-030,mini,8,7,0E-16,3.7476190476190476,0.2500000000000000
2026-01-07,ZON-004,bike_taxi,6,3,0.3333333333333333,3.9066666666666667,0.8333333333333333
2026-01-07,ZON-011,auto,9,5,0.3333333333333333,2.1333333333333333,0.7777777777777778
2026-01-07,ZON-030,auto,5,1,0.8000000000000000,3.7933333333333334,0.2000000000000000
2026-01-07,ZON-099,bike_taxi,7,5,0.1428571428571429,4.769444444444445,0.5714285714285714
2026-01-07,ZON-119,sedan,4,2,0.5000000000000000,1.775,0.7500000000000000
2026-01-07,ZON-058,auto,5,4,0E-16,3.2125,0.2000000000000000
2026-01-07,ZON-100,bike_taxi,3,3,0E-16,3.1,0.3333333333333333
2026-01-07,ZON-091,bike_taxi,8,6,0.2500000000000000,3.5833333333333335,0.3750000000000000
2026-01-07,ZON-010,mini,6,2,0.3333333333333333,3.0083333333333333,0.6666666666666667
2026-01-07,ZON-052,sedan,4,2,0.2500000000000000,4.705555555555555,0.2500000000000000
2026-01-07,ZON-034,auto,1,0,1.0000000000000000,5.716666666666667,1.0000000000000000
2026-01-08,ZON-025,bike_taxi,7,4,0.2857142857142857,2.430555555555556,0.5714285714285714
2026-01-08,ZON-110,sedan,5,4,0.2000000000000000,2.5866666666666664,1.0000000000000000
2026-01-08,ZON-016,mini,6,3,0.1666666666666667,6.279166666666667,0.5000000000000000
2026-01-08,ZON-076,mini,6,4,0.1666666666666667,4.2733333333333325,0.6666666666666667
2026-01-08,ZON-051,mini,7,4,0.2857142857142857,5.083333333333333,0.4285714285714286
2026-01-08,ZON-112,mini,12,6,0.4166666666666667,3.1742424242424243,0.8333333333333333
2026-01-08,ZON-085,auto,10,6,0.3000000000000000,2.6074074074074076,0.7000000000000000
2026-01-08,ZON-068,mini,6,3,0.5000000000000000,3.886111111111111,0.5000000000000000
2026-01-08,ZON-085,mini,8,5,0.1250000000000000,2.3722222222222222,0.5000000000000000
2026-01-08,ZON-054,auto,13,6,0.3846153846153846,3.278787878787879,0.3846153846153846
2026-01-08,ZON-117,sedan,5,2,0.6000000000000000,4.87,0.8000000000000000
2026-01-08,ZON-018,auto,8,6,0.1250000000000000,3.678571428571429,0.5000000000000000
2026-01-08,ZON-052,sedan,3,3,0E-16,4.1611111111111105,1.0000000000000000
2026-01-08,ZON-093,sedan,4,2,0.2500000000000000,5.65,0.2500000000000000
2026-01-08,ZON-032,auto,4,4,0E-16,2.341666666666667,0.5000000000000000
2026-01-08,ZON-078,mini,6,4,0.1666666666666667,2.283333333333333,0.6666666666666667
2026-01-08,ZON-111,mini,6,3,0.5000000000000000,3.033333333333333,0.3333333333333333
2026-01-08,ZON-072,mini,4,4,0E-16,3.8291666666666666,0.7500000000000000
2026-01-08,ZON-002,bike_taxi,2,1,0E-16,3.3,0.5000000000000000
2026-01-08,ZON-042,bike_taxi,2,2,0E-16,4.266666666666667,0E-16
2026-01-09,ZON-073,mini,7,4,0.2857142857142857,4.030555555555556,0.7142857142857143
2026-01-09,ZON-109,auto,3,2,0.3333333333333333,4.205555555555556,0.3333333333333333
2026-01-09,ZON-078,sedan,8,4,0.3750000000000000,3.1071428571428568,0.5000000000000000
2026-01-09,ZON-050,bike_taxi,5,2,0.4000000000000000,4.7125,0.2000000000000000
2026-01-09,ZON-116,sedan,6,3,0.3333333333333333,2.83,0.8333333333333333
2026-01-09,ZON-089,auto,6,5,0E-16,3.1199999999999997,0.8333333333333333
2026-01-09,ZON-037,bike_taxi,3,1,0.6666666666666667,2.9555555555555557,0.3333333333333333
2026-01-09,ZON-112,auto,6,2,0.3333333333333333,4.45,0.5000000000000000
2026-01-09,ZON-079,auto,6,5,0.1666666666666667,3.2555555555555555,0.5000000000000000
2026-01-08,ZON-077,sedan,1,1,0E-16,1.0,1.0000000000000000
2026-01-09,ZON-045,auto,9,7,0E-16,5.43095238095238,0.7777777777777778
2026-01-09,ZON-056,sedan,5,3,0.2000000000000000,4.166666666666667,0.6000000000000000
2026-01-09,ZON-071,auto,8,5,0.1250000000000000,3.2416666666666667,0.5000000000000000
2026-01-09,ZON-056,mini,6,3,0E-16,3.844444444444444,0.3333333333333333
2026-01-09,ZON-056,bike_taxi,5,3,0.2000000000000000,3.441666666666667,0.6000000000000000
2026-01-09,ZON-079,bike_taxi,3,2,0.3333333333333333,2.716666666666667,0.3333333333333333
2026-01-09,ZON-087,auto,5,2,0E-16,4.716666666666667,0.4000000000000000
2026-01-10,ZON-096,sedan,11,7,0.1818181818181818,5.157407407407407,0.4545454545454545
2026-01-10,ZON-019,bike_taxi,3,1,0.3333333333333333,3.566666666666667,0.6666666666666667
2026-01-10,ZON-034,sedan,7,4,0.1428571428571429,3.67,0.4285714285714286
2026-01-10,ZON-112,sedan,3,2,0.3333333333333333,2.933333333333333,0.3333333333333333
2026-01-10,ZON-092,bike_taxi,5,3,0E-16,3.094444444444444,0.4000000000000000
2026-01-10,ZON-108,mini,15,9,0.2000000000000000,4.011111111111111,0.6000000000000000
2026-01-10,ZON-117,bike_taxi,4,2,0.2500000000000000,4.455555555555555,0.2500000000000000
2026-01-10,ZON-020,bike_taxi,3,2,0.3333333333333333,3.533333333333333,0.3333333333333333
2026-01-10,ZON-037,auto,5,0,1.0000000000000000,3.0966666666666667,0.6000000000000000
2026-01-10,ZON-120,auto,4,1,0.5000000000000000,3.316666666666667,0.5000000000000000
2026-01-10,ZON-031,auto,8,7,0.1250000000000000,3.347916666666667,0.3750000000000000
2026-01-10,ZON-101,sedan,4,3,0.2500000000000000,4.025,0.7500000000000000
2026-01-10,ZON-048,bike_taxi,7,5,0.1428571428571429,3.1333333333333333,0.5714285714285714
2026-01-10,ZON-024,bike_taxi,3,2,0.3333333333333333,4.388888888888888,0.3333333333333333
2026-01-10,ZON-005,sedan,5,2,0.4000000000000000,2.0791666666666666,0.4000000000000000
2026-01-10,ZON-031,sedan,9,4,0.2222222222222222,2.3472222222222223,0.5555555555555556
2026-01-10,ZON-047,auto,3,3,0E-16,3.4944444444444445,0.3333333333333333
2026-01-10,ZON-045,sedan,4,2,0.5000000000000000,4.704166666666667,0.2500000000000000
2026-01-10,ZON-082,sedan,3,2,0.3333333333333333,4.827777777777778,0.6666666666666667
2026-01-11,ZON-024,sedan,9,5,0.2222222222222222,2.90952380952381,0.8888888888888889
2026-01-11,ZON-045,sedan,7,6,0.1428571428571429,3.6,0.5714285714285714
2026-01-11,ZON-047,sedan,7,5,0.2857142857142857,4.335714285714286,0.2857142857142857
2026-01-11,ZON-063,auto,7,7,0E-16,3.938095238095238,0.7142857142857143
2026-01-11,ZON-066,sedan,5,3,0.2000000000000000,3.0791666666666666,0.6000000000000000
2026-01-11,ZON-002,bike_taxi,5,4,0E-16,2.2125,0.2000000000000000
2026-01-11,ZON-028,mini,9,5,0.3333333333333333,3.191666666666667,0.6666666666666667
2026-01-11,ZON-036,bike_taxi,4,3,0.2500000000000000,3.8375,0.5000000000000000
2026-01-11,ZON-033,sedan,5,3,0.4000000000000000,3.5533333333333332,0.6000000000000000
2026-01-11,ZON-039,sedan,9,4,0.4444444444444444,3.6083333333333334,0.4444444444444444
2026-01-11,ZON-055,bike_taxi,5,2,0.4000000000000000,4.858333333333333,0E-16
2026-01-11,ZON-031,auto,9,3,0.3333333333333333,4.269444444444445,0.4444444444444444
2026-01-11,ZON-072,mini,3,2,0.3333333333333333,3.305555555555556,0E-16
2026-01-11,ZON-029,auto,7,2,0.5714285714285714,2.961111111111111,0.4285714285714286
2026-01-11,ZON-088,auto,6,6,0E-16,4.041666666666667,0.5000000000000000
2026-01-11,ZON-034,mini,7,4,0.2857142857142857,4.0055555555555555,0.4285714285714286
2026-01-11,ZON-079,mini,4,3,0.2500000000000000,2.8666666666666667,0.7500000000000000
2026-01-11,ZON-057,mini,4,3,0.2500000000000000,2.5125,0.5000000000000000
2026-01-10,ZON-091,sedan,1,0,1.0000000000000000,3.4166666666666665,1.0000000000000000
2026-01-12,ZON-100,bike_taxi,5,3,0.2000000000000000,4.454166666666667,0.6000000000000000
2026-01-12,ZON-087,mini,7,3,0.4285714285714286,4.325,0.5714285714285714
2026-01-12,ZON-052,mini,8,5,0.1250000000000000,3.6444444444444444,0.5000000000000000
2026-01-12,ZON-024,auto,9,4,0.2222222222222222,4.405555555555555,0.4444444444444444
2026-01-12,ZON-005,bike_taxi,10,5,0.4000000000000000,3.9833333333333334,0.3000000000000000
2026-01-12,ZON-021,bike_taxi,4,2,0.2500000000000000,3.75,0.2500000000000000
2026-01-12,ZON-020,sedan,5,3,0E-16,3.161111111111111,0.8000000000000000
2026-01-12,ZON-078,mini,6,3,0.3333333333333333,3.9699999999999998,0.6666666666666667
2026-01-12,ZON-032,auto,8,5,0.1250000000000000,3.3777777777777778,0.1250000000000000
2026-01-12,ZON-117,bike_taxi,1,0,1.0000000000000000,1.2166666666666666,0E-16
2026-01-12,ZON-032,mini,10,7,0.3000000000000000,4.7266666666666675,0.6000000000000000
2026-01-12,ZON-039,sedan,5,3,0.2000000000000000,3.466666666666667,0.6000000000000000
2026-01-12,ZON-028,auto,8,7,0.1250000000000000,2.035416666666667,0.7500000000000000
2026-01-12,ZON-088,bike_taxi,4,2,0.5000000000000000,3.2958333333333334,0.5000000000000000
2026-01-12,ZON-040,bike_taxi,4,2,0E-16,4.191666666666666,0.7500000000000000
2026-01-12,ZON-011,bike_taxi,4,2,0.5000000000000000,3.4125,0.5000000000000000
2026-01-12,ZON-094,bike_taxi,3,0,0.6666666666666667,5.125,0E-16
2026-01-12,ZON-022,bike_taxi,5,1,0.4000000000000000,4.166666666666667,0.6000000000000000
2026-01-12,ZON-056,mini,7,5,0.2857142857142857,2.638095238095238,0.5714285714285714
2026-01-12,ZON-086,mini,2,2,0E-16,4.416666666666667,0E-16
2026-01-12,ZON-085,bike_taxi,6,4,0.1666666666666667,2.7233333333333336,0.3333333333333333
2026-01-13,ZON-014,auto,11,6,0.3636363636363636,4.281666666666666,0.6363636363636364
2026-01-13,ZON-034,sedan,6,6,0E-16,3.888888888888889,0.5000000000000000
2026-01-13,ZON-024,auto,9,7,0.2222222222222222,4.544444444444445,0.5555555555555556
2026-01-13,ZON-101,bike_taxi,5,4,0E-16,3.775,1.0000000000000000
2026-01-13,ZON-044,auto,11,5,0.2727272727272727,4.472916666666666,0.7272727272727273
2026-01-13,ZON-044,mini,8,5,0.2500000000000000,4.276190476190476,0.3750000000000000
2026-01-13,ZON-049,auto,8,5,0.2500000000000000,4.252380952380952,0.5000000000000000
2026-01-13,ZON-048,bike_taxi,7,4,0.1428571428571429,4.75,0.7142857142857143
2026-01-13,ZON-013,auto,11,9,0.1818181818181818,4.365151515151515,0.7272727272727273
2026-01-13,ZON-018,bike_taxi,7,4,0.4285714285714286,4.280952380952381,0.7142857142857143
2026-01-13,ZON-095,mini,7,1,0.5714285714285714,2.76,0.7142857142857143
2026-01-13,ZON-025,bike_taxi,5,2,0.4000000000000000,4.65,0.8000000000000000
2026-01-13,ZON-023,sedan,7,4,0.2857142857142857,3.2277777777777774,0.4285714285714286
2026-01-13,ZON-016,mini,5,2,0.4000000000000000,4.245833333333334,0.6000000000000000
2026-01-13,ZON-009,mini,6,3,0.5000000000000000,4.030555555555556,0.6666666666666667
2026-01-13,ZON-078,auto,7,5,0.1428571428571429,2.738888888888889,0.5714285714285714
2026-01-13,ZON-118,auto,5,4,0.2000000000000000,2.893333333333333,0.6000000000000000
2026-01-13,ZON-055,bike_taxi,2,1,0.5000000000000000,3.7083333333333335,0.5000000000000000
2026-01-13,ZON-041,auto,9,3,0.3333333333333333,3.963888888888889,0.5555555555555556
2026-01-13,ZON-069,auto,3,1,0.6666666666666667,5.294444444444445,0.6666666666666667
2026-01-13,ZON-105,bike_taxi,2,1,0E-16,4.766666666666667,0.5000000000000000
2026-01-13,ZON-050,bike_taxi,5,3,0.2000000000000000,4.566666666666666,0.4000000000000000
2026-01-13,ZON-096,auto,3,2,0E-16,2.85,1.0000000000000000
2026-01-14,ZON-099,mini,6,4,0.3333333333333333,3.191666666666667,0.8333333333333333
2026-01-14,ZON-006,auto,7,5,0E-16,3.1366666666666663,0.4285714285714286
2026-01-14,ZON-089,auto,7,2,0.5714285714285714,4.15,0.5714285714285714
2026-01-14,ZON-071,bike_taxi,4,2,0.2500000000000000,3.183333333333333,0.5000000000000000
2026-01-14,ZON-018,auto,2,1,0.5000000000000000,5.175,0.5000000000000000
2026-01-14,ZON-098,auto,7,4,0.2857142857142857,3.7277777777777774,0.7142857142857143
2026-01-14,ZON-066,bike_taxi,11,8,0.2727272727272727,4.253030303030303,0.3636363636363636
2026-01-14,ZON-093,bike_taxi,8,3,0.2500000000000000,3.296666666666667,0.8750000000000000
2026-01-14,ZON-118,auto,8,3,0.6250000000000000,3.6375,0.8750000000000000
2026-01-14,ZON-071,auto,6,4,0.1666666666666667,4.323333333333333,0.1666666666666667
2026-01-14,ZON-073,auto,11,10,0.0909090909090909,3.721212121212121,0.7272727272727273
2026-01-14,ZON-059,bike_taxi,7,4,0.1428571428571429,2.2233333333333336,0.5714285714285714
2026-01-14,ZON-004,mini,6,3,0.5000000000000000,3.3527777777777774,0.5000000000000000
2026-01-14,ZON-004,auto,6,1,0.6666666666666667,2.993333333333333,0.1666666666666667
2026-01-14,ZON-037,sedan,4,4,0E-16,3.95,0.7500000000000000
2026-01-14,ZON-032,sedan,3,2,0E-16,3.466666666666667,0.3333333333333333
2026-01-14,ZON-080,bike_taxi,8,4,0.3750000000000000,3.3928571428571432,0.6250000000000000
2026-01-14,ZON-043,auto,11,10,0E-16,3.393333333333333,0.7272727272727273
2026-01-14,ZON-085,sedan,3,1,0E-16,2.6666666666666665,0.6666666666666667
2026-01-14,ZON-044,bike_taxi,6,4,0.1666666666666667,4.553333333333333,0.3333333333333333
2026-01-14,ZON-113,mini,2,2,0E-16,3.816666666666667,0.5000000000000000
2026-01-14,ZON-109,mini,7,7,0E-16,3.1333333333333333,0.5714285714285714
2026-01-14,ZON-119,sedan,4,1,0.5000000000000000,1.4444444444444444,0E-16
2026-01-14,ZON-110,mini,10,5,0.2000000000000000,3.3095238095238098,0.6000000000000000
2026-01-14,ZON-022,sedan,3,3,0E-16,2.316666666666667,0.6666666666666667
2026-01-14,ZON-027,sedan,3,1,0.6666666666666667,2.861111111111111,0.3333333333333333
2026-01-14,ZON-020,sedan,2,2,0E-16,3.0166666666666666,0.5000000000000000
2026-01-01,ZON-052,auto,6,2,0.5000000000000000,3.9733333333333336,0.5000000000000000
2026-01-01,ZON-101,mini,10,5,0.5000000000000000,3.981666666666667,0.6000000000000000
2026-01-01,ZON-009,sedan,3,2,0E-16,3.2416666666666667,0.3333333333333333
2026-01-01,ZON-012,auto,11,5,0.1818181818181818,4.440476190476191,0.6363636363636364
2026-01-01,ZON-077,mini,11,9,0.0909090909090909,3.5083333333333333,0.5454545454545455
2026-01-01,ZON-110,auto,9,5,0.3333333333333333,4.135416666666667,0.7777777777777778
2026-01-01,ZON-033,auto,10,8,0.2000000000000000,2.9916666666666667,0.6000000000000000
2026-01-01,ZON-063,sedan,5,4,0.2000000000000000,3.1966666666666668,0.4000000000000000
2026-01-01,ZON-056,bike_taxi,5,5,0E-16,2.496666666666667,0.4000000000000000
2026-01-01,ZON-082,bike_taxi,5,3,0.2000000000000000,5.5125,0.8000000000000000
2026-01-01,ZON-049,auto,10,7,0.2000000000000000,3.746296296296296,0.4000000000000000
2026-01-01,ZON-114,bike_taxi,2,1,0.5000000000000000,3.808333333333333,0.5000000000000000
2026-01-01,ZON-018,sedan,4,2,0E-16,2.775,0.5000000000000000
2026-01-01,ZON-075,auto,4,4,0E-16,3.45,0.5000000000000000
2026-01-01,ZON-059,auto,11,9,0E-16,4.107407407407408,0.4545454545454545
2026-01-01,ZON-001,sedan,2,1,0E-16,4.066666666666666,1.0000000000000000
2026-01-01,ZON-091,bike_taxi,3,2,0.3333333333333333,4.116666666666666,0.6666666666666667
2026-01-01,ZON-007,auto,7,5,0E-16,3.0233333333333334,0.2857142857142857
2026-01-01,ZON-107,bike_taxi,2,1,0.5000000000000000,2.7083333333333335,0E-16
2026-01-02,ZON-078,mini,7,3,0.2857142857142857,3.1266666666666665,0.2857142857142857
2026-01-02,ZON-075,bike_taxi,2,1,0E-16,6.283333333333333,0.5000000000000000
2026-01-02,ZON-030,sedan,4,3,0E-16,2.3666666666666667,0.7500000000000000
2026-01-02,ZON-026,sedan,2,2,0E-16,2.9166666666666665,1.0000000000000000
2026-01-02,ZON-002,mini,5,4,0E-16,2.879166666666667,0.8000000000000000
2026-01-02,ZON-027,sedan,6,5,0E-16,3.3066666666666666,0.5000000000000000
2026-01-02,ZON-023,auto,8,6,0.1250000000000000,4.4642857142857135,0.7500000000000000
2026-01-02,ZON-068,sedan,4,3,0E-16,4.261111111111111,0E-16
2026-01-02,ZON-110,mini,10,5,0.2000000000000000,4.538095238095238,0.8000000000000000
2026-01-02,ZON-039,sedan,2,0,1.0000000000000000,3.6666666666666665,1.0000000000000000
2026-01-02,ZON-030,auto,2,1,0.5000000000000000,1.7583333333333333,1.0000000000000000
2026-01-02,ZON-026,mini,4,2,0.2500000000000000,4.25,0.5000000000000000
2026-01-03,ZON-088,auto,11,7,0.2727272727272727,4.4,0.5454545454545455
2026-01-03,ZON-116,sedan,7,2,0.5714285714285714,2.7444444444444445,0.5714285714285714
2026-01-03,ZON-045,mini,6,2,0.3333333333333333,5.383333333333334,0.5000000000000000
2026-01-03,ZON-036,auto,11,5,0.2727272727272727,3.9229166666666666,0.1818181818181818
2026-01-03,ZON-031,bike_taxi,5,3,0E-16,3.6444444444444444,0.4000000000000000
2026-01-03,ZON-058,bike_taxi,5,4,0.2000000000000000,4.37,0.4000000000000000
2026-01-03,ZON-032,sedan,4,2,0.2500000000000000,4.216666666666667,0.7500000000000000
2026-01-03,ZON-005,sedan,4,3,0.2500000000000000,5.729166666666667,0E-16
2026-01-03,ZON-065,auto,7,3,0.4285714285714286,3.280555555555556,0.8571428571428571
2026-01-03,ZON-093,mini,1,1,0E-16,6.683333333333334,1.0000000000000000
2026-01-03,ZON-028,bike_taxi,5,3,0.4000000000000000,2.54,0.6000000000000000
2026-01-03,ZON-064,bike_taxi,4,3,0E-16,6.55,0.2500000000000000
2026-01-03,ZON-101,auto,3,2,0.3333333333333333,1.5611111111111111,1.0000000000000000
2026-01-03,ZON-112,mini,6,4,0.1666666666666667,4.83,0.3333333333333333
2026-01-04,ZON-008,sedan,6,3,0.3333333333333333,3.4033333333333333,0.6666666666666667
2026-01-04,ZON-083,mini,7,6,0.1428571428571429,3.0214285714285714,0.5714285714285714
2026-01-04,ZON-031,sedan,10,7,0.1000000000000000,2.972916666666667,0.5000000000000000
2026-01-04,ZON-002,bike_taxi,7,7,0E-16,3.45,0.8571428571428571
2026-01-04,ZON-040,auto,8,6,0.1250000000000000,3.316666666666667,0.2500000000000000
2026-01-04,ZON-034,bike_taxi,6,5,0.1666666666666667,3.305555555555556,0.6666666666666667
2026-01-04,ZON-096,auto,5,3,0.4000000000000000,3.3266666666666667,0.8000000000000000
2026-01-04,ZON-102,auto,4,1,0.5000000000000000,1.5388888888888888,0.2500000000000000
2026-01-04,ZON-024,mini,6,2,0.5000000000000000,2.6866666666666665,0.3333333333333333
2026-01-04,ZON-041,sedan,2,1,0.5000000000000000,3.683333333333333,0E-16
2026-01-04,ZON-120,auto,6,6,0E-16,2.0083333333333333,0.3333333333333333
2026-01-04,ZON-072,auto,2,1,0.5000000000000000,2.441666666666667,0.5000000000000000
2026-01-04,ZON-028,bike_taxi,2,0,1.0000000000000000,2.941666666666667,0.5000000000000000
2026-01-04,ZON-066,sedan,6,5,0.1666666666666667,3.65,0.5000000000000000
2026-01-04,ZON-058,auto,7,5,0.2857142857142857,3.7452380952380953,0.8571428571428571
2026-01-04,ZON-073,auto,2,1,0.5000000000000000,2.575,0E-16
2026-01-04,ZON-029,bike_taxi,1,1,0E-16,0.4,1.0000000000000000
2026-01-05,ZON-017,auto,2,2,0E-16,3.8583333333333334,1.0000000000000000
2026-01-05,ZON-027,auto,8,4,0.2500000000000000,4.716666666666667,0.6250000000000000
2026-01-05,ZON-095,mini,9,6,0.1111111111111111,3.74047619047619,0.5555555555555556
2026-01-05,ZON-006,bike_taxi,2,2,0E-16,4.15,1.0000000000000000
2026-01-05,ZON-014,auto,8,4,0.3750000000000000,3.928571428571429,0.5000000000000000
2026-01-05,ZON-022,mini,6,4,0E-16,3.3958333333333335,0.6666666666666667
2026-01-05,ZON-048,sedan,3,1,0.3333333333333333,2.8,0.3333333333333333
2026-01-05,ZON-080,auto,7,6,0E-16,2.825,0.4285714285714286
2026-01-05,ZON-069,bike_taxi,3,1,0E-16,5.6,0.6666666666666667
2026-01-05,ZON-106,auto,8,6,0.2500000000000000,3.470833333333333,0.7500000000000000
2026-01-05,ZON-071,auto,10,6,0.4000000000000000,3.8233333333333333,0.4000000000000000
2026-01-05,ZON-115,auto,3,3,0E-16,3.6722222222222225,0E-16
2026-01-05,ZON-101,sedan,5,4,0.2000000000000000,3.3133333333333335,0.2000000000000000
2026-01-05,ZON-011,auto,8,3,0.3750000000000000,3.075,0.6250000000000000
2026-01-05,ZON-104,sedan,1,1,0E-16,5.683333333333334,1.0000000000000000
2026-01-05,ZON-017,mini,4,2,0.2500000000000000,3.3722222222222222,1.0000000000000000
2026-01-04,ZON-004,auto,1,0,1.0000000000000000,6.0,1.0000000000000000
2026-01-05,ZON-011,sedan,1,1,0E-16,0.7,1.0000000000000000
2026-01-06,ZON-065,mini,8,3,0.6250000000000000,3.9625,0.6250000000000000
2026-01-06,ZON-030,mini,6,4,0.3333333333333333,2.905555555555556,0.5000000000000000
2026-01-06,ZON-085,auto,8,5,0.2500000000000000,3.838095238095238,0.7500000000000000
2026-01-06,ZON-109,mini,6,3,0.3333333333333333,4.306666666666667,0.6666666666666667
2026-01-06,ZON-097,sedan,6,5,0.1666666666666667,4.575,0.6666666666666667
2026-01-06,ZON-013,mini,6,3,0.5000000000000000,4.316666666666666,0.5000000000000000
2026-01-06,ZON-089,auto,7,4,0.2857142857142857,4.758333333333334,0.5714285714285714
2026-01-06,ZON-024,sedan,3,1,0.3333333333333333,3.716666666666667,0.6666666666666667
2026-01-06,ZON-077,sedan,2,0,0.5000000000000000,5.9,0.5000000000000000
2026-01-06,ZON-050,bike_taxi,5,3,0.2000000000000000,3.0875,0.6000000000000000
2026-01-06,ZON-016,bike_taxi,2,2,0E-16,5.533333333333333,1.0000000000000000
2026-01-06,ZON-085,mini,8,6,0.2500000000000000,3.40625,0.5000000000000000
2026-01-06,ZON-058,sedan,6,3,0.1666666666666667,4.954166666666667,0.6666666666666667
2026-01-06,ZON-026,bike_taxi,5,3,0.2000000000000000,4.783333333333333,1.0000000000000000
2026-01-06,ZON-010,bike_taxi,5,3,0.2000000000000000,4.825,0.8000000000000000
2026-01-06,ZON-107,auto,6,6,0E-16,3.408333333333333,0.1666666666666667
2026-01-06,ZON-047,bike_taxi,5,2,0.6000000000000000,3.15,0.4000000000000000
2026-01-06,ZON-042,sedan,3,2,0.3333333333333333,3.638888888888889,0E-16
2026-01-06,ZON-033,bike_taxi,4,4,0E-16,2.495833333333333,0.5000000000000000
2026-01-06,ZON-061,bike_taxi,1,0,1.0000000000000000,4.216666666666667,1.0000000000000000
2026-01-07,ZON-094,auto,11,10,0.0909090909090909,3.8666666666666667,0.3636363636363636
2026-01-07,ZON-076,auto,6,4,0.3333333333333333,4.033333333333333,0.5000000000000000
2026-01-07,ZON-095,sedan,1,0,0E-16,,1.0000000000000000
2026-01-07,ZON-063,auto,6,5,0.1666666666666667,3.2583333333333333,0.6666666666666667
2026-01-07,ZON-018,mini,7,3,0.2857142857142857,3.993333333333333,0.8571428571428571
2026-01-07,ZON-120,mini,8,6,0.1250000000000000,3.3904761904761904,0.3750000000000000
2026-01-07,ZON-067,mini,8,8,0E-16,3.245833333333333,0.3750000000000000
2026-01-07,ZON-093,mini,5,3,0.4000000000000000,4.376666666666667,0.4000000000000000
2026-01-07,ZON-005,mini,6,3,0.1666666666666667,3.55,0.6666666666666667
2026-01-07,ZON-039,auto,5,5,0E-16,5.053333333333333,0.6000000000000000
2026-01-07,ZON-040,sedan,5,3,0.2000000000000000,2.7416666666666667,0.6000000000000000
2026-01-07,ZON-031,bike_taxi,4,1,0.7500000000000000,3.745833333333333,0.7500000000000000
2026-01-07,ZON-048,auto,5,2,0.6000000000000000,2.89,0.8000000000000000
2026-01-07,ZON-048,sedan,3,2,0.3333333333333333,6.194444444444445,0.6666666666666667
2026-01-07,ZON-071,auto,4,3,0E-16,2.694444444444444,0.5000000000000000
2026-01-07,ZON-015,mini,6,4,0.3333333333333333,5.033333333333333,0.3333333333333333
2026-01-08,ZON-013,bike_taxi,7,5,0.1428571428571429,3.136111111111111,0.2857142857142857
2026-01-08,ZON-020,bike_taxi,6,6,0E-16,2.288888888888889,0.6666666666666667
2026-01-08,ZON-097,mini,5,2,0.2000000000000000,3.9722222222222223,0.8000000000000000
2026-01-08,ZON-062,bike_taxi,8,5,0.2500000000000000,2.711904761904762,0.3750000000000000
2026-01-08,ZON-041,auto,4,2,0.2500000000000000,0.55,0.7500000000000000
2026-01-07,ZON-031,sedan,3,2,0.3333333333333333,3.9833333333333334,0.3333333333333333
2026-01-08,ZON-091,bike_taxi,7,5,0E-16,3.6366666666666663,0.5714285714285714
2026-01-08,ZON-053,sedan,1,1,0E-16,6.583333333333333,1.0000000000000000
2026-01-08,ZON-030,bike_taxi,5,2,0.4000000000000000,3.9583333333333335,0.4000000000000000
2026-01-08,ZON-055,auto,8,4,0.1250000000000000,3.7666666666666666,0.5000000000000000
2026-01-08,ZON-089,mini,4,3,0.2500000000000000,4.4625,0.2500000000000000
2026-01-08,ZON-050,bike_taxi,9,6,0.1111111111111111,2.9952380952380953,0.8888888888888889
2026-01-08,ZON-044,bike_taxi,4,4,0E-16,3.1166666666666667,0.7500000000000000
2026-01-08,ZON-090,sedan,4,2,0.2500000000000000,2.0944444444444446,0.2500000000000000
2026-01-08,ZON-054,bike_taxi,2,0,0.5000000000000000,5.983333333333333,1.0000000000000000
2026-01-08,ZON-109,bike_taxi,5,2,0.4000000000000000,3.825,0.8000000000000000
2026-01-08,ZON-014,sedan,2,2,0E-16,1.8,0E-16
2026-01-08,ZON-119,bike_taxi,6,4,0.3333333333333333,3.838888888888889,0.6666666666666667
2026-01-08,ZON-089,auto,3,3,0E-16,3.7555555555555555,0.6666666666666667
2026-01-09,ZON-048,sedan,7,5,0.2857142857142857,3.169047619047619,0.4285714285714286
2026-01-09,ZON-032,mini,7,5,0.1428571428571429,2.136111111111111,0.1428571428571429
2026-01-09,ZON-063,sedan,6,6,0E-16,4.458333333333333,0.8333333333333333
2026-01-09,ZON-009,sedan,3,3,0E-16,1.4666666666666666,1.0000000000000000
2026-01-09,ZON-117,mini,1,0,0E-16,,0E-16
2026-01-09,ZON-088,mini,7,7,0E-16,4.2214285714285715,0.4285714285714286
2026-01-09,ZON-105,sedan,5,2,0.2000000000000000,4.677777777777778,0.8000000000000000
2026-01-09,ZON-083,auto,5,3,0.2000000000000000,4.033333333333333,0.2000000000000000
2026-01-09,ZON-018,mini,6,1,0.5000000000000000,3.7916666666666665,0.5000000000000000
2026-01-09,ZON-103,bike_taxi,6,4,0.3333333333333333,4.122222222222223,0.3333333333333333
2026-01-09,ZON-036,bike_taxi,4,1,0.5000000000000000,1.6666666666666667,0.2500000000000000
2026-01-09,ZON-038,sedan,4,3,0E-16,3.65,0.5000000000000000
2026-01-09,ZON-098,bike_taxi,6,4,0.3333333333333333,3.0083333333333333,0.5000000000000000
2026-01-09,ZON-020,mini,5,3,0.2000000000000000,3.7125,0.6000000000000000
2026-01-09,ZON-075,bike_taxi,5,1,0.4000000000000000,2.2944444444444443,0.2000000000000000
2026-01-09,ZON-001,mini,6,4,0.1666666666666667,4.4366666666666665,0.6666666666666667
2026-01-09,ZON-084,bike_taxi,4,1,0.5000000000000000,3.1222222222222222,0.5000000000000000
2026-01-09,ZON-073,sedan,1,1,0E-16,5.216666666666667,0E-16
2026-01-09,ZON-107,auto,8,6,0.2500000000000000,4.760416666666667,0.6250000000000000
2026-01-09,ZON-084,auto,8,3,0.3750000000000000,3.436111111111111,1.0000000000000000
2026-01-08,ZON-071,bike_taxi,1,1,0E-16,6.833333333333333,0E-16
2026-01-09,ZON-074,auto,2,1,0.5000000000000000,3.2666666666666666,0.5000000000000000
2026-01-09,ZON-059,bike_taxi,3,1,0.6666666666666667,1.577777777777778,0.6666666666666667
2026-01-10,ZON-051,bike_taxi,5,3,0.4000000000000000,2.79,0.4000000000000000
2026-01-10,ZON-092,auto,5,2,0.6000000000000000,4.026666666666666,0.6000000000000000
2026-01-10,ZON-073,auto,8,5,0.1250000000000000,3.3805555555555555,0.3750000000000000
2026-01-10,ZON-047,mini,9,7,0.1111111111111111,3.4145833333333333,0.4444444444444444
2026-01-10,ZON-083,auto,5,4,0.2000000000000000,4.47,0.4000000000000000
2026-01-10,ZON-088,auto,10,7,0.2000000000000000,2.305555555555556,0.5000000000000000
2026-01-10,ZON-119,bike_taxi,3,0,0.6666666666666667,2.808333333333333,1.0000000000000000
2026-01-10,ZON-029,auto,5,4,0E-16,3.925,0.4000000000000000
2026-01-10,ZON-015,mini,9,4,0.3333333333333333,2.842857142857143,0.5555555555555556
2026-01-10,ZON-059,mini,4,4,0E-16,3.4208333333333334,0.5000000000000000
2026-01-10,ZON-054,mini,9,5,0.3333333333333333,3.4604166666666667,0.5555555555555556
2026-01-10,ZON-033,auto,6,5,0.1666666666666667,3.5972222222222223,0.5000000000000000
2026-01-10,ZON-090,auto,6,6,0E-16,4.194444444444445,0.8333333333333333
2026-01-10,ZON-066,sedan,4,2,0.5000000000000000,6.1375,0.7500000000000000
2026-01-10,ZON-097,bike_taxi,1,0,0E-16,,1.0000000000000000
2026-01-10,ZON-079,auto,5,2,0.4000000000000000,6.1375,0.4000000000000000
2026-01-10,ZON-120,sedan,4,4,0E-16,1.9458333333333333,0.5000000000000000
2026-01-10,ZON-115,bike_taxi,3,2,0.3333333333333333,3.194444444444444,0.6666666666666667
2026-01-10,ZON-005,mini,4,2,0.5000000000000000,1.675,0.5000000000000000
2026-01-10,ZON-050,mini,5,4,0E-16,3.45,0.6000000000000000
2026-01-11,ZON-061,mini,7,4,0.4285714285714286,4.173809523809523,0.4285714285714286
2026-01-11,ZON-018,mini,12,6,0.2500000000000000,4.17037037037037,0.5833333333333333
2026-01-11,ZON-007,sedan,4,2,0.2500000000000000,4.233333333333333,1.0000000000000000
2026-01-11,ZON-109,mini,6,4,0.1666666666666667,4.1066666666666665,0.5000000000000000
2026-01-11,ZON-017,auto,4,2,0.2500000000000000,3.211111111111111,1.0000000000000000
2026-01-11,ZON-042,auto,3,2,0.3333333333333333,3.9944444444444445,1.0000000000000000
2026-01-11,ZON-057,sedan,6,2,0.6666666666666667,3.7277777777777774,0.5000000000000000
2026-01-11,ZON-083,mini,3,3,0E-16,5.305555555555555,1.0000000000000000
2026-01-11,ZON-120,mini,12,8,0.3333333333333333,3.975,0.4166666666666667
2026-01-11,ZON-065,bike_taxi,2,2,0E-16,4.425,0.5000000000000000
2026-01-11,ZON-044,bike_taxi,3,2,0E-16,2.966666666666667,0.3333333333333333
2026-01-11,ZON-020,bike_taxi,2,2,0E-16,4.183333333333334,0.5000000000000000
2026-01-11,ZON-089,auto,2,2,0E-16,3.1666666666666665,1.0000000000000000
2026-01-11,ZON-092,sedan,3,3,0E-16,3.738888888888889,0E-16
2026-01-11,ZON-013,auto,6,5,0.1666666666666667,1.7166666666666666,0.3333333333333333
2026-01-12,ZON-058,auto,5,1,0.6000000000000000,4.283333333333333,0.4000000000000000
2026-01-12,ZON-003,auto,7,6,0.1428571428571429,3.7547619047619047,0.7142857142857143
2026-01-12,ZON-113,sedan,4,2,0E-16,2.691666666666667,0.5000000000000000
2026-01-12,ZON-053,mini,8,5,0.3750000000000000,4.88125,0.6250000000000000
2026-01-12,ZON-049,mini,12,9,0.1666666666666667,4.783333333333333,0.5000000000000000
2026-01-12,ZON-065,mini,5,5,0E-16,4.033333333333333,0.4000000000000000
2026-01-12,ZON-064,mini,4,1,0.2500000000000000,5.816666666666666,0.5000000000000000
2026-01-12,ZON-109,bike_taxi,8,4,0.5000000000000000,5.016666666666667,0.6250000000000000
2026-01-12,ZON-052,auto,14,8,0.2142857142857143,3.5060606060606063,0.5000000000000000
2026-01-12,ZON-114,mini,9,4,0.1111111111111111,2.3633333333333337,0.4444444444444444
2026-01-12,ZON-071,auto,6,4,0.3333333333333333,3.813888888888889,0.3333333333333333
2026-01-12,ZON-007,bike_taxi,5,5,0E-16,3.506666666666667,0.4000000000000000
2026-01-12,ZON-027,auto,6,5,0E-16,4.153333333333333,0.5000000000000000
2026-01-12,ZON-086,bike_taxi,5,3,0.2000000000000000,4.0375,0.2000000000000000
2026-01-12,ZON-055,auto,11,6,0.2727272727272727,3.6462962962962964,0.4545454545454545
2026-01-12,ZON-072,bike_taxi,7,5,0.1428571428571429,4.038888888888889,0.5714285714285714
2026-01-11,ZON-009,bike_taxi,2,1,0E-16,2.6666666666666665,0.5000000000000000
2026-01-12,ZON-084,sedan,7,5,0.1428571428571429,3.35,0.5714285714285714
2026-01-12,ZON-095,auto,5,4,0.2000000000000000,3.466666666666667,0.8000000000000000
2026-01-12,ZON-017,sedan,3,2,0.3333333333333333,4.238888888888889,0.6666666666666667
2026-01-12,ZON-055,bike_taxi,4,3,0.2500000000000000,3.65,0.7500000000000000
2026-01-12,ZON-116,mini,4,1,0.2500000000000000,2.4833333333333334,0.5000000000000000
2026-01-12,ZON-117,sedan,4,2,0.2500000000000000,3.111111111111111,0.2500000000000000
2026-01-13,ZON-087,bike_taxi,9,6,0.1111111111111111,3.788095238095238,0.4444444444444444
2026-01-13,ZON-005,bike_taxi,7,3,0.5714285714285714,2.50952380952381,0.5714285714285714
2026-01-13,ZON-033,bike_taxi,5,4,0.2000000000000000,4.66,0.6000000000000000
2026-01-13,ZON-079,sedan,3,2,0E-16,3.3916666666666666,0.3333333333333333
2026-01-13,ZON-054,bike_taxi,6,2,0.3333333333333333,3.2708333333333335,1.0000000000000000
2026-01-13,ZON-096,sedan,4,4,0E-16,4.095833333333333,0.2500000000000000
2026-01-13,ZON-102,bike_taxi,4,2,0E-16,1.0583333333333333,0.5000000000000000
2026-01-13,ZON-107,auto,5,4,0.2000000000000000,2.966666666666667,0.8000000000000000
2026-01-12,ZON-103,sedan,2,2,0E-16,0.5666666666666667,0.5000000000000000
2026-01-13,ZON-090,bike_taxi,4,4,0E-16,2.029166666666667,0.2500000000000000
2026-01-13,ZON-045,mini,10,8,0E-16,3.754166666666667,0.4000000000000000
2026-01-13,ZON-077,mini,3,2,0.3333333333333333,4.022222222222222,0.3333333333333333
2026-01-13,ZON-064,mini,9,8,0.1111111111111111,5.046296296296296,0.5555555555555556
2026-01-13,ZON-112,mini,7,2,0.5714285714285714,3.9277777777777776,0.5714285714285714
2026-01-13,ZON-008,sedan,6,4,0.3333333333333333,4.330555555555555,0.5000000000000000
2026-01-13,ZON-064,bike_taxi,5,4,0.2000000000000000,3.1266666666666665,0.6000000000000000
2026-01-12,ZON-041,auto,1,0,0E-16,,0E-16
2026-01-13,ZON-048,mini,4,1,0.7500000000000000,3.0416666666666665,1.0000000000000000
2026-01-13,ZON-001,mini,4,4,0E-16,4.05,0.7500000000000000
2026-01-13,ZON-049,bike_taxi,4,2,0.2500000000000000,3.9833333333333334,0E-16
2026-01-13,ZON-066,sedan,2,1,0.5000000000000000,3.408333333333333,0E-16
2026-01-14,ZON-001,sedan,6,5,0.1666666666666667,3.308333333333333,0.6666666666666667
2026-01-14,ZON-107,mini,8,3,0.2500000000000000,2.52,0.3750000000000000
2026-01-14,ZON-020,mini,8,4,0.3750000000000000,4.578571428571428,0.7500000000000000
2026-01-14,ZON-006,bike_taxi,4,3,0E-16,4.377777777777778,0.5000000000000000
2026-01-14,ZON-028,sedan,4,4,0E-16,4.5375,1.0000000000000000
2026-01-14,ZON-077,mini,7,2,0.2857142857142857,1.7083333333333333,0.5714285714285714
2026-01-14,ZON-021,sedan,4,3,0.2500000000000000,4.9875,0.7500000000000000
2026-01-14,ZON-014,bike_taxi,7,6,0E-16,2.1777777777777776,0.4285714285714286
2026-01-14,ZON-053,bike_taxi,5,2,0.6000000000000000,4.276666666666667,0.8000000000000000
2026-01-14,ZON-017,mini,5,3,0.4000000000000000,4.173333333333334,0.6000000000000000
2026-01-14,ZON-014,mini,8,4,0.2500000000000000,3.2277777777777774,0.8750000000000000
2026-01-14,ZON-050,mini,7,6,0E-16,3.2083333333333335,0.4285714285714286
2026-01-14,ZON-036,mini,5,4,0.2000000000000000,3.5266666666666664,0.8000000000000000
2026-01-14,ZON-107,bike_taxi,5,1,0.2000000000000000,4.741666666666666,0.6000000000000000
2026-01-14,ZON-089,sedan,9,5,0.3333333333333333,4.4,0.5555555555555556
2026-01-14,ZON-050,auto,5,4,0.2000000000000000,4.816666666666666,0.6000000000000000
2026-01-14,ZON-027,auto,3,3,0E-16,1.5611111111111111,0.6666666666666667
2026-01-14,ZON-108,sedan,6,4,0.1666666666666667,2.8066666666666666,0.8333333333333333
2026-01-14,ZON-070,sedan,5,4,0E-16,3.0833333333333335,0.4000000000000000
2026-01-14,ZON-056,sedan,5,2,0.2000000000000000,5.138888888888888,0.6000000000000000
